timestamp,scenario,ph_air,suhu_air_c,do_mg_l,amonia_mg_l,nitrit_mg_l,nitrat_mg_l,ec_ms_cm,tds_ppm,level_air_pct,suhu_udara_c,kelembapan_pct,intensitas_cahaya_lux,hour_sin,hour_cos,day_sin,day_cos,score_Normal,score_DO rendah,score_Amonia tinggi,score_Nitrit tinggi,score_Nutrisi rendah,score_pH tidak stabil,score_Level air rendah,score_Suhu air tinggi,score_Risiko stres ikan,score_Greenhouse warning,risk_score,risk_level,final_ai_class,ai_status,rf_raw_prediction,rf_prediction,rf_confidence_pct,prob_Amonia tinggi,prob_DO rendah,prob_Level air rendah,prob_Nitrit tinggi,prob_Normal,prob_Nutrisi rendah,prob_Risiko stres ikan,prob_Suhu air tinggi,prob_pH tidak stabil,recommendation,semi_auto_action
2026-05-09 13:00:00,normal,6.93,26.36,7.26,0.099,0.049,41.71,1.397,712.8,93.45,29.3,73.56,35233.0,-0.2588190451025208,-0.9659258262890683,0.7961828637826158,-0.6050560696488488,0.0,0.0,0.0,0.0,0.0,0.0,0.0,0.0,0.0,0.0,0.0,Normal,Normal,Normal,Normal,Normal,98.0,0.2,0.0,0.2,0.0,98.0,0.2,0.0,0.0,1.3,Pertahankan pemantauan; sistem berada dalam rentang aman untuk ikan nila dan selada.,monitoring normal
2026-05-09 14:00:00,normal,6.94,26.46,7.26,0.09,0.068,41.84,1.452,707.5,93.41,28.56,77.13,29353.0,-0.4999999999999997,-0.8660254037844388,0.7961828637826158,-0.6050560696488488,0.0,0.0,0.0,0.0,0.0,0.0,0.0,0.0,0.0,0.0,0.0,Normal,Normal,Normal,Normal,Normal,98.7,0.2,0.0,0.2,0.2,98.7,0.2,0.0,0.0,0.4,Pertahankan pemantauan; sistem berada dalam rentang aman untuk ikan nila dan selada.,monitoring normal
2026-05-09 15:00:00,normal,6.94,26.45,7.38,0.117,0.059,42.21,1.45,724.8,93.38,27.15,78.71,21698.0,-0.7071067811865471,-0.7071067811865479,0.7961828637826158,-0.6050560696488488,0.0,0.0,0.0,0.0,0.0,0.0,0.0,0.0,0.0,0.0,0.0,Normal,Normal,Normal,Normal,Normal,98.9,0.2,0.0,0.2,0.0,98.9,0.0,0.0,0.0,0.6,Pertahankan pemantauan; sistem berada dalam rentang aman untuk ikan nila dan selada.,monitoring normal
2026-05-09 16:00:00,normal,6.96,26.31,7.45,0.124,0.061,41.56,1.478,729.0,93.38,25.86,79.44,12200.0,-0.8660254037844385,-0.5000000000000004,0.7961828637826158,-0.6050560696488488,0.0,0.0,0.0,0.0,0.0,0.0,0.0,0.0,0.0,0.0,0.0,Normal,Normal,Normal,Normal,Normal,99.2,0.2,0.0,0.0,0.0,99.2,0.0,0.0,0.0,0.6,Pertahankan pemantauan; sistem berada dalam rentang aman untuk ikan nila dan selada.,monitoring normal
2026-05-09 17:00:00,normal,6.95,26.27,7.5,0.247,0.072,42.27,1.474,746.0,93.35,24.54,82.88,4855.0,-0.9659258262890683,-0.25881904510252063,0.7961828637826158,-0.6050560696488488,0.0,0.0,0.0,0.0,0.0,0.0,0.0,0.0,0.0,0.28799999999999953,13.0,Normal,Normal,Normal,Normal,Normal,99.0,0.0,0.0,0.0,0.0,99.0,0.0,0.0,0.0,1.0,Pertahankan pemantauan; sistem berada dalam rentang aman untuk ikan nila dan selada.,monitoring normal
2026-05-09 18:00:00,normal,6.95,26.19,7.74,0.229,0.086,42.05,1.476,740.1,93.27,23.15,86.27,481.0,-1.0,-1.8369701987210297e-16,0.7961828637826158,-0.6050560696488488,0.0,0.0,0.0,0.0,0.0,0.0,0.0,0.0,0.0,0.6269999999999996,28.2,Normal,Normal,Normal,Normal,Normal,98.1,0.2,0.0,0.2,0.0,98.1,0.0,0.0,0.0,1.4,Pertahankan pemantauan; sistem berada dalam rentang aman untuk ikan nila dan selada.,monitoring normal
2026-05-09 19:00:00,normal,6.94,26.13,7.71,0.182,0.086,41.27,1.484,753.7,93.22,24.01,90.53,33.0,-0.9659258262890684,0.2588190451025203,0.7961828637826158,-0.6050560696488488,0.0,0.0,0.0,0.0,0.0,0.0,0.0,0.0,0.0,1.0,45.0,Warning,Normal,Normal,Normal,Normal,98.7,0.2,0.0,0.2,0.0,98.7,0.0,0.0,0.0,0.8,Ada parameter mendekati batas; lanjutkan monitoring dan validasi sensor sebelum tindakan besar.,monitoring intensif
2026-05-09 20:00:00,normal,6.96,26.09,7.57,0.189,0.077,41.42,1.505,744.1,93.21,23.5,86.87,65.0,-0.8660254037844386,0.5000000000000001,0.7961828637826158,-0.6050560696488488,0.0,0.0,0.0,0.0,0.0,0.0,0.0,0.0,0.0,0.6870000000000005,30.9,Warning,Normal,Normal,Normal,Normal,99.0,0.2,0.0,0.0,0.0,99.0,0.0,0.0,0.0,0.8,Ada parameter mendekati batas; lanjutkan monitoring dan validasi sensor sebelum tindakan besar.,monitoring intensif
2026-05-09 21:00:00,normal,6.95,25.95,7.7,0.16,0.074,41.55,1.512,758.2,93.15,23.34,87.42,82.0,-0.7071067811865477,0.7071067811865474,0.7961828637826158,-0.6050560696488488,0.0,0.0,0.0,0.0,0.0,0.0,0.0,0.0,0.0,0.7420000000000002,33.4,Warning,Normal,Normal,Normal,Normal,98.5,0.2,0.0,0.2,0.0,98.5,0.0,0.0,0.0,1.0,Ada parameter mendekati batas; lanjutkan monitoring dan validasi sensor sebelum tindakan besar.,monitoring intensif
2026-05-09 22:00:00,normal,6.95,25.98,7.59,0.177,0.073,41.79,1.527,750.3,93.09,23.91,90.01,34.0,-0.5000000000000004,0.8660254037844384,0.7961828637826158,-0.6050560696488488,0.0,0.0,0.0,0.0,0.0,0.0,0.0,0.0,0.0,1.0,45.0,Warning,Normal,Normal,Normal,Normal,98.7,0.2,0.0,0.2,0.0,98.7,0.0,0.0,0.0,0.8,Ada parameter mendekati batas; lanjutkan monitoring dan validasi sensor sebelum tindakan besar.,monitoring intensif
2026-05-09 23:00:00,normal,6.96,25.87,7.58,0.13,0.054,42.01,1.498,755.3,93.05,23.98,86.64,34.0,-0.25881904510252157,0.9659258262890681,0.7961828637826158,-0.6050560696488488,0.0,0.0,0.0,0.0,0.0,0.0,0.0,0.0,0.0,0.664,29.9,Normal,Normal,Normal,Normal,Normal,98.7,0.2,0.0,0.0,0.0,98.7,0.0,0.0,0.0,1.1,Pertahankan pemantauan; sistem berada dalam rentang aman untuk ikan nila dan selada.,monitoring normal
2026-05-10 00:00:00,normal,6.97,25.85,7.76,0.123,0.066,42.11,1.506,754.4,93.06,23.73,86.53,53.0,0.0,1.0,0.7856498550787147,-0.6186714032625031,0.0,0.0,0.0,0.0,0.0,0.0,0.0,0.0,0.0,0.6530000000000001,29.4,Normal,Normal,Normal,Normal,Normal,98.9,0.2,0.0,0.0,0.0,98.9,0.0,0.0,0.0,0.8,Pertahankan pemantauan; sistem berada dalam rentang aman untuk ikan nila dan selada.,monitoring normal
2026-05-10 01:00:00,normal,6.96,25.72,7.56,0.123,0.052,42.2,1.532,747.7,93.01,24.22,87.15,39.0,0.25881904510252074,0.9659258262890683,0.7856498550787147,-0.6186714032625031,0.0,0.0,0.0,0.0,0.0,0.0,0.0,0.0,0.0,0.7150000000000005,32.2,Warning,Normal,Normal,Normal,Normal,98.9,0.2,0.0,0.0,0.0,98.9,0.0,0.0,0.0,0.8,Ada parameter mendekati batas; lanjutkan monitoring dan validasi sensor sebelum tindakan besar.,monitoring intensif
2026-05-10 02:00:00,normal,6.97,25.63,7.79,0.097,0.058,42.08,1.499,743.8,92.98,23.6,88.92,69.0,0.49999999999999994,0.8660254037844387,0.7856498550787147,-0.6186714032625031,0.0,0.0,0.0,0.0,0.0,0.0,0.0,0.0,0.0,0.8920000000000001,40.1,Warning,Normal,Normal,Normal,Normal,99.2,0.2,0.0,0.0,0.0,99.2,0.0,0.0,0.0,0.6,Ada parameter mendekati batas; lanjutkan monitoring dan validasi sensor sebelum tindakan besar.,monitoring intensif
2026-05-10 03:00:00,normal,6.97,25.66,7.69,0.105,0.052,41.45,1.524,752.3,92.91,23.96,87.9,0.0,0.7071067811865476,0.7071067811865476,0.7856498550787147,-0.6186714032625031,0.0,0.0,0.0,0.0,0.0,0.0,0.0,0.0,0.0,0.7900000000000006,35.6,Warning,Normal,Normal,Normal,Normal,98.7,0.2,0.0,0.0,0.0,98.7,0.0,0.0,0.0,1.0,Ada parameter mendekati batas; lanjutkan monitoring dan validasi sensor sebelum tindakan besar.,monitoring intensif
2026-05-10 04:00:00,normal,6.95,25.61,7.7,0.066,0.062,40.96,1.536,754.8,92.9,23.97,87.18,24.0,0.8660254037844386,0.5000000000000001,0.7856498550787147,-0.6186714032625031,0.0,0.0,0.0,0.0,0.0,0.0,0.0,0.0,0.0,0.7180000000000006,32.3,Warning,Normal,Normal,Normal,Normal,98.9,0.2,0.0,0.0,0.0,98.9,0.0,0.0,0.0,0.8,Ada parameter mendekati batas; lanjutkan monitoring dan validasi sensor sebelum tindakan besar.,monitoring intensif
2026-05-10 05:00:00,normal,6.95,25.62,7.75,0.091,0.062,41.51,1.56,769.7,92.87,24.21,86.92,25.0,0.9659258262890683,0.25881904510252074,0.7856498550787147,-0.6186714032625031,0.0,0.0,0.0,0.0,0.0,0.0,0.0,0.0,0.0,0.6920000000000002,31.1,Warning,Normal,Normal,Normal,Normal,99.2,0.2,0.0,0.0,0.0,99.2,0.0,0.0,0.0,0.6,Ada parameter mendekati batas; lanjutkan monitoring dan validasi sensor sebelum tindakan besar.,monitoring intensif
2026-05-10 06:00:00,normal,6.93,25.6,7.77,0.11,0.039,41.62,1.561,790.0,99.0,24.51,86.59,0.0,1.0,6.123233995736766e-17,0.7856498550787147,-0.6186714032625031,0.0,0.0,0.0,0.0,0.0,0.0,0.0,0.0,0.0,0.6590000000000004,29.7,Normal,Normal,Normal,Normal,Normal,98.3,0.0,0.0,0.0,0.0,98.3,0.0,0.0,0.0,1.7,Pertahankan pemantauan; sistem berada dalam rentang aman untuk ikan nila dan selada.,monitoring normal
2026-05-10 07:00:00,normal,6.94,25.59,7.62,0.247,0.068,41.59,1.579,777.6,99.0,24.83,80.57,4119.0,0.9659258262890683,-0.25881904510252063,0.7856498550787147,-0.6186714032625031,0.0,0.0,0.0,0.0,0.0,0.0,0.0,0.0,0.0,0.056999999999999315,2.6,Normal,Normal,Normal,Normal,Normal,99.0,0.4,0.0,0.0,0.0,99.0,0.0,0.0,0.0,0.6,Pertahankan pemantauan; sistem berada dalam rentang aman untuk ikan nila dan selada.,monitoring normal
2026-05-10 08:00:00,normal,6.93,25.69,7.64,0.186,0.075,42.33,1.599,783.3,99.0,26.68,81.91,12548.0,0.8660254037844387,-0.4999999999999998,0.7856498550787147,-0.6186714032625031,0.0,0.0,0.0,0.0,0.0,0.0,0.0,0.0,0.0,0.19099999999999967,8.6,Normal,Normal,Normal,Normal,Normal,99.6,0.0,0.0,0.0,0.0,99.6,0.0,0.0,0.0,0.4,Pertahankan pemantauan; sistem berada dalam rentang aman untuk ikan nila dan selada.,monitoring normal
2026-05-10 09:00:00,normal,6.94,25.75,7.49,0.193,0.075,42.34,1.581,808.9,99.0,27.89,77.09,21697.0,0.7071067811865476,-0.7071067811865475,0.7856498550787147,-0.6186714032625031,0.0,0.0,0.0,0.0,0.0,0.0,0.0,0.0,0.0,0.0,0.0,Normal,Normal,Normal,Normal,Normal,99.6,0.0,0.0,0.0,0.0,99.6,0.0,0.0,0.0,0.4,Pertahankan pemantauan; sistem berada dalam rentang aman untuk ikan nila dan selada.,monitoring normal
2026-05-10 10:00:00,normal,6.95,25.76,7.3,0.185,0.071,42.17,1.616,798.1,98.96,28.64,76.25,29192.0,0.49999999999999994,-0.8660254037844387,0.7856498550787147,-0.6186714032625031,0.0,0.0,0.0,0.0,0.0,0.0,0.0,0.0,0.0,0.0,0.0,Normal,Normal,Normal,Normal,Normal,98.9,0.0,0.5,0.0,0.0,98.9,0.0,0.0,0.0,0.6,Pertahankan pemantauan; sistem berada dalam rentang aman untuk ikan nila dan selada.,monitoring normal
2026-05-10 11:00:00,normal,6.95,25.85,7.31,0.159,0.081,41.64,1.629,811.9,98.97,29.61,72.81,35167.0,0.258819045102521,-0.9659258262890682,0.7856498550787147,-0.6186714032625031,0.0,0.0,0.0,0.0,0.0,0.0,0.0,0.0,0.0,0.0,0.0,Normal,Normal,Normal,Normal,Normal,98.0,0.2,0.0,0.0,0.5,98.0,0.0,0.0,0.0,1.3,Pertahankan pemantauan; sistem berada dalam rentang aman untuk ikan nila dan selada.,monitoring normal
2026-05-10 12:00:00,normal,6.97,26.01,7.39,0.145,0.067,41.5,1.64,818.9,98.92,30.57,72.1,36863.0,1.2246467991473532e-16,-1.0,0.7856498550787147,-0.6186714032625031,0.0,0.0,0.0,0.0,0.0,0.0,0.0,0.0,0.0,0.0,0.0,Normal,Normal,Normal,Normal,Normal,96.8,0.2,0.0,0.0,0.0,96.8,0.0,0.0,0.0,3.0,Pertahankan pemantauan; sistem berada dalam rentang aman untuk ikan nila dan selada.,monitoring normal
2026-05-10 13:00:00,normal,6.99,26.14,7.45,0.12,0.065,41.53,1.645,826.9,98.88,30.14,72.49,31207.0,-0.2588190451025208,-0.9659258262890683,0.7856498550787147,-0.6186714032625031,0.0,0.0,0.0,0.0,0.0,0.0,0.0,0.0,0.0,0.0,0.0,Normal,Normal,Normal,Normal,Normal,97.4,0.0,0.0,0.0,0.0,97.4,0.0,0.0,0.0,2.6,Pertahankan pemantauan; sistem berada dalam rentang aman untuk ikan nila dan selada.,monitoring normal
2026-05-10 14:00:00,feeding_ammonia,6.98,26.15,7.42,0.229,0.071,41.17,1.68,808.3,98.8,29.25,71.41,26278.0,-0.4999999999999997,-0.8660254037844388,0.7856498550787147,-0.6186714032625031,0.0,0.0,0.0,0.0,0.0,0.0,0.0,0.0,0.0,0.0,0.0,Normal,Normal,Normal,Normal,Normal,98.7,0.0,0.2,0.0,0.0,98.7,0.0,0.0,0.0,1.1,Pertahankan pemantauan; sistem berada dalam rentang aman untuk ikan nila dan selada.,monitoring normal
2026-05-10 15:00:00,feeding_ammonia,6.99,26.15,7.33,0.336,0.067,41.41,1.629,806.3,98.74,28.06,74.95,20058.0,-0.7071067811865471,-0.7071067811865479,0.7856498550787147,-0.6186714032625031,0.0,0.0,0.0,0.0,0.0,0.0,0.0,0.0,0.0,0.0,0.0,Normal,Normal,Normal,Normal,Normal,98.5,0.2,0.0,0.0,0.5,98.5,0.0,0.0,0.0,0.8,Pertahankan pemantauan; sistem berada dalam rentang aman untuk ikan nila dan selada.,monitoring normal
2026-05-10 16:00:00,feeding_ammonia,7.0,26.13,7.56,0.424,0.058,41.27,1.644,807.0,98.7,26.76,76.7,11017.0,-0.8660254037844385,-0.5000000000000004,0.7856498550787147,-0.6186714032625031,0.0,0.0,0.0,0.0,0.0,0.0,0.0,0.0,0.0,0.0,0.0,Normal,Normal,Normal,Normal,Normal,98.2,0.7,0.0,0.0,0.5,98.2,0.0,0.0,0.0,0.6,Pertahankan pemantauan; sistem berada dalam rentang aman untuk ikan nila dan selada.,monitoring normal
2026-05-10 17:00:00,feeding_ammonia,7.01,26.08,7.25,0.631,0.046,40.84,1.641,845.1,98.68,25.75,78.04,3102.0,-0.9659258262890683,-0.25881904510252063,0.7856498550787147,-0.6186714032625031,0.0,0.0,0.262,0.0,0.0,0.0,0.0,0.0,0.0524,0.0,26.2,Normal,Normal,Normal,Normal,Normal,97.5,0.9,0.0,0.0,0.0,97.5,0.0,0.0,0.0,1.6,Pertahankan pemantauan; sistem berada dalam rentang aman untuk ikan nila dan selada.,monitoring normal
2026-05-10 18:00:00,feeding_ammonia,7.01,25.96,7.29,0.691,0.063,41.57,1.657,816.4,98.67,24.32,81.06,722.0,-1.0,-1.8369701987210297e-16,0.7856498550787147,-0.6186714032625031,0.0,0.0,0.3819999999999999,0.0,0.0,0.0,0.0,0.0,0.07639999999999998,0.10600000000000023,38.2,Warning,Normal,Normal,Normal,Normal,97.8,0.7,0.0,0.0,0.0,97.8,0.0,0.0,0.0,1.5,Ada parameter mendekati batas; lanjutkan monitoring dan validasi sensor sebelum tindakan besar.,monitoring intensif
2026-05-10 19:00:00,feeding_ammonia,7.01,25.88,7.31,0.752,0.072,41.28,1.7,833.0,98.64,24.34,89.4,21.0,-0.9659258262890684,0.2588190451025203,0.7856498550787147,-0.6186714032625031,0.0,0.0,0.504,0.0,0.0,0.0,0.0,0.0,0.1008,0.9400000000000006,50.4,Warning,Normal,Normal,Normal,Normal,98.2,0.4,0.0,0.0,0.0,98.2,0.0,0.0,0.0,1.4,Ada parameter mendekati batas; lanjutkan monitoring dan validasi sensor sebelum tindakan besar.,monitoring intensif
2026-05-10 20:00:00,feeding_ammonia,6.98,25.8,7.3,0.794,0.064,40.89,1.716,839.3,98.61,24.39,87.57,22.0,-0.8660254037844386,0.5000000000000001,0.7856498550787147,-0.6186714032625031,0.0,0.0,0.5880000000000001,0.0,0.0,0.0,0.0,0.0,0.11760000000000002,0.7569999999999993,58.8,Warning,Normal,Normal,Normal,Normal,98.7,0.2,0.0,0.0,0.0,98.7,0.0,0.0,0.0,1.0,Ada parameter mendekati batas; lanjutkan monitoring dan validasi sensor sebelum tindakan besar.,monitoring intensif
2026-05-10 21:00:00,feeding_ammonia,6.98,25.8,7.26,0.807,0.069,41.5,1.691,824.8,98.64,24.87,88.85,40.0,-0.7071067811865477,0.7071067811865474,0.7856498550787147,-0.6186714032625031,0.0,0.0,0.6140000000000001,0.0,0.0,0.0,0.0,0.0,0.12280000000000002,0.8849999999999995,61.4,Warning,Normal,Normal,Normal,Normal,98.7,0.2,0.0,0.0,0.0,98.7,0.0,0.0,0.0,1.0,Ada parameter mendekati batas; lanjutkan monitoring dan validasi sensor sebelum tindakan besar.,monitoring intensif
2026-05-10 22:00:00,feeding_ammonia,6.98,25.82,7.21,0.803,0.092,41.76,1.676,843.9,98.56,25.26,87.33,73.0,-0.5000000000000004,0.8660254037844384,0.7856498550787147,-0.6186714032625031,0.0,0.0,0.6060000000000001,0.0,0.0,0.0,0.0,0.0,0.12120000000000003,0.7329999999999999,60.6,Warning,Normal,Normal,Normal,Normal,99.2,0.2,0.0,0.0,0.0,99.2,0.0,0.0,0.0,0.6,Ada parameter mendekati batas; lanjutkan monitoring dan validasi sensor sebelum tindakan besar.,monitoring intensif
2026-05-10 23:00:00,feeding_ammonia,7.01,25.78,7.12,0.8,0.129,41.97,1.648,851.1,98.53,24.75,88.3,39.0,-0.25881904510252157,0.9659258262890681,0.7856498550787147,-0.6186714032625031,0.0,0.0,0.6000000000000001,0.0,0.0,0.0,0.0,0.0,0.12000000000000002,0.8299999999999997,60.0,Warning,Normal,Normal,Normal,Normal,97.8,0.7,0.0,0.0,0.2,97.8,0.0,0.0,0.0,1.3,Ada parameter mendekati batas; lanjutkan monitoring dan validasi sensor sebelum tindakan besar.,monitoring intensif
2026-05-11 00:00:00,feeding_ammonia,7.02,25.72,7.31,0.762,0.144,41.69,1.682,834.3,98.54,24.16,86.67,19.0,0.0,1.0,0.7748840413670407,-0.6321034111873487,0.0,0.0,0.524,0.0,0.0,0.0,0.0,0.0,0.1048,0.6670000000000001,52.4,Warning,Normal,Normal,Normal,Normal,98.5,0.4,0.0,0.0,0.0,98.5,0.0,0.0,0.0,1.0,Ada parameter mendekati batas; lanjutkan monitoring dan validasi sensor sebelum tindakan besar.,monitoring intensif
2026-05-11 01:00:00,feeding_ammonia,7.03,25.69,7.3,0.732,0.175,42.04,1.642,818.1,98.5,24.43,88.27,44.0,0.25881904510252074,0.9659258262890683,0.7748840413670407,-0.6321034111873487,0.0,0.0,0.46399999999999997,0.0,0.0,0.0,0.0,0.0,0.0928,0.8269999999999996,46.4,Warning,Normal,Normal,Normal,Normal,97.2,1.1,0.0,0.0,0.7,97.2,0.0,0.0,0.0,1.0,Ada parameter mendekati batas; lanjutkan monitoring dan validasi sensor sebelum tindakan besar.,monitoring intensif
2026-05-11 02:00:00,feeding_ammonia,7.04,25.63,7.34,0.653,0.198,41.69,1.64,811.1,98.45,24.74,88.23,71.0,0.49999999999999994,0.8660254037844387,0.7748840413670407,-0.6321034111873487,0.0,0.0,0.30600000000000005,0.0,0.0,0.0,0.0,0.0,0.06120000000000001,0.8230000000000004,37.0,Warning,Normal,Normal,Normal,Normal,95.6,2.4,0.0,0.0,1.2,95.6,0.0,0.0,0.0,0.8,Ada parameter mendekati batas; lanjutkan monitoring dan validasi sensor sebelum tindakan besar.,monitoring intensif
2026-05-11 03:00:00,feeding_ammonia,7.04,25.56,7.2,0.58,0.225,41.34,1.67,831.6,98.45,24.89,86.4,21.0,0.7071067811865476,0.7071067811865476,0.7748840413670407,-0.6321034111873487,0.0,0.0,0.15999999999999992,0.0,0.0,0.0,0.0,0.0,0.03199999999999999,0.6400000000000006,28.8,Normal,Normal,Normal,Normal,Normal,95.9,2.9,0.2,0.0,0.0,95.9,0.0,0.0,0.0,1.0,Pertahankan pemantauan; sistem berada dalam rentang aman untuk ikan nila dan selada.,monitoring normal
2026-05-11 04:00:00,feeding_ammonia,7.03,25.51,7.37,0.499,0.219,41.36,1.664,826.2,98.35,24.83,87.93,22.0,0.8660254037844386,0.5000000000000001,0.7748840413670407,-0.6321034111873487,0.0,0.0,0.0,0.0,0.0,0.0,0.0,0.0,0.0,0.7930000000000007,35.7,Warning,Normal,Normal,Normal,Normal,96.3,2.4,0.2,0.0,0.0,96.3,0.0,0.0,0.0,1.0,Ada parameter mendekati batas; lanjutkan monitoring dan validasi sensor sebelum tindakan besar.,monitoring intensif
2026-05-11 05:00:00,feeding_ammonia,7.05,25.48,7.91,0.379,0.243,42.25,1.683,830.9,98.38,24.96,87.82,59.0,0.9659258262890683,0.25881904510252074,0.7748840413670407,-0.6321034111873487,0.0,0.0,0.0,0.0,0.0,0.0,0.0,0.0,0.0,0.7819999999999994,35.2,Warning,Normal,Normal,Normal,Normal,96.8,1.3,0.0,0.0,0.7,96.8,0.0,0.0,0.0,1.2,Ada parameter mendekati batas; lanjutkan monitoring dan validasi sensor sebelum tindakan besar.,monitoring intensif
2026-05-11 06:00:00,feeding_ammonia,7.07,25.42,7.6,0.296,0.262,42.14,1.676,837.0,98.37,24.82,86.5,39.0,1.0,6.123233995736766e-17,0.7748840413670407,-0.6321034111873487,0.0,0.0,0.0,0.0,0.0,0.0,0.0,0.0,0.0,0.65,29.3,Normal,Normal,Normal,Normal,Normal,97.5,1.3,0.0,0.0,0.2,97.5,0.0,0.0,0.0,1.0,Pertahankan pemantauan; sistem berada dalam rentang aman untuk ikan nila dan selada.,monitoring normal
2026-05-11 07:00:00,feeding_ammonia,7.06,25.45,7.54,0.339,0.271,42.12,1.69,845.1,98.32,25.95,79.2,4028.0,0.9659258262890683,-0.25881904510252063,0.7748840413670407,-0.6321034111873487,0.0,0.0,0.0,0.0,0.0,0.0,0.0,0.0,0.0,0.0,0.0,Normal,Normal,Normal,Normal,Normal,96.3,2.2,0.0,0.0,0.5,96.3,0.0,0.0,0.0,1.0,Pertahankan pemantauan; sistem berada dalam rentang aman untuk ikan nila dan selada.,monitoring normal
2026-05-11 08:00:00,feeding_ammonia,7.05,25.54,7.49,0.167,0.257,42.64,1.663,839.8,98.28,26.7,77.59,10897.0,0.8660254037844387,-0.4999999999999998,0.7748840413670407,-0.6321034111873487,0.0,0.0,0.0,0.0,0.0,0.0,0.0,0.0,0.0,0.0,0.0,Normal,Normal,Normal,Normal,Normal,98.3,0.9,0.0,0.0,0.0,98.3,0.0,0.0,0.0,0.8,Pertahankan pemantauan; sistem berada dalam rentang aman untuk ikan nila dan selada.,monitoring normal
2026-05-11 09:00:00,normal,7.05,25.56,7.7,0.179,0.244,42.76,1.672,834.1,98.15,28.22,76.8,19217.0,0.7071067811865476,-0.7071067811865475,0.7748840413670407,-0.6321034111873487,0.0,0.0,0.0,0.0,0.0,0.0,0.0,0.0,0.0,0.0,0.0,Normal,Normal,Normal,Normal,Normal,98.1,0.2,0.0,0.0,0.2,98.1,0.0,0.0,0.0,1.5,Pertahankan pemantauan; sistem berada dalam rentang aman untuk ikan nila dan selada.,monitoring normal
2026-05-11 10:00:00,normal,7.04,25.69,7.36,0.157,0.239,42.54,1.658,829.2,98.07,29.88,74.68,26345.0,0.49999999999999994,-0.8660254037844387,0.7748840413670407,-0.6321034111873487,0.0,0.0,0.0,0.0,0.0,0.0,0.0,0.0,0.0,0.0,0.0,Normal,Normal,Normal,Normal,Normal,97.6,1.1,0.0,0.0,0.2,97.6,0.0,0.0,0.0,1.0,Pertahankan pemantauan; sistem berada dalam rentang aman untuk ikan nila dan selada.,monitoring normal
2026-05-11 11:00:00,normal,7.05,25.82,7.39,0.127,0.216,42.15,1.639,836.8,97.97,30.2,72.37,30890.0,0.258819045102521,-0.9659258262890682,0.7748840413670407,-0.6321034111873487,0.0,0.0,0.0,0.0,0.0,0.0,0.0,0.0,0.0,0.0,0.0,Normal,Normal,Normal,Normal,Normal,96.1,1.5,0.0,0.0,0.5,96.1,0.0,0.0,0.0,1.9,Pertahankan pemantauan; sistem berada dalam rentang aman untuk ikan nila dan selada.,monitoring normal
2026-05-11 12:00:00,normal,7.05,25.98,7.26,0.126,0.179,42.89,1.659,825.0,97.9,31.0,72.44,32872.0,1.2246467991473532e-16,-1.0,0.7748840413670407,-0.6321034111873487,0.0,0.0,0.0,0.0,0.0,0.0,0.0,0.0,0.0,0.0,0.0,Normal,Normal,Normal,Normal,Normal,96.3,1.3,0.2,0.0,0.2,96.3,0.0,0.0,0.0,1.9,Pertahankan pemantauan; sistem berada dalam rentang aman untuk ikan nila dan selada.,monitoring normal
2026-05-11 13:00:00,normal,7.03,26.11,7.23,0.124,0.155,42.49,1.625,823.9,97.84,30.57,73.22,35617.0,-0.2588190451025208,-0.9659258262890683,0.7748840413670407,-0.6321034111873487,0.0,0.0,0.0,0.0,0.0,0.0,0.0,0.0,0.0,0.0,0.0,Normal,Normal,Normal,Normal,Normal,96.9,0.2,0.0,0.0,0.5,96.9,0.0,0.0,0.0,2.5,Pertahankan pemantauan; sistem berada dalam rentang aman untuk ikan nila dan selada.,monitoring normal
2026-05-11 14:00:00,normal,7.03,26.13,7.32,0.107,0.135,42.24,1.64,820.9,97.73,29.63,74.83,30224.0,-0.4999999999999997,-0.8660254037844388,0.7748840413670407,-0.6321034111873487,0.0,0.0,0.0,0.0,0.0,0.0,0.0,0.0,0.0,0.0,0.0,Normal,Normal,Normal,Normal,Normal,97.9,0.2,0.0,0.0,0.2,97.9,0.0,0.0,0.0,1.6,Pertahankan pemantauan; sistem berada dalam rentang aman untuk ikan nila dan selada.,monitoring normal
2026-05-11 15:00:00,normal,7.02,26.14,7.52,0.111,0.111,42.11,1.64,802.2,97.7,28.94,77.74,21582.0,-0.7071067811865471,-0.7071067811865479,0.7748840413670407,-0.6321034111873487,0.0,0.0,0.0,0.0,0.0,0.0,0.0,0.0,0.0,0.0,0.0,Normal,Normal,Normal,Normal,Normal,98.5,0.4,0.0,0.0,0.0,98.5,0.0,0.0,0.0,1.0,Pertahankan pemantauan; sistem berada dalam rentang aman untuk ikan nila dan selada.,monitoring normal
2026-05-11 16:00:00,normal,7.01,26.14,7.64,0.085,0.071,42.55,1.627,805.9,97.64,26.83,80.44,12717.0,-0.8660254037844385,-0.5000000000000004,0.7748840413670407,-0.6321034111873487,0.0,0.0,0.0,0.0,0.0,0.0,0.0,0.0,0.0,0.043999999999999775,2.0,Normal,Normal,Normal,Normal,Normal,99.0,0.0,0.0,0.0,0.0,99.0,0.0,0.0,0.0,1.0,Pertahankan pemantauan; sistem berada dalam rentang aman untuk ikan nila dan selada.,monitoring normal
2026-05-11 17:00:00,normal,6.98,26.17,7.61,0.222,0.065,41.66,1.649,814.8,97.6,26.44,78.81,4700.0,-0.9659258262890683,-0.25881904510252063,0.7748840413670407,-0.6321034111873487,0.0,0.0,0.0,0.0,0.0,0.0,0.0,0.0,0.0,0.0,0.0,Normal,Normal,Normal,Normal,Normal,99.2,0.2,0.0,0.0,0.0,99.2,0.0,0.0,0.0,0.6,Pertahankan pemantauan; sistem berada dalam rentang aman untuk ikan nila dan selada.,monitoring normal
2026-05-11 18:00:00,normal,6.96,26.02,7.61,0.166,0.065,42.33,1.628,809.8,97.63,24.94,84.25,369.0,-1.0,-1.8369701987210297e-16,0.7748840413670407,-0.6321034111873487,0.0,0.0,0.0,0.0,0.0,0.0,0.0,0.0,0.0,0.425,19.1,Normal,Normal,Normal,Normal,Normal,98.3,0.0,0.0,0.2,0.0,98.3,0.0,0.0,0.0,1.5,Pertahankan pemantauan; sistem berada dalam rentang aman untuk ikan nila dan selada.,monitoring normal
2026-05-11 19:00:00,normal,6.95,25.98,7.85,0.167,0.07,41.56,1.629,831.7,97.65,24.56,86.77,61.0,-0.9659258262890684,0.2588190451025203,0.7748840413670407,-0.6321034111873487,0.0,0.0,0.0,0.0,0.0,0.0,0.0,0.0,0.0,0.6769999999999996,30.5,Warning,Normal,Normal,Normal,Normal,98.3,0.2,0.0,0.2,0.2,98.3,0.0,0.0,0.0,1.0,Ada parameter mendekati batas; lanjutkan monitoring dan validasi sensor sebelum tindakan besar.,monitoring intensif
2026-05-11 20:00:00,normal,6.93,26.0,7.62,0.135,0.065,41.87,1.662,833.0,97.54,25.06,88.35,45.0,-0.8660254037844386,0.5000000000000001,0.7748840413670407,-0.6321034111873487,0.0,0.0,0.0,0.0,0.0,0.0,0.0,0.0,0.0,0.8349999999999994,37.6,Warning,Normal,Normal,Normal,Normal,98.9,0.2,0.0,0.5,0.0,98.9,0.0,0.0,0.0,0.4,Ada parameter mendekati batas; lanjutkan monitoring dan validasi sensor sebelum tindakan besar.,monitoring intensif
2026-05-11 21:00:00,normal,6.93,25.94,7.61,0.107,0.062,41.54,1.673,847.9,97.5,24.67,87.44,63.0,-0.7071067811865477,0.7071067811865474,0.7748840413670407,-0.6321034111873487,0.0,0.0,0.0,0.0,0.0,0.0,0.0,0.0,0.0,0.7439999999999998,33.5,Warning,Normal,Normal,Normal,Normal,99.1,0.2,0.0,0.2,0.0,99.1,0.0,0.0,0.0,0.4,Ada parameter mendekati batas; lanjutkan monitoring dan validasi sensor sebelum tindakan besar.,monitoring intensif
2026-05-11 22:00:00,normal,6.93,25.92,7.52,0.098,0.049,41.79,1.696,853.6,97.45,24.67,86.83,19.0,-0.5000000000000004,0.8660254037844384,0.7748840413670407,-0.6321034111873487,0.0,0.0,0.0,0.0,0.0,0.0,0.0,0.0,0.0,0.6829999999999998,30.7,Warning,Normal,Normal,Normal,Normal,97.5,0.2,0.0,0.0,0.0,97.5,0.0,0.0,0.0,2.3,Ada parameter mendekati batas; lanjutkan monitoring dan validasi sensor sebelum tindakan besar.,monitoring intensif
2026-05-11 23:00:00,normal,6.92,25.85,7.79,0.092,0.065,41.92,1.71,844.9,97.46,24.94,84.75,45.0,-0.25881904510252157,0.9659258262890681,0.7748840413670407,-0.6321034111873487,0.0,0.0,0.0,0.0,0.0,0.0,0.0,0.0,0.0,0.475,21.4,Normal,Normal,Normal,Normal,Normal,99.2,0.2,0.0,0.0,0.0,99.2,0.0,0.0,0.0,0.6,Pertahankan pemantauan; sistem berada dalam rentang aman untuk ikan nila dan selada.,monitoring normal
2026-05-12 00:00:00,normal,6.91,25.82,7.76,0.092,0.043,42.11,1.667,852.4,97.4,24.91,86.91,40.0,0.0,1.0,0.7638886127905428,-0.6453481132295501,0.0,0.0,0.0,0.0,0.0,0.0,0.0,0.0,0.0,0.6909999999999996,31.1,Warning,Normal,Normal,Normal,Normal,98.2,0.2,0.0,0.0,0.0,98.2,0.0,0.0,0.0,1.5,Ada parameter mendekati batas; lanjutkan monitoring dan validasi sensor sebelum tindakan besar.,monitoring intensif
2026-05-12 01:00:00,normal,6.92,25.71,7.9,0.097,0.048,42.8,1.702,852.3,97.37,24.57,85.43,15.0,0.25881904510252074,0.9659258262890683,0.7638886127905428,-0.6453481132295501,0.0,0.0,0.0,0.0,0.0,0.0,0.0,0.0,0.0,0.5430000000000007,24.4,Normal,Normal,Normal,Normal,Normal,96.9,0.0,0.0,0.0,0.0,96.9,0.0,0.0,0.0,3.1,Pertahankan pemantauan; sistem berada dalam rentang aman untuk ikan nila dan selada.,monitoring normal
2026-05-12 02:00:00,normal,6.92,25.58,7.61,0.079,0.051,42.72,1.677,844.8,97.37,25.09,88.22,6.0,0.49999999999999994,0.8660254037844387,0.7638886127905428,-0.6453481132295501,0.0,0.0,0.0,0.0,0.0,0.0,0.0,0.0,0.0,0.8219999999999998,37.0,Warning,Normal,Normal,Normal,Normal,98.7,0.0,0.0,0.0,0.0,98.7,0.0,0.0,0.0,1.3,Ada parameter mendekati batas; lanjutkan monitoring dan validasi sensor sebelum tindakan besar.,monitoring intensif
2026-05-12 03:00:00,normal,6.93,25.62,7.83,0.059,0.065,42.8,1.698,855.1,97.33,25.19,88.83,62.0,0.7071067811865476,0.7071067811865476,0.7638886127905428,-0.6453481132295501,0.0,0.0,0.0,0.0,0.0,0.0,0.0,0.0,0.0,0.8829999999999998,39.7,Warning,Normal,Normal,Normal,Normal,98.6,0.0,0.0,0.2,0.0,98.6,0.0,0.0,0.0,1.1,Ada parameter mendekati batas; lanjutkan monitoring dan validasi sensor sebelum tindakan besar.,monitoring intensif
2026-05-12 04:00:00,normal,6.94,25.57,7.73,0.084,0.05,42.8,1.687,842.6,97.29,25.24,85.78,36.0,0.8660254037844386,0.5000000000000001,0.7638886127905428,-0.6453481132295501,0.0,0.0,0.0,0.0,0.0,0.0,0.0,0.0,0.0,0.5780000000000001,26.0,Normal,Normal,Normal,Normal,Normal,98.4,0.0,0.0,0.2,0.0,98.4,0.0,0.0,0.0,1.3,Pertahankan pemantauan; sistem berada dalam rentang aman untuk ikan nila dan selada.,monitoring normal
2026-05-12 05:00:00,normal,6.95,25.54,7.8,0.076,0.051,42.94,1.686,838.2,97.27,24.95,87.49,19.0,0.9659258262890683,0.25881904510252074,0.7638886127905428,-0.6453481132295501,0.0,0.0,0.0,0.0,0.0,0.0,0.0,0.0,0.0,0.7489999999999994,33.7,Warning,Normal,Normal,Normal,Normal,98.5,0.0,0.0,0.0,0.0,98.5,0.0,0.0,0.0,1.5,Ada parameter mendekati batas; lanjutkan monitoring dan validasi sensor sebelum tindakan besar.,monitoring intensif
2026-05-12 06:00:00,biofilter_nitrite,6.93,25.47,7.61,0.092,0.14,42.92,1.654,825.8,97.17,25.26,85.86,43.0,1.0,6.123233995736766e-17,0.7638886127905428,-0.6453481132295501,0.0,0.0,0.0,0.0,0.0,0.0,0.0,0.0,0.0,0.586,26.4,Normal,Normal,Normal,Normal,Normal,97.7,0.0,0.0,0.2,0.7,97.7,0.0,0.0,0.0,1.4,Pertahankan pemantauan; sistem berada dalam rentang aman untuk ikan nila dan selada.,monitoring normal
2026-05-12 07:00:00,biofilter_nitrite,6.93,25.41,7.83,0.238,0.245,42.09,1.657,838.8,97.1,24.92,80.75,4701.0,0.9659258262890683,-0.25881904510252063,0.7638886127905428,-0.6453481132295501,0.0,0.0,0.0,0.0,0.0,0.0,0.0,0.0,0.0,0.075,3.4,Normal,Normal,Normal,Normal,Normal,98.3,0.9,0.0,0.0,0.0,98.3,0.0,0.0,0.0,0.8,Pertahankan pemantauan; sistem berada dalam rentang aman untuk ikan nila dan selada.,monitoring normal
2026-05-12 08:00:00,biofilter_nitrite,6.93,25.46,7.52,0.25,0.292,42.22,1.676,842.1,97.11,26.75,79.8,13288.0,0.8660254037844387,-0.4999999999999998,0.7638886127905428,-0.6453481132295501,0.0,0.0,0.0,0.0,0.0,0.0,0.0,0.0,0.0,0.0,0.0,Normal,Normal,Normal,Normal,Normal,98.1,1.1,0.0,0.0,0.0,98.1,0.0,0.0,0.0,0.8,Pertahankan pemantauan; sistem berada dalam rentang aman untuk ikan nila dan selada.,monitoring normal
2026-05-12 09:00:00,biofilter_nitrite,6.93,25.52,7.35,0.22,0.386,41.69,1.684,830.9,97.05,27.97,76.48,22497.0,0.7071067811865476,-0.7071067811865475,0.7638886127905428,-0.6453481132295501,0.0,0.0,0.0,0.0,0.0,0.0,0.0,0.0,0.0,0.0,0.0,Normal,Normal,Normal,Normal,Normal,98.1,1.1,0.4,0.0,0.0,98.1,0.0,0.0,0.0,0.4,Pertahankan pemantauan; sistem berada dalam rentang aman untuk ikan nila dan selada.,monitoring normal
2026-05-12 10:00:00,biofilter_nitrite,6.91,25.66,7.3,0.264,0.489,42.75,1.662,838.7,96.99,29.53,76.41,29954.0,0.49999999999999994,-0.8660254037844387,0.7638886127905428,-0.6453481132295501,0.0,0.0,0.0,0.0,0.0,0.0,0.0,0.0,0.0,0.0,0.0,Normal,Normal,Normal,Normal,Normal,98.2,0.4,0.5,0.0,0.2,98.2,0.0,0.0,0.0,0.7,Pertahankan pemantauan; sistem berada dalam rentang aman untuk ikan nila dan selada.,monitoring normal
2026-05-12 11:00:00,biofilter_nitrite,6.93,25.82,7.1,0.244,0.535,43.13,1.657,817.9,96.9,30.15,72.2,36123.0,0.258819045102521,-0.9659258262890682,0.7638886127905428,-0.6453481132295501,0.0,0.0,0.0,0.07000000000000006,0.0,0.0,0.0,0.0,0.011900000000000011,0.0,7.0,Normal,Normal,Normal,Normal,Normal,96.6,0.2,1.1,0.0,0.7,96.6,0.0,0.2,0.0,1.1,Pertahankan pemantauan; sistem berada dalam rentang aman untuk ikan nila dan selada.,monitoring normal
2026-05-12 12:00:00,biofilter_nitrite,6.93,25.97,7.07,0.251,0.577,42.4,1.676,835.6,96.81,30.48,73.64,37516.0,1.2246467991473532e-16,-1.0,0.7638886127905428,-0.6453481132295501,0.0,0.0,0.0,0.15399999999999991,0.0,0.0,0.0,0.0,0.026179999999999988,0.0,15.4,Normal,Normal,Normal,Normal,Normal,97.0,1.1,0.9,0.0,0.0,97.0,0.0,0.0,0.0,1.0,Pertahankan pemantauan; sistem berada dalam rentang aman untuk ikan nila dan selada.,monitoring normal
2026-05-12 13:00:00,biofilter_nitrite,6.94,26.12,7.1,0.274,0.634,41.74,1.705,837.5,96.75,30.85,72.62,33337.0,-0.2588190451025208,-0.9659258262890683,0.7638886127905428,-0.6453481132295501,0.0,0.0,0.0,0.268,0.0,0.0,0.0,0.0,0.04556,0.0,26.8,Normal,Normal,Normal,Normal,Normal,97.4,0.9,0.9,0.0,0.0,97.4,0.0,0.0,0.0,0.9,Pertahankan pemantauan; sistem berada dalam rentang aman untuk ikan nila dan selada.,monitoring normal
2026-05-12 14:00:00,biofilter_nitrite,6.95,26.27,7.01,0.269,0.686,42.69,1.687,837.3,96.66,29.25,75.66,28198.0,-0.4999999999999997,-0.8660254037844388,0.7638886127905428,-0.6453481132295501,0.0,0.0,0.0,0.3720000000000001,0.0,0.0,0.0,0.0,0.06324000000000002,0.0,37.2,Warning,Normal,Normal,Normal,Normal,98.1,0.4,0.4,0.0,0.0,98.1,0.0,0.0,0.0,1.1,Ada parameter mendekati batas; lanjutkan monitoring dan validasi sensor sebelum tindakan besar.,monitoring intensif
2026-05-12 15:00:00,biofilter_nitrite,6.95,26.25,7.31,0.265,0.732,42.18,1.716,868.5,96.69,28.13,76.08,20123.0,-0.7071067811865471,-0.7071067811865479,0.7638886127905428,-0.6453481132295501,0.0,0.0,0.0,0.46399999999999997,0.0,0.0,0.0,0.0,0.07888,0.0,46.4,Warning,Normal,Normal,Normal,Normal,97.8,0.7,0.2,0.0,0.5,97.8,0.0,0.0,0.0,0.8,Ada parameter mendekati batas; lanjutkan monitoring dan validasi sensor sebelum tindakan besar.,monitoring intensif
2026-05-12 16:00:00,biofilter_nitrite,6.95,26.24,7.43,0.276,0.77,42.0,1.685,846.6,96.7,26.49,79.16,11750.0,-0.8660254037844385,-0.5000000000000004,0.7638886127905428,-0.6453481132295501,0.0,0.0,0.0,0.54,0.0,0.0,0.0,0.0,0.0918,0.0,54.0,Warning,Normal,Normal,Normal,Normal,98.0,0.7,0.2,0.0,0.2,98.0,0.0,0.0,0.0,0.8,Ada parameter mendekati batas; lanjutkan monitoring dan validasi sensor sebelum tindakan besar.,monitoring intensif
2026-05-12 17:00:00,biofilter_nitrite,6.96,26.24,7.35,0.415,0.776,42.57,1.705,849.6,96.69,25.29,81.12,4217.0,-0.9659258262890683,-0.25881904510252063,0.7638886127905428,-0.6453481132295501,0.0,0.0,0.0,0.552,0.0,0.0,0.0,0.0,0.09384000000000002,0.11200000000000046,55.2,Warning,Normal,Normal,Normal,Normal,97.4,0.7,0.2,0.0,0.7,97.4,0.0,0.0,0.0,1.0,Ada parameter mendekati batas; lanjutkan monitoring dan validasi sensor sebelum tindakan besar.,monitoring intensif
2026-05-12 18:00:00,biofilter_nitrite,6.97,26.23,7.47,0.368,0.775,42.72,1.729,861.2,96.67,24.56,81.34,362.0,-1.0,-1.8369701987210297e-16,0.7638886127905428,-0.6453481132295501,0.0,0.0,0.0,0.55,0.0,0.0,0.0,0.0,0.09350000000000001,0.13400000000000034,55.0,Warning,Normal,Normal,Normal,Normal,96.8,0.9,0.2,0.0,0.2,96.8,0.0,0.0,0.0,1.9,Ada parameter mendekati batas; lanjutkan monitoring dan validasi sensor sebelum tindakan besar.,monitoring intensif
2026-05-12 19:00:00,biofilter_nitrite,6.97,26.1,7.45,0.328,0.78,42.55,1.721,842.0,96.71,24.67,88.21,73.0,-0.9659258262890684,0.2588190451025203,0.7638886127905428,-0.6453481132295501,0.0,0.0,0.0,0.56,0.0,0.0,0.0,0.0,0.09520000000000002,0.8209999999999994,56.0,Warning,Normal,Normal,Normal,Normal,97.4,0.9,0.2,0.0,0.2,97.4,0.0,0.0,0.0,1.2,Ada parameter mendekati batas; lanjutkan monitoring dan validasi sensor sebelum tindakan besar.,monitoring intensif
2026-05-12 20:00:00,biofilter_nitrite,6.97,26.03,7.51,0.307,0.752,42.75,1.709,853.0,96.66,24.85,88.04,0.0,-0.8660254037844386,0.5000000000000001,0.7638886127905428,-0.6453481132295501,0.0,0.0,0.0,0.504,0.0,0.0,0.0,0.0,0.08568,0.8040000000000006,50.4,Warning,Normal,Normal,Normal,Normal,96.3,0.7,0.2,0.0,0.2,96.3,0.0,0.2,0.0,2.3,Ada parameter mendekati batas; lanjutkan monitoring dan validasi sensor sebelum tindakan besar.,monitoring intensif
2026-05-12 21:00:00,biofilter_nitrite,6.97,26.05,7.43,0.299,0.716,43.34,1.715,870.2,96.58,24.97,87.85,8.0,-0.7071067811865477,0.7071067811865474,0.7638886127905428,-0.6453481132295501,0.0,0.0,0.0,0.43199999999999994,0.0,0.0,0.0,0.0,0.07343999999999999,0.7849999999999995,43.2,Warning,Normal,Normal,Normal,Normal,97.3,0.9,0.2,0.0,0.0,97.3,0.0,0.0,0.0,1.6,Ada parameter mendekati batas; lanjutkan monitoring dan validasi sensor sebelum tindakan besar.,monitoring intensif
2026-05-12 22:00:00,biofilter_nitrite,6.98,26.01,7.42,0.269,0.668,43.57,1.735,856.7,96.49,24.38,89.63,22.0,-0.5000000000000004,0.8660254037844384,0.7638886127905428,-0.6453481132295501,0.0,0.0,0.0,0.3360000000000001,0.0,0.0,0.0,0.0,0.05712000000000002,0.9629999999999995,43.3,Warning,Normal,Normal,Normal,Normal,98.5,0.2,0.2,0.0,0.0,98.5,0.0,0.0,0.0,1.1,Ada parameter mendekati batas; lanjutkan monitoring dan validasi sensor sebelum tindakan besar.,monitoring intensif
2026-05-12 23:00:00,biofilter_nitrite,6.99,25.96,7.58,0.244,0.618,43.56,1.738,855.4,96.45,24.34,89.56,82.0,-0.25881904510252157,0.9659258262890681,0.7638886127905428,-0.6453481132295501,0.0,0.0,0.0,0.236,0.0,0.0,0.0,0.0,0.04012,0.9560000000000002,43.0,Warning,Normal,Normal,Normal,Normal,98.7,0.0,0.2,0.2,0.0,98.7,0.0,0.0,0.0,0.8,Ada parameter mendekati batas; lanjutkan monitoring dan validasi sensor sebelum tindakan besar.,monitoring intensif
2026-05-13 00:00:00,biofilter_nitrite,6.99,25.89,7.5,0.201,0.563,43.81,1.755,878.8,96.44,23.65,87.84,52.0,0.0,1.0,0.7526668275320085,-0.6584015846980488,0.0,0.0,0.0,0.1259999999999999,0.0,0.0,0.0,0.0,0.021419999999999984,0.7840000000000004,35.3,Warning,Normal,Normal,Normal,Normal,98.9,0.2,0.2,0.0,0.0,98.9,0.0,0.0,0.0,0.6,Ada parameter mendekati batas; lanjutkan monitoring dan validasi sensor sebelum tindakan besar.,monitoring intensif
2026-05-13 01:00:00,biofilter_nitrite,6.98,25.81,7.69,0.177,0.493,44.13,1.757,878.6,96.45,23.89,88.58,64.0,0.25881904510252074,0.9659258262890683,0.7526668275320085,-0.6584015846980488,0.0,0.0,0.0,0.0,0.0,0.0,0.0,0.0,0.0,0.8579999999999999,38.6,Warning,Normal,Normal,Normal,Normal,99.2,0.2,0.2,0.0,0.0,99.2,0.0,0.0,0.0,0.4,Ada parameter mendekati batas; lanjutkan monitoring dan validasi sensor sebelum tindakan besar.,monitoring intensif
2026-05-13 02:00:00,biofilter_nitrite,6.98,25.78,7.53,0.155,0.431,43.78,1.744,875.3,96.45,24.23,86.96,16.0,0.49999999999999994,0.8660254037844387,0.7526668275320085,-0.6584015846980488,0.0,0.0,0.0,0.0,0.0,0.0,0.0,0.0,0.0,0.6959999999999994,31.3,Warning,Normal,Normal,Normal,Normal,98.9,0.2,0.4,0.0,0.0,98.9,0.0,0.0,0.0,0.4,Ada parameter mendekati batas; lanjutkan monitoring dan validasi sensor sebelum tindakan besar.,monitoring intensif
2026-05-13 03:00:00,biofilter_nitrite,6.98,25.72,7.47,0.115,0.339,43.51,1.736,866.1,96.45,24.12,87.92,17.0,0.7071067811865476,0.7071067811865476,0.7526668275320085,-0.6584015846980488,0.0,0.0,0.0,0.0,0.0,0.0,0.0,0.0,0.0,0.7920000000000001,35.6,Warning,Normal,Normal,Normal,Normal,98.2,1.1,0.2,0.0,0.0,98.2,0.0,0.0,0.0,0.4,Ada parameter mendekati batas; lanjutkan monitoring dan validasi sensor sebelum tindakan besar.,monitoring intensif
2026-05-13 04:00:00,biofilter_nitrite,6.96,25.68,7.65,0.089,0.245,44.24,1.753,866.5,96.49,23.86,87.35,56.0,0.8660254037844386,0.5000000000000001,0.7526668275320085,-0.6584015846980488,0.0,0.0,0.0,0.0,0.0,0.0,0.0,0.0,0.0,0.7349999999999994,33.1,Warning,Normal,Normal,Normal,Normal,99.3,0.2,0.0,0.0,0.0,99.3,0.0,0.0,0.0,0.4,Ada parameter mendekati batas; lanjutkan monitoring dan validasi sensor sebelum tindakan besar.,monitoring intensif
2026-05-13 05:00:00,biofilter_nitrite,6.95,25.64,7.76,0.08,0.178,43.16,1.729,853.9,96.46,24.16,89.95,46.0,0.9659258262890683,0.25881904510252074,0.7526668275320085,-0.6584015846980488,0.0,0.0,0.0,0.0,0.0,0.0,0.0,0.0,0.0,0.9950000000000003,44.8,Warning,Normal,Normal,Normal,Normal,99.4,0.0,0.0,0.0,0.0,99.4,0.0,0.0,0.0,0.6,Ada parameter mendekati batas; lanjutkan monitoring dan validasi sensor sebelum tindakan besar.,monitoring intensif
2026-05-13 06:00:00,biofilter_nitrite,6.93,25.58,7.78,0.061,0.097,43.57,1.714,855.0,99.0,23.98,88.48,59.0,1.0,6.123233995736766e-17,0.7526668275320085,-0.6584015846980488,0.0,0.0,0.0,0.0,0.0,0.0,0.0,0.0,0.0,0.8480000000000004,38.2,Warning,Normal,Normal,Normal,Normal,99.4,0.0,0.0,0.0,0.0,99.4,0.0,0.0,0.0,0.6,Ada parameter mendekati batas; lanjutkan monitoring dan validasi sensor sebelum tindakan besar.,monitoring intensif
2026-05-13 07:00:00,normal,6.93,25.59,7.77,0.196,0.095,43.64,1.729,862.3,99.0,24.98,81.23,4571.0,0.9659258262890683,-0.25881904510252063,0.7526668275320085,-0.6584015846980488,0.0,0.0,0.0,0.0,0.0,0.0,0.0,0.0,0.0,0.1230000000000004,5.5,Normal,Normal,Normal,Normal,Normal,99.1,0.0,0.0,0.0,0.2,99.1,0.0,0.0,0.0,0.6,Pertahankan pemantauan; sistem berada dalam rentang aman untuk ikan nila dan selada.,monitoring normal
2026-05-13 08:00:00,normal,6.94,25.75,7.52,0.178,0.11,43.89,1.761,872.5,99.0,25.9,81.3,12064.0,0.8660254037844387,-0.4999999999999998,0.7526668275320085,-0.6584015846980488,0.0,0.0,0.0,0.0,0.0,0.0,0.0,0.0,0.0,0.12999999999999973,5.8,Normal,Normal,Normal,Normal,Normal,99.8,0.0,0.0,0.0,0.0,99.8,0.0,0.0,0.0,0.2,Pertahankan pemantauan; sistem berada dalam rentang aman untuk ikan nila dan selada.,monitoring normal
2026-05-13 09:00:00,normal,6.92,25.72,7.48,0.143,0.089,43.85,1.754,869.9,99.0,27.11,74.71,20938.0,0.7071067811865476,-0.7071067811865475,0.7526668275320085,-0.6584015846980488,0.0,0.0,0.0,0.0,0.0,0.0,0.0,0.0,0.0,0.0,0.0,Normal,Normal,Normal,Normal,Normal,99.8,0.0,0.0,0.0,0.0,99.8,0.0,0.0,0.0,0.2,Pertahankan pemantauan; sistem berada dalam rentang aman untuk ikan nila dan selada.,monitoring normal
2026-05-13 10:00:00,normal,6.93,25.83,7.38,0.127,0.097,44.08,1.778,876.7,99.0,28.53,72.64,28628.0,0.49999999999999994,-0.8660254037844387,0.7526668275320085,-0.6584015846980488,0.0,0.0,0.0,0.0,0.0,0.0,0.0,0.0,0.0,0.0,0.0,Normal,Normal,Normal,Normal,Normal,98.3,0.0,0.0,0.0,0.0,98.3,0.0,0.0,0.0,1.7,Pertahankan pemantauan; sistem berada dalam rentang aman untuk ikan nila dan selada.,monitoring normal
2026-05-13 11:00:00,normal,6.93,25.88,7.23,0.137,0.08,43.5,1.789,889.8,99.0,28.32,75.81,34308.0,0.258819045102521,-0.9659258262890682,0.7526668275320085,-0.6584015846980488,0.0,0.0,0.0,0.0,0.0,0.0,0.0,0.0,0.0,0.0,0.0,Normal,Normal,Normal,Normal,Normal,97.3,0.0,0.0,0.0,0.0,97.3,0.0,0.0,0.0,2.7,Pertahankan pemantauan; sistem berada dalam rentang aman untuk ikan nila dan selada.,monitoring normal
2026-05-13 12:00:00,normal,6.91,26.02,7.27,0.104,0.07,43.73,1.796,895.4,99.0,29.74,73.38,35421.0,1.2246467991473532e-16,-1.0,0.7526668275320085,-0.6584015846980488,0.0,0.0,0.0,0.0,0.0,0.0,0.0,0.0,0.0,0.0,0.0,Normal,Normal,Normal,Normal,Normal,97.1,0.0,0.0,0.0,0.0,97.1,0.0,0.0,0.0,2.9,Pertahankan pemantauan; sistem berada dalam rentang aman untuk ikan nila dan selada.,monitoring normal
2026-05-13 13:00:00,normal,6.92,26.08,7.48,0.081,0.055,43.73,1.8,905.6,99.0,27.97,76.4,26315.0,-0.2588190451025208,-0.9659258262890683,0.7526668275320085,-0.6584015846980488,0.0,0.0,0.0,0.0,0.028000000000000115,0.0,0.0,0.0,0.0,0.0,2.5,Normal,Normal,Normal,Normal,Normal,98.9,0.0,0.0,0.0,0.0,98.9,0.0,0.0,0.0,1.1,Pertahankan pemantauan; sistem berada dalam rentang aman untuk ikan nila dan selada.,monitoring normal
2026-05-13 14:00:00,normal,6.92,26.16,7.41,0.094,0.057,43.24,1.76,886.1,99.0,27.71,74.96,23260.0,-0.4999999999999997,-0.8660254037844388,0.7526668275320085,-0.6584015846980488,0.0,0.0,0.0,0.0,0.0,0.0,0.0,0.0,0.0,0.0,0.0,Normal,Normal,Normal,Normal,Normal,97.7,0.0,0.0,0.2,0.0,97.7,0.0,0.0,0.0,2.0,Pertahankan pemantauan; sistem berada dalam rentang aman untuk ikan nila dan selada.,monitoring normal
2026-05-13 15:00:00,normal,6.93,26.24,7.33,0.088,0.053,44.48,1.776,888.8,99.0,27.11,78.04,16488.0,-0.7071067811865471,-0.7071067811865479,0.7526668275320085,-0.6584015846980488,0.0,0.0,0.0,0.0,0.0,0.0,0.0,0.0,0.0,0.0,0.0,Normal,Normal,Normal,Normal,Normal,99.6,0.0,0.0,0.0,0.0,99.6,0.0,0.0,0.0,0.4,Pertahankan pemantauan; sistem berada dalam rentang aman untuk ikan nila dan selada.,monitoring normal
2026-05-13 16:00:00,normal,6.94,26.21,7.38,0.071,0.063,43.5,1.764,880.3,99.0,25.59,82.87,10224.0,-0.8660254037844385,-0.5000000000000004,0.7526668275320085,-0.6584015846980488,0.0,0.0,0.0,0.0,0.0,0.0,0.0,0.0,0.0,0.2870000000000005,12.9,Normal,Normal,Normal,Normal,Normal,98.9,0.0,0.0,0.0,0.0,98.9,0.0,0.0,0.0,1.1,Pertahankan pemantauan; sistem berada dalam rentang aman untuk ikan nila dan selada.,monitoring normal
2026-05-13 17:00:00,normal,6.93,26.18,7.71,0.208,0.06,44.13,1.718,866.0,99.0,23.61,84.0,3676.0,-0.9659258262890683,-0.25881904510252063,0.7526668275320085,-0.6584015846980488,0.0,0.0,0.0,0.0,0.0,0.0,0.0,0.0,0.0,0.4,18.0,Normal,Normal,Normal,Normal,Normal,99.2,0.0,0.0,0.0,0.0,99.2,0.0,0.0,0.0,0.8,Pertahankan pemantauan; sistem berada dalam rentang aman untuk ikan nila dan selada.,monitoring normal
2026-05-13 18:00:00,normal,6.94,25.98,7.65,0.173,0.056,44.34,1.728,874.0,99.0,23.0,84.17,0.0,-1.0,-1.8369701987210297e-16,0.7526668275320085,-0.6584015846980488,0.0,0.0,0.0,0.0,0.0,0.0,0.0,0.0,0.0,0.41700000000000015,18.8,Normal,Normal,Normal,Normal,Normal,99.1,0.0,0.0,0.2,0.0,99.1,0.0,0.0,0.0,0.7,Pertahankan pemantauan; sistem berada dalam rentang aman untuk ikan nila dan selada.,monitoring normal
2026-05-13 19:00:00,normal,6.95,25.98,7.6,0.151,0.072,44.15,1.717,869.7,99.0,23.6,87.8,40.0,-0.9659258262890684,0.2588190451025203,0.7526668275320085,-0.6584015846980488,0.0,0.0,0.0,0.0,0.0,0.0,0.0,0.0,0.0,0.7799999999999997,35.1,Warning,Normal,Normal,Normal,Normal,99.1,0.0,0.0,0.2,0.0,99.1,0.0,0.0,0.0,0.7,Ada parameter mendekati batas; lanjutkan monitoring dan validasi sensor sebelum tindakan besar.,monitoring intensif
2026-05-13 20:00:00,normal,6.94,25.91,7.64,0.141,0.069,43.68,1.712,858.3,99.0,23.0,88.43,52.0,-0.8660254037844386,0.5000000000000001,0.7526668275320085,-0.6584015846980488,0.0,0.0,0.0,0.0,0.0,0.0,0.0,0.0,0.0,0.8430000000000006,37.9,Warning,Normal,Normal,Normal,Normal,99.6,0.0,0.0,0.0,0.0,99.6,0.0,0.0,0.0,0.4,Ada parameter mendekati batas; lanjutkan monitoring dan validasi sensor sebelum tindakan besar.,monitoring intensif
2026-05-13 21:00:00,normal,6.94,25.9,7.55,0.112,0.059,44.04,1.714,845.2,99.0,23.86,85.36,49.0,-0.7071067811865477,0.7071067811865474,0.7526668275320085,-0.6584015846980488,0.0,0.0,0.0,0.0,0.0,0.0,0.0,0.0,0.0,0.5359999999999999,24.1,Normal,Normal,Normal,Normal,Normal,99.4,0.0,0.0,0.0,0.0,99.4,0.0,0.0,0.0,0.6,Pertahankan pemantauan; sistem berada dalam rentang aman untuk ikan nila dan selada.,monitoring normal
2026-05-13 22:00:00,hot_greenhouse,6.93,26.38,7.68,0.105,0.061,43.41,1.714,841.9,99.0,24.06,86.44,64.0,-0.5000000000000004,0.8660254037844384,0.7526668275320085,-0.6584015846980488,0.0,0.0,0.0,0.0,0.0,0.0,0.0,0.0,0.0,0.6439999999999998,29.0,Normal,Normal,Normal,Normal,Normal,98.9,0.0,0.0,0.2,0.0,98.9,0.0,0.0,0.0,0.9,Pertahankan pemantauan; sistem berada dalam rentang aman untuk ikan nila dan selada.,monitoring normal
2026-05-13 23:00:00,hot_greenhouse,6.92,26.88,7.42,0.141,0.057,43.77,1.698,842.9,99.0,24.96,84.54,65.0,-0.25881904510252157,0.9659258262890681,0.7526668275320085,-0.6584015846980488,0.0,0.0,0.0,0.0,0.0,0.0,0.0,0.0,0.0,0.4540000000000006,20.4,Normal,Normal,Normal,Normal,Normal,99.8,0.0,0.0,0.0,0.0,99.8,0.0,0.0,0.0,0.2,Pertahankan pemantauan; sistem berada dalam rentang aman untuk ikan nila dan selada.,monitoring normal
2026-05-14 00:00:00,hot_greenhouse,6.92,27.42,7.45,0.099,0.049,43.58,1.729,855.1,99.0,26.02,78.62,5.0,0.0,1.0,0.7412220108485958,-0.6712599575675313,0.0,0.0,0.0,0.0,0.0,0.0,0.0,0.0,0.0,0.0,0.0,Normal,Normal,Normal,Normal,Normal,98.9,0.0,0.0,0.0,0.0,98.9,0.0,0.0,0.0,1.1,Pertahankan pemantauan; sistem berada dalam rentang aman untuk ikan nila dan selada.,monitoring normal
2026-05-14 01:00:00,hot_greenhouse,6.91,27.93,7.24,0.1,0.056,43.53,1.732,857.6,99.0,26.3,77.85,0.0,0.25881904510252074,0.9659258262890683,0.7412220108485958,-0.6712599575675313,0.0,0.0,0.0,0.0,0.0,0.0,0.0,0.0,0.0,0.0,0.0,Normal,Normal,Normal,Normal,Normal,99.4,0.0,0.0,0.0,0.0,99.4,0.0,0.0,0.0,0.6,Pertahankan pemantauan; sistem berada dalam rentang aman untuk ikan nila dan selada.,monitoring normal
2026-05-14 02:00:00,hot_greenhouse,6.91,28.42,7.24,0.077,0.049,43.87,1.742,859.8,99.0,26.65,75.24,70.0,0.49999999999999994,0.8660254037844387,0.7412220108485958,-0.6712599575675313,0.0,0.0,0.0,0.0,0.0,0.0,0.0,0.0,0.0,0.0,0.0,Normal,Normal,Normal,Normal,Normal,98.7,0.0,0.0,0.0,0.2,98.7,0.0,0.0,0.0,1.1,Pertahankan pemantauan; sistem berada dalam rentang aman untuk ikan nila dan selada.,monitoring normal
2026-05-14 03:00:00,hot_greenhouse,6.92,28.92,7.04,0.092,0.047,44.03,1.749,875.8,99.0,27.7,72.98,75.0,0.7071067811865476,0.7071067811865476,0.7412220108485958,-0.6712599575675313,0.0,0.0,0.0,0.0,0.0,0.0,0.0,0.0,0.0,0.0,0.0,Normal,Normal,Normal,Normal,Normal,99.1,0.0,0.0,0.0,0.0,99.1,0.0,0.0,0.0,0.9,Pertahankan pemantauan; sistem berada dalam rentang aman untuk ikan nila dan selada.,monitoring normal
2026-05-14 04:00:00,hot_greenhouse,6.93,29.26,7.02,0.08,0.045,43.56,1.738,877.0,99.0,28.39,72.26,19.0,0.8660254037844386,0.5000000000000001,0.7412220108485958,-0.6712599575675313,0.0,0.0,0.0,0.0,0.0,0.0,0.0,0.0,0.0,0.0,0.0,Normal,Normal,Normal,Normal,Normal,99.1,0.0,0.0,0.0,0.0,99.1,0.0,0.0,0.0,0.9,Pertahankan pemantauan; sistem berada dalam rentang aman untuk ikan nila dan selada.,monitoring normal
2026-05-14 05:00:00,hot_greenhouse,6.93,29.67,6.92,0.087,0.059,43.88,1.772,868.5,99.0,28.53,68.09,0.0,0.9659258262890683,0.25881904510252074,0.7412220108485958,-0.6712599575675313,0.0,0.0,0.0,0.0,0.0,0.0,0.0,0.0,0.0,0.0,0.0,Normal,Normal,Normal,Normal,Normal,99.1,0.0,0.5,0.0,0.0,99.1,0.0,0.0,0.2,0.2,Pertahankan pemantauan; sistem berada dalam rentang aman untuk ikan nila dan selada.,monitoring normal
2026-05-14 06:00:00,hot_greenhouse,6.94,30.0,6.84,0.117,0.069,44.02,1.754,872.7,99.0,29.46,69.59,47.0,1.0,6.123233995736766e-17,0.7412220108485958,-0.6712599575675313,0.0,0.0,0.0,0.0,0.0,0.0,0.0,0.0,0.0,0.0,0.0,Normal,Normal,Normal,Normal,Normal,98.9,0.0,0.9,0.0,0.0,98.9,0.0,0.0,0.0,0.2,Pertahankan pemantauan; sistem berada dalam rentang aman untuk ikan nila dan selada.,monitoring normal
2026-05-14 07:00:00,hot_greenhouse,6.95,30.29,6.73,0.23,0.061,43.58,1.728,862.3,99.0,30.34,62.69,2571.0,0.9659258262890683,-0.25881904510252063,0.7412220108485958,-0.6712599575675313,0.0,0.0,0.0,0.0,0.0,0.0,0.0,0.14499999999999957,0.03189999999999991,0.0,13.0,Normal,Normal,Normal,Normal,Normal,99.1,0.0,0.7,0.0,0.0,99.1,0.0,0.0,0.0,0.2,Pertahankan pemantauan; sistem berada dalam rentang aman untuk ikan nila dan selada.,monitoring normal
2026-05-14 08:00:00,hot_greenhouse,6.93,30.51,6.57,0.207,0.088,43.61,1.749,867.3,99.0,32.45,57.81,9220.0,0.8660254037844387,-0.4999999999999998,0.7412220108485958,-0.6712599575675313,0.0,0.0,0.0,0.0,0.0,0.0,0.0,0.2550000000000008,0.05610000000000017,0.15000000000000094,23.0,Normal,Normal,Normal,Normal,Normal,97.5,0.0,0.7,0.0,0.0,97.5,0.0,0.2,1.4,0.2,Pertahankan pemantauan; sistem berada dalam rentang aman untuk ikan nila dan selada.,kipas ON
2026-05-14 09:00:00,hot_greenhouse,6.93,30.8,6.62,0.145,0.077,43.46,1.747,862.5,99.0,33.78,52.2,16431.0,0.7071067811865476,-0.7071067811865475,0.7412220108485958,-0.6712599575675313,0.0,0.0,0.0,0.0,0.0,0.0,0.0,0.40000000000000036,0.08800000000000008,0.5933333333333337,36.0,Warning,Normal,Normal,Normal,Normal,96.5,0.0,1.4,0.0,0.2,96.5,0.0,0.0,1.7,0.2,Ada parameter mendekati batas; lanjutkan monitoring dan validasi sensor sebelum tindakan besar.,monitoring intensif | kipas ON
2026-05-14 10:00:00,hot_greenhouse,6.93,30.91,6.3,0.167,0.081,43.33,1.736,871.0,99.0,35.09,51.74,22648.0,0.49999999999999994,-0.8660254037844387,0.7412220108485958,-0.6712599575675313,0.0,0.0,0.0,0.0,0.0,0.0,0.0,0.45500000000000007,0.10010000000000002,1.0,45.0,Warning,Normal,Normal,Normal,Normal,95.8,0.0,1.6,0.0,0.0,95.8,0.0,0.2,1.9,0.4,Ada parameter mendekati batas; lanjutkan monitoring dan validasi sensor sebelum tindakan besar.,monitoring intensif | kipas ON
2026-05-14 11:00:00,hot_greenhouse,6.92,31.13,6.28,0.137,0.074,43.55,1.753,864.4,99.0,35.99,52.97,27852.0,0.258819045102521,-0.9659258262890682,0.7412220108485958,-0.6712599575675313,0.0,0.0,0.0,0.0,0.0,0.0,0.0,0.5649999999999995,0.1242999999999999,1.0,50.8,Warning,Normal,Normal,Normal,Normal,93.2,0.0,0.9,0.0,0.0,93.2,0.0,1.4,4.0,0.4,Ada parameter mendekati batas; lanjutkan monitoring dan validasi sensor sebelum tindakan besar.,monitoring intensif | kipas ON
2026-05-14 12:00:00,hot_greenhouse,6.94,31.19,6.26,0.157,0.079,43.53,1.74,876.7,99.0,36.43,47.2,28967.0,1.2246467991473532e-16,-1.0,0.7412220108485958,-0.6712599575675313,0.0,0.0,0.0,0.0,0.0,0.0,0.0,0.5950000000000006,0.13090000000000016,1.0,53.6,Warning,Normal,Normal,Normal,Normal,91.8,0.0,0.9,0.0,0.0,91.8,0.0,1.8,5.0,0.4,Ada parameter mendekati batas; lanjutkan monitoring dan validasi sensor sebelum tindakan besar.,monitoring intensif | kipas ON
2026-05-14 13:00:00,hot_greenhouse,6.95,31.23,6.21,0.145,0.056,43.0,1.722,857.9,99.0,36.11,49.97,36387.0,-0.2588190451025208,-0.9659258262890683,0.7412220108485958,-0.6712599575675313,0.0,0.0,0.0,0.0,0.0,0.0,0.0,0.6150000000000002,0.13530000000000006,1.0,55.4,Warning,Normal,Normal,Normal,Normal,91.0,0.0,1.4,0.0,0.0,91.0,0.0,1.9,4.5,1.2,Ada parameter mendekati batas; lanjutkan monitoring dan validasi sensor sebelum tindakan besar.,monitoring intensif | kipas ON
2026-05-14 14:00:00,hot_greenhouse,6.93,31.16,6.22,0.128,0.044,42.92,1.732,860.1,99.0,34.39,51.53,31245.0,-0.4999999999999997,-0.8660254037844388,0.7412220108485958,-0.6712599575675313,0.0,0.0,0.0,0.0,0.0,0.0,0.0,0.5800000000000001,0.12760000000000002,0.7966666666666669,52.2,Warning,Normal,Normal,Normal,Normal,92.3,0.0,1.4,0.0,0.0,92.3,0.0,1.4,3.8,1.1,Ada parameter mendekati batas; lanjutkan monitoring dan validasi sensor sebelum tindakan besar.,monitoring intensif | kipas ON
2026-05-14 15:00:00,hot_greenhouse,6.95,31.03,6.39,0.109,0.063,43.58,1.689,846.8,99.0,32.72,57.34,22522.0,-0.7071067811865471,-0.7071067811865479,0.7412220108485958,-0.6712599575675313,0.0,0.0,0.0,0.0,0.0,0.0,0.0,0.5150000000000006,0.11330000000000012,0.23999999999999963,46.4,Warning,Normal,Normal,Normal,Normal,91.8,0.0,0.9,0.0,0.0,91.8,0.0,1.1,5.9,0.2,Ada parameter mendekati batas; lanjutkan monitoring dan validasi sensor sebelum tindakan besar.,monitoring intensif | kipas ON
2026-05-14 16:00:00,hot_greenhouse,6.95,30.76,6.5,0.101,0.072,42.86,1.701,852.9,99.0,31.61,58.36,13141.0,-0.8660254037844385,-0.5000000000000004,0.7412220108485958,-0.6712599575675313,0.0,0.0,0.0,0.0,0.0,0.0,0.0,0.3800000000000008,0.08360000000000017,0.0,34.2,Warning,Normal,Normal,Normal,Normal,93.9,0.0,1.2,0.0,0.2,93.9,0.0,0.2,4.0,0.4,Ada parameter mendekati batas; lanjutkan monitoring dan validasi sensor sebelum tindakan besar.,monitoring intensif | kipas ON
2026-05-14 17:00:00,hot_greenhouse,6.95,30.35,6.56,0.219,0.069,43.15,1.709,865.8,99.0,29.43,63.77,4865.0,-0.9659258262890683,-0.25881904510252063,0.7412220108485958,-0.6712599575675313,0.0,0.0,0.0,0.0,0.0,0.0,0.0,0.1750000000000007,0.03850000000000016,0.0,15.8,Normal,Normal,Normal,Normal,Normal,97.3,0.0,1.4,0.0,0.0,97.3,0.0,0.0,0.5,0.8,Pertahankan pemantauan; sistem berada dalam rentang aman untuk ikan nila dan selada.,monitoring normal
2026-05-14 18:00:00,hot_greenhouse,6.96,29.88,6.82,0.192,0.07,43.32,1.708,863.2,99.0,28.02,66.98,279.0,-1.0,-1.8369701987210297e-16,0.7412220108485958,-0.6712599575675313,0.0,0.0,0.0,0.0,0.0,0.0,0.0,0.0,0.0,0.0,0.0,Normal,Normal,Normal,Normal,Normal,97.8,0.0,0.9,0.0,0.0,97.8,0.0,0.0,0.2,1.0,Pertahankan pemantauan; sistem berada dalam rentang aman untuk ikan nila dan selada.,monitoring normal
2026-05-14 19:00:00,hot_greenhouse,6.96,29.46,6.82,0.169,0.078,42.48,1.748,883.3,99.0,28.26,74.69,68.0,-0.9659258262890684,0.2588190451025203,0.7412220108485958,-0.6712599575675313,0.0,0.0,0.0,0.0,0.0,0.0,0.0,0.0,0.0,0.0,0.0,Normal,Normal,Normal,Normal,Normal,99.0,0.2,0.0,0.0,0.0,99.0,0.0,0.0,0.0,0.8,Pertahankan pemantauan; sistem berada dalam rentang aman untuk ikan nila dan selada.,monitoring normal
2026-05-14 20:00:00,hot_greenhouse,6.96,28.97,6.88,0.128,0.071,42.4,1.741,878.8,99.0,27.64,74.02,90.0,-0.8660254037844386,0.5000000000000001,0.7412220108485958,-0.6712599575675313,0.0,0.0,0.0,0.0,0.0,0.0,0.0,0.0,0.0,0.0,0.0,Normal,Normal,Normal,Normal,Normal,98.3,0.2,0.0,0.5,0.0,98.3,0.0,0.0,0.0,1.0,Pertahankan pemantauan; sistem berada dalam rentang aman untuk ikan nila dan selada.,monitoring normal
2026-05-14 21:00:00,hot_greenhouse,6.96,28.38,7.15,0.141,0.071,43.36,1.734,864.5,99.0,26.22,77.65,58.0,-0.7071067811865477,0.7071067811865474,0.7412220108485958,-0.6712599575675313,0.0,0.0,0.0,0.0,0.0,0.0,0.0,0.0,0.0,0.0,0.0,Normal,Normal,Normal,Normal,Normal,99.2,0.0,0.0,0.0,0.0,99.2,0.0,0.0,0.0,0.8,Pertahankan pemantauan; sistem berada dalam rentang aman untuk ikan nila dan selada.,monitoring normal
2026-05-14 22:00:00,hot_greenhouse,6.96,27.78,7.3,0.109,0.054,42.74,1.725,863.5,99.0,25.86,77.19,36.0,-0.5000000000000004,0.8660254037844384,0.7412220108485958,-0.6712599575675313,0.0,0.0,0.0,0.0,0.0,0.0,0.0,0.0,0.0,0.0,0.0,Normal,Normal,Normal,Normal,Normal,99.0,0.0,0.0,0.0,0.0,99.0,0.0,0.0,0.0,1.0,Pertahankan pemantauan; sistem berada dalam rentang aman untuk ikan nila dan selada.,monitoring normal
2026-05-14 23:00:00,hot_greenhouse,6.96,27.09,7.44,0.103,0.05,42.52,1.746,874.8,99.0,25.26,82.94,23.0,-0.25881904510252157,0.9659258262890681,0.7412220108485958,-0.6712599575675313,0.0,0.0,0.0,0.0,0.0,0.0,0.0,0.0,0.0,0.29399999999999976,13.2,Normal,Normal,Normal,Normal,Normal,97.6,0.5,0.0,0.7,0.0,97.6,0.0,0.0,0.0,1.3,Pertahankan pemantauan; sistem berada dalam rentang aman untuk ikan nila dan selada.,monitoring normal
2026-05-15 00:00:00,hot_greenhouse,6.95,26.48,7.57,0.103,0.07,42.55,1.736,855.4,99.0,24.26,83.12,45.0,0.0,1.0,0.7295575540864875,-0.6839194216246106,0.0,0.0,0.0,0.0,0.0,0.0,0.0,0.0,0.0,0.31200000000000044,14.0,Normal,Normal,Normal,Normal,Normal,98.0,0.2,0.0,0.5,0.0,98.0,0.0,0.0,0.0,1.3,Pertahankan pemantauan; sistem berada dalam rentang aman untuk ikan nila dan selada.,monitoring normal
2026-05-15 01:00:00,hot_greenhouse,6.97,25.77,7.52,0.11,0.057,42.61,1.705,867.0,99.0,23.48,85.93,38.0,0.25881904510252074,0.9659258262890683,0.7295575540864875,-0.6839194216246106,0.0,0.0,0.0,0.0,0.0,0.0,0.0,0.0,0.0,0.5930000000000006,26.7,Normal,Normal,Normal,Normal,Normal,98.9,0.0,0.0,0.0,0.0,98.9,0.0,0.0,0.0,1.1,Pertahankan pemantauan; sistem berada dalam rentang aman untuk ikan nila dan selada.,monitoring normal
2026-05-15 02:00:00,hot_greenhouse,6.99,25.15,7.69,0.091,0.051,42.18,1.704,854.9,99.0,21.94,89.92,20.0,0.49999999999999994,0.8660254037844387,0.7295575540864875,-0.6839194216246106,0.0,0.0,0.0,0.0,0.0,0.0,0.0,0.0,0.0,0.9920000000000002,44.6,Warning,Normal,Normal,Normal,Normal,98.9,0.0,0.0,0.0,0.0,98.9,0.0,0.0,0.0,1.1,Ada parameter mendekati batas; lanjutkan monitoring dan validasi sensor sebelum tindakan besar.,monitoring intensif
2026-05-15 03:00:00,normal,6.97,25.12,7.97,0.078,0.051,42.76,1.715,854.4,99.0,22.47,87.41,96.0,0.7071067811865476,0.7071067811865476,0.7295575540864875,-0.6839194216246106,0.0,0.0,0.0,0.0,0.0,0.0,0.0,0.0,0.0,0.7409999999999997,33.3,Warning,Normal,Normal,Normal,Normal,98.1,0.0,0.0,0.0,0.0,98.1,0.0,0.0,0.0,1.9,Ada parameter mendekati batas; lanjutkan monitoring dan validasi sensor sebelum tindakan besar.,monitoring intensif
2026-05-15 04:00:00,normal,6.96,25.19,7.71,0.108,0.055,42.19,1.707,870.5,99.0,22.33,89.87,90.0,0.8660254037844386,0.5000000000000001,0.7295575540864875,-0.6839194216246106,0.0,0.0,0.0,0.0,0.0,0.0,0.0,0.0,0.0,0.9870000000000004,44.4,Warning,Normal,Normal,Normal,Normal,99.2,0.0,0.0,0.0,0.0,99.2,0.0,0.0,0.0,0.8,Ada parameter mendekati batas; lanjutkan monitoring dan validasi sensor sebelum tindakan besar.,monitoring intensif
2026-05-15 05:00:00,normal,6.97,25.1,7.86,0.111,0.058,42.88,1.721,874.5,99.0,22.27,90.89,73.0,0.9659258262890683,0.25881904510252074,0.7295575540864875,-0.6839194216246106,0.0,0.0,0.0,0.0,0.0,0.0,0.0,0.0,0.0,1.0,45.0,Warning,Normal,Normal,Normal,Normal,98.3,0.0,0.0,0.0,0.2,98.3,0.0,0.0,0.0,1.5,Ada parameter mendekati batas; lanjutkan monitoring dan validasi sensor sebelum tindakan besar.,monitoring intensif
2026-05-15 06:00:00,oxygen_stress,6.97,25.07,7.36,0.102,0.057,42.58,1.727,867.4,99.0,22.67,89.64,22.0,1.0,6.123233995736766e-17,0.7295575540864875,-0.6839194216246106,0.0,0.0,0.0,0.0,0.0,0.0,0.0,0.0,0.0,0.9640000000000001,43.4,Warning,Normal,Normal,Normal,Normal,98.3,0.2,0.0,0.0,0.0,98.3,0.0,0.0,0.0,1.5,Ada parameter mendekati batas; lanjutkan monitoring dan validasi sensor sebelum tindakan besar.,monitoring intensif
2026-05-15 07:00:00,oxygen_stress,6.95,25.15,6.96,0.218,0.057,42.48,1.734,867.0,99.0,23.51,80.81,4975.0,0.9659258262890683,-0.25881904510252063,0.7295575540864875,-0.6839194216246106,0.0,0.0,0.0,0.0,0.0,0.0,0.0,0.0,0.0,0.08100000000000022,3.6,Normal,Normal,Normal,Normal,Normal,98.1,0.7,0.0,0.0,0.0,98.1,0.0,0.0,0.0,1.2,Pertahankan pemantauan; sistem berada dalam rentang aman untuk ikan nila dan selada.,monitoring normal
2026-05-15 08:00:00,oxygen_stress,6.96,25.23,6.44,0.218,0.069,42.68,1.74,885.2,99.0,24.77,80.56,12885.0,0.8660254037844387,-0.4999999999999998,0.7295575540864875,-0.6839194216246106,0.0,0.0,0.0,0.0,0.0,0.0,0.0,0.0,0.0,0.05600000000000023,2.5,Normal,Normal,Normal,Normal,Normal,98.8,0.2,0.0,0.0,0.0,98.8,0.0,0.0,0.0,1.0,Pertahankan pemantauan; sistem berada dalam rentang aman untuk ikan nila dan selada.,monitoring normal
2026-05-15 09:00:00,oxygen_stress,6.95,25.27,6.08,0.174,0.067,42.01,1.755,884.2,99.0,26.02,79.28,23005.0,0.7071067811865476,-0.7071067811865475,0.7295575540864875,-0.6839194216246106,0.0,0.0,0.0,0.0,0.0,0.0,0.0,0.0,0.0,0.0,0.0,Normal,Normal,Normal,Normal,Normal,99.2,0.2,0.0,0.0,0.0,99.2,0.0,0.0,0.0,0.6,Pertahankan pemantauan; sistem berada dalam rentang aman untuk ikan nila dan selada.,monitoring normal
2026-05-15 10:00:00,oxygen_stress,6.94,25.36,5.62,0.154,0.082,42.53,1.769,870.5,99.0,26.85,74.07,31577.0,0.49999999999999994,-0.8660254037844387,0.7295575540864875,-0.6839194216246106,0.0,0.0,0.0,0.0,0.0,0.0,0.0,0.0,0.0,0.0,0.0,Normal,Normal,Normal,Normal,Normal,98.5,0.0,0.0,0.0,0.0,98.5,0.0,0.0,0.0,1.5,Pertahankan pemantauan; sistem berada dalam rentang aman untuk ikan nila dan selada.,monitoring normal
2026-05-15 11:00:00,oxygen_stress,6.95,25.48,5.23,0.146,0.072,42.37,1.723,863.4,99.0,28.01,73.35,36985.0,0.258819045102521,-0.9659258262890682,0.7295575540864875,-0.6839194216246106,0.0,0.0,0.0,0.0,0.0,0.0,0.0,0.0,0.0,0.0,0.0,Normal,Normal,Normal,Normal,Normal,96.0,0.0,0.9,0.0,0.0,96.0,0.0,0.0,0.0,3.1,Pertahankan pemantauan; sistem berada dalam rentang aman untuk ikan nila dan selada.,monitoring normal
2026-05-15 12:00:00,oxygen_stress,6.95,25.61,4.91,0.152,0.068,42.78,1.74,869.7,99.0,28.46,75.26,38724.0,1.2246467991473532e-16,-1.0,0.7295575540864875,-0.6839194216246106,0.0,0.08999999999999986,0.0,0.0,0.0,0.0,0.0,0.0,0.026999999999999958,0.0,9.0,Normal,Normal,Normal,Normal,Normal,95.3,0.0,1.3,0.0,0.0,95.3,0.0,0.0,0.0,3.4,Pertahankan pemantauan; sistem berada dalam rentang aman untuk ikan nila dan selada.,monitoring normal
2026-05-15 13:00:00,oxygen_stress,6.95,25.67,4.87,0.12,0.057,41.85,1.755,868.5,99.0,28.0,75.39,34630.0,-0.2588190451025208,-0.9659258262890683,0.7295575540864875,-0.6839194216246106,0.0,0.1299999999999999,0.0,0.0,0.0,0.0,0.0,0.0,0.038999999999999965,0.0,13.0,Normal,Normal,Normal,Normal,Normal,96.6,0.0,1.1,0.2,0.0,96.6,0.0,0.0,0.0,2.1,Pertahankan pemantauan; sistem berada dalam rentang aman untuk ikan nila dan selada.,monitoring normal
2026-05-15 14:00:00,oxygen_stress,6.97,25.73,4.68,0.122,0.064,42.72,1.729,856.8,99.0,27.07,77.15,28928.0,-0.4999999999999997,-0.8660254037844388,0.7295575540864875,-0.6839194216246106,0.0,0.3200000000000003,0.0,0.0,0.0,0.0,0.0,0.0,0.09600000000000009,0.0,32.0,Warning,Normal,Normal,Normal,Normal,99.0,0.0,0.0,0.0,0.0,99.0,0.0,0.0,0.0,1.0,Ada parameter mendekati batas; lanjutkan monitoring dan validasi sensor sebelum tindakan besar.,monitoring intensif
2026-05-15 15:00:00,oxygen_stress,6.97,25.68,4.83,0.14,0.07,42.49,1.761,857.4,99.0,25.89,81.02,21650.0,-0.7071067811865471,-0.7071067811865479,0.7295575540864875,-0.6839194216246106,0.0,0.16999999999999993,0.0,0.0,0.0,0.0,0.0,0.0,0.050999999999999976,0.1019999999999996,17.0,Normal,Normal,Normal,Normal,Normal,99.1,0.2,0.0,0.2,0.0,99.1,0.0,0.0,0.0,0.4,Pertahankan pemantauan; sistem berada dalam rentang aman untuk ikan nila dan selada.,monitoring normal
2026-05-15 16:00:00,oxygen_stress,6.97,25.66,5.11,0.099,0.074,42.62,1.739,862.1,99.0,24.07,82.16,11582.0,-0.8660254037844385,-0.5000000000000004,0.7295575540864875,-0.6839194216246106,0.0,0.0,0.0,0.0,0.0,0.0,0.0,0.0,0.0,0.21599999999999966,9.7,Normal,Normal,Normal,Normal,Normal,98.8,0.2,0.0,0.0,0.0,98.8,0.0,0.0,0.0,1.0,Pertahankan pemantauan; sistem berada dalam rentang aman untuk ikan nila dan selada.,monitoring normal
2026-05-15 17:00:00,oxygen_stress,6.96,25.62,5.15,0.239,0.069,42.12,1.774,868.3,99.0,22.48,84.78,4320.0,-0.9659258262890683,-0.25881904510252063,0.7295575540864875,-0.6839194216246106,0.0,0.0,0.0,0.0,0.0,0.0,0.0,0.0,0.0,0.4780000000000001,21.5,Normal,Normal,Normal,Normal,Normal,97.8,0.5,0.0,0.0,0.0,97.8,0.0,0.0,0.0,1.8,Pertahankan pemantauan; sistem berada dalam rentang aman untuk ikan nila dan selada.,monitoring normal
2026-05-15 18:00:00,oxygen_stress,6.96,25.53,5.28,0.206,0.08,42.37,1.77,875.5,99.0,22.01,88.42,0.0,-1.0,-1.8369701987210297e-16,0.7295575540864875,-0.6839194216246106,0.0,0.0,0.0,0.0,0.0,0.0,0.0,0.0,0.0,0.8420000000000002,37.9,Warning,Normal,Normal,Normal,Normal,96.9,0.5,0.0,0.0,0.0,96.9,0.0,0.0,0.2,2.4,Ada parameter mendekati batas; lanjutkan monitoring dan validasi sensor sebelum tindakan besar.,monitoring intensif
2026-05-15 19:00:00,oxygen_stress,6.96,25.39,5.41,0.169,0.072,41.53,1.768,887.4,99.0,22.27,89.36,66.0,-0.9659258262890684,0.2588190451025203,0.7295575540864875,-0.6839194216246106,0.0,0.0,0.0,0.0,0.0,0.0,0.0,0.0,0.0,0.9359999999999999,42.1,Warning,Normal,Normal,Normal,Normal,97.8,0.5,0.0,0.0,0.2,97.8,0.0,0.0,0.0,1.5,Ada parameter mendekati batas; lanjutkan monitoring dan validasi sensor sebelum tindakan besar.,monitoring intensif
2026-05-15 20:00:00,oxygen_stress,6.95,25.37,5.5,0.15,0.08,42.38,1.77,884.1,99.0,22.13,88.73,61.0,-0.8660254037844386,0.5000000000000001,0.7295575540864875,-0.6839194216246106,0.0,0.0,0.0,0.0,0.0,0.0,0.0,0.0,0.0,0.8730000000000004,39.3,Warning,Normal,Normal,Normal,Normal,98.0,0.5,0.0,0.0,0.0,98.0,0.0,0.0,0.0,1.5,Ada parameter mendekati batas; lanjutkan monitoring dan validasi sensor sebelum tindakan besar.,monitoring intensif
2026-05-15 21:00:00,oxygen_stress,6.95,25.33,5.83,0.172,0.067,41.91,1.778,894.3,99.0,22.16,90.3,56.0,-0.7071067811865477,0.7071067811865474,0.7295575540864875,-0.6839194216246106,0.0,0.0,0.0,0.0,0.0,0.0,0.0,0.0,0.0,1.0,45.0,Warning,Normal,Normal,Normal,Normal,97.7,0.2,0.0,0.0,0.2,97.7,0.0,0.0,0.0,1.8,Ada parameter mendekati batas; lanjutkan monitoring dan validasi sensor sebelum tindakan besar.,monitoring intensif
2026-05-15 22:00:00,oxygen_stress,6.95,25.25,6.37,0.154,0.054,41.4,1.776,877.9,99.0,22.34,90.14,76.0,-0.5000000000000004,0.8660254037844384,0.7295575540864875,-0.6839194216246106,0.0,0.0,0.0,0.0,0.0,0.0,0.0,0.0,0.0,1.0,45.0,Warning,Normal,Normal,Normal,Normal,97.8,0.5,0.0,0.0,0.2,97.8,0.0,0.0,0.0,1.5,Ada parameter mendekati batas; lanjutkan monitoring dan validasi sensor sebelum tindakan besar.,monitoring intensif
2026-05-15 23:00:00,oxygen_stress,6.93,25.18,6.56,0.15,0.068,41.48,1.783,882.5,99.0,22.03,89.18,61.0,-0.25881904510252157,0.9659258262890681,0.7295575540864875,-0.6839194216246106,0.0,0.0,0.0,0.0,0.0,0.0,0.0,0.0,0.0,0.9180000000000007,41.3,Warning,Normal,Normal,Normal,Normal,98.2,0.5,0.0,0.0,0.2,98.2,0.0,0.0,0.0,1.1,Ada parameter mendekati batas; lanjutkan monitoring dan validasi sensor sebelum tindakan besar.,monitoring intensif
2026-05-16 00:00:00,oxygen_stress,6.92,25.08,6.96,0.143,0.07,41.96,1.777,893.1,99.0,22.38,88.19,64.0,0.0,1.0,0.717676913675962,-0.6963762255968722,0.0,0.0,0.0,0.0,0.0,0.0,0.0,0.0,0.0,0.8189999999999997,36.9,Warning,Normal,Normal,Normal,Normal,98.4,0.5,0.0,0.0,0.0,98.4,0.0,0.0,0.0,1.1,Ada parameter mendekati batas; lanjutkan monitoring dan validasi sensor sebelum tindakan besar.,monitoring intensif
2026-05-16 01:00:00,oxygen_stress,6.92,25.0,7.41,0.144,0.067,41.73,1.777,895.0,99.0,22.25,92.65,61.0,0.25881904510252074,0.9659258262890683,0.717676913675962,-0.6963762255968722,0.0,0.0,0.0,0.0,0.0,0.0,0.0,0.0,0.0,1.0,45.0,Warning,Normal,Normal,Normal,Normal,98.0,0.2,0.0,0.0,0.2,98.0,0.0,0.0,0.0,1.5,Ada parameter mendekati batas; lanjutkan monitoring dan validasi sensor sebelum tindakan besar.,monitoring intensif
2026-05-16 02:00:00,oxygen_stress,6.9,24.93,7.76,0.097,0.065,42.09,1.793,892.0,99.0,21.68,90.62,54.0,0.49999999999999994,0.8660254037844387,0.717676913675962,-0.6963762255968722,0.0,0.0,0.0,0.0,0.0,0.0,0.0,0.0,0.0,1.0,45.0,Warning,Normal,Normal,Normal,Normal,98.7,0.2,0.0,0.0,0.2,98.7,0.0,0.0,0.0,0.8,Ada parameter mendekati batas; lanjutkan monitoring dan validasi sensor sebelum tindakan besar.,monitoring intensif
2026-05-16 03:00:00,normal,6.91,24.97,7.74,0.11,0.057,41.78,1.795,892.6,99.0,22.58,88.4,0.0,0.7071067811865476,0.7071067811865476,0.717676913675962,-0.6963762255968722,0.0,0.0,0.0,0.0,0.0,0.0,0.0,0.0,0.0,0.8400000000000005,37.8,Warning,Normal,Normal,Normal,Normal,98.3,0.2,0.0,0.0,0.0,98.3,0.0,0.0,0.0,1.5,Ada parameter mendekati batas; lanjutkan monitoring dan validasi sensor sebelum tindakan besar.,monitoring intensif
2026-05-16 04:00:00,normal,6.92,24.91,7.84,0.106,0.057,41.51,1.799,909.7,99.0,21.92,91.16,47.0,0.8660254037844386,0.5000000000000001,0.717676913675962,-0.6963762255968722,0.0,0.0,0.0,0.0,0.04850000000000023,0.0,0.0,0.0,0.0,1.0,45.0,Warning,Normal,Normal,Normal,Normal,99.2,0.0,0.0,0.0,0.2,99.2,0.0,0.0,0.0,0.6,Ada parameter mendekati batas; lanjutkan monitoring dan validasi sensor sebelum tindakan besar.,monitoring intensif
2026-05-16 05:00:00,normal,6.92,24.9,7.78,0.134,0.07,42.66,1.785,896.3,99.0,21.46,90.27,31.0,0.9659258262890683,0.25881904510252074,0.717676913675962,-0.6963762255968722,0.0,0.0,0.0,0.0,0.0,0.0,0.0,0.0,0.0,1.0,45.0,Warning,Normal,Normal,Normal,Normal,98.0,0.0,0.0,0.2,0.2,98.0,0.0,0.0,0.0,1.6,Ada parameter mendekati batas; lanjutkan monitoring dan validasi sensor sebelum tindakan besar.,monitoring intensif
2026-05-16 06:00:00,normal,6.91,24.84,7.8,0.116,0.071,42.67,1.787,892.0,99.0,21.56,89.99,13.0,1.0,6.123233995736766e-17,0.717676913675962,-0.6963762255968722,0.0,0.0,0.0,0.0,0.0,0.0,0.0,0.0,0.0,0.9989999999999994,45.0,Warning,Normal,Normal,Normal,Normal,98.2,0.2,0.0,0.2,0.2,98.2,0.0,0.0,0.0,1.1,Ada parameter mendekati batas; lanjutkan monitoring dan validasi sensor sebelum tindakan besar.,monitoring intensif
2026-05-16 07:00:00,normal,6.92,24.84,7.75,0.216,0.064,41.87,1.79,891.4,99.0,22.33,84.8,4337.0,0.9659258262890683,-0.25881904510252063,0.717676913675962,-0.6963762255968722,0.0,0.0,0.0,0.0,0.0,0.0,0.0,0.0,0.0,0.4799999999999997,21.6,Normal,Normal,Normal,Normal,Normal,97.8,0.2,0.0,0.0,0.0,97.8,0.0,0.0,0.0,1.9,Pertahankan pemantauan; sistem berada dalam rentang aman untuk ikan nila dan selada.,monitoring normal
2026-05-16 08:00:00,normal,6.94,24.87,7.77,0.191,0.078,42.34,1.799,891.1,99.0,24.11,79.72,12451.0,0.8660254037844387,-0.4999999999999998,0.717676913675962,-0.6963762255968722,0.0,0.0,0.0,0.0,0.0,0.0,0.0,0.0,0.0,0.0,0.0,Normal,Normal,Normal,Normal,Normal,98.9,0.0,0.0,0.0,0.0,98.9,0.0,0.0,0.0,1.1,Pertahankan pemantauan; sistem berada dalam rentang aman untuk ikan nila dan selada.,monitoring normal
2026-05-16 09:00:00,normal,6.93,24.99,7.6,0.17,0.062,42.69,1.783,883.5,99.0,25.49,79.5,21190.0,0.7071067811865476,-0.7071067811865475,0.717676913675962,-0.6963762255968722,0.0,0.0,0.0,0.0,0.0,0.0,0.0,0.0,0.0,0.0,0.0,Normal,Normal,Normal,Normal,Normal,99.2,0.0,0.0,0.0,0.0,99.2,0.0,0.0,0.0,0.8,Pertahankan pemantauan; sistem berada dalam rentang aman untuk ikan nila dan selada.,monitoring normal
2026-05-16 10:00:00,normal,6.92,25.07,7.51,0.138,0.064,42.49,1.749,881.5,99.0,26.76,79.33,29422.0,0.49999999999999994,-0.8660254037844387,0.717676913675962,-0.6963762255968722,0.0,0.0,0.0,0.0,0.0,0.0,0.0,0.0,0.0,0.0,0.0,Normal,Normal,Normal,Normal,Normal,98.3,0.0,0.0,0.2,0.0,98.3,0.0,0.0,0.0,1.4,Pertahankan pemantauan; sistem berada dalam rentang aman untuk ikan nila dan selada.,monitoring normal
2026-05-16 11:00:00,normal,6.91,25.14,7.51,0.122,0.077,42.47,1.75,865.3,99.0,27.99,75.67,34581.0,0.258819045102521,-0.9659258262890682,0.717676913675962,-0.6963762255968722,0.0,0.0,0.0,0.0,0.0,0.0,0.0,0.0,0.0,0.0,0.0,Normal,Normal,Normal,Normal,Normal,98.9,0.0,0.0,0.2,0.0,98.9,0.0,0.0,0.0,0.8,Pertahankan pemantauan; sistem berada dalam rentang aman untuk ikan nila dan selada.,monitoring normal
2026-05-16 12:00:00,fish_stress_combo,6.91,25.86,6.96,0.176,0.105,42.54,1.746,870.7,99.0,29.19,71.25,36627.0,1.2246467991473532e-16,-1.0,0.717676913675962,-0.6963762255968722,0.0,0.0,0.0,0.0,0.0,0.0,0.0,0.0,0.0,0.0,0.0,Normal,Normal,Normal,Normal,Normal,98.0,0.0,0.2,0.0,0.0,98.0,0.0,0.0,0.0,1.7,Pertahankan pemantauan; sistem berada dalam rentang aman untuk ikan nila dan selada.,monitoring normal
2026-05-16 13:00:00,fish_stress_combo,6.9,26.59,6.51,0.206,0.129,42.02,1.733,867.1,99.0,29.75,68.91,34394.0,-0.2588190451025208,-0.9659258262890683,0.717676913675962,-0.6963762255968722,0.0,0.0,0.0,0.0,0.0,0.0,0.0,0.0,0.0,0.0,0.0,Normal,Normal,Normal,Normal,Normal,98.5,0.2,0.2,0.0,0.0,98.5,0.0,0.0,0.2,0.8,Pertahankan pemantauan; sistem berada dalam rentang aman untuk ikan nila dan selada.,monitoring normal
2026-05-16 14:00:00,fish_stress_combo,6.89,27.24,6.18,0.25,0.173,41.94,1.756,866.9,99.0,29.7,67.79,29705.0,-0.4999999999999997,-0.8660254037844388,0.717676913675962,-0.6963762255968722,0.0,0.0,0.0,0.0,0.0,0.0,0.0,0.0,0.0,0.0,0.0,Normal,Normal,Normal,Normal,Normal,97.8,0.9,0.2,0.0,0.2,97.8,0.0,0.0,0.2,0.6,Pertahankan pemantauan; sistem berada dalam rentang aman untuk ikan nila dan selada.,monitoring normal
2026-05-16 15:00:00,fish_stress_combo,6.89,27.9,5.85,0.293,0.208,41.84,1.71,858.9,99.0,29.37,67.44,22133.0,-0.7071067811865471,-0.7071067811865479,0.717676913675962,-0.6963762255968722,0.0,0.0,0.0,0.0,0.0,0.0,0.0,0.0,0.0,0.0,0.0,Normal,Normal,Normal,Normal,Normal,99.3,0.2,0.2,0.0,0.2,99.3,0.0,0.0,0.0,0.0,Pertahankan pemantauan; sistem berada dalam rentang aman untuk ikan nila dan selada.,monitoring normal
2026-05-16 16:00:00,fish_stress_combo,6.9,28.42,5.5,0.333,0.219,41.91,1.714,865.5,99.0,27.83,68.27,12069.0,-0.8660254037844385,-0.5000000000000004,0.717676913675962,-0.6963762255968722,0.0,0.0,0.0,0.0,0.0,0.0,0.0,0.0,0.0,0.0,0.0,Normal,Normal,Normal,Normal,Normal,99.3,0.5,0.2,0.0,0.0,99.3,0.0,0.0,0.0,0.0,Pertahankan pemantauan; sistem berada dalam rentang aman untuk ikan nila dan selada.,monitoring normal
2026-05-16 17:00:00,fish_stress_combo,6.89,29.01,4.65,0.5,0.266,41.94,1.728,869.4,99.0,27.91,69.28,4107.0,-0.9659258262890683,-0.25881904510252063,0.717676913675962,-0.6963762255968722,0.0,0.34999999999999964,0.0,0.0,0.0,0.0,0.0,0.0,0.10499999999999989,0.0,35.0,Warning,Normal,Normal,Normal,Normal,96.9,0.9,1.8,0.0,0.2,96.9,0.0,0.0,0.0,0.2,Ada parameter mendekati batas; lanjutkan monitoring dan validasi sensor sebelum tindakan besar.,monitoring intensif
2026-05-16 18:00:00,fish_stress_combo,6.89,29.33,4.31,0.505,0.302,42.06,1.732,871.4,99.0,27.24,65.48,601.0,-1.0,-1.8369701987210297e-16,0.717676913675962,-0.6963762255968722,0.0,0.6900000000000004,0.010000000000000009,0.0,0.0,0.0,0.0,0.0,0.2090000000000001,0.0,69.0,Warning,Normal,Normal,Normal,Normal,86.2,0.7,12.2,0.0,0.2,86.2,0.0,0.2,0.2,0.2,Ada parameter mendekati batas; lanjutkan monitoring dan validasi sensor sebelum tindakan besar.,monitoring intensif
2026-05-16 19:00:00,fish_stress_combo,6.9,29.7,4.03,0.526,0.324,41.98,1.729,859.8,99.0,28.42,71.55,87.0,-0.9659258262890684,0.2588190451025203,0.717676913675962,-0.6963762255968722,0.0,0.9699999999999998,0.052000000000000046,0.0,0.0,0.0,0.0,0.0,0.30139999999999995,0.0,97.0,Critical,DO rendah,DO rendah,DO rendah,DO rendah,63.7,0.2,63.7,0.0,0.0,35.2,0.0,0.6,0.0,0.2,"Tingkatkan aerasi, cek diffuser, dan kurangi pemberian pakan sementara.",aerator ON
2026-05-16 20:00:00,fish_stress_combo,6.9,29.96,3.93,0.52,0.365,41.69,1.717,859.3,99.0,28.79,68.52,88.0,-0.8660254037844386,0.5000000000000001,0.717676913675962,-0.6963762255968722,0.0,1.0,0.040000000000000036,0.0,0.0,0.0,0.0,0.0,0.308,0.0,100.0,Critical,DO rendah,DO rendah,DO rendah,DO rendah,83.7,0.0,83.7,0.0,0.0,16.0,0.0,0.3,0.0,0.0,"Tingkatkan aerasi, cek diffuser, dan kurangi pemberian pakan sementara.",aerator ON
2026-05-16 21:00:00,fish_stress_combo,6.9,30.2,3.71,0.558,0.4,42.1,1.736,856.8,99.0,29.66,67.81,79.0,-0.7071067811865477,0.7071067811865474,0.717676913675962,-0.6963762255968722,0.0,1.0,0.1160000000000001,0.0,0.0,0.0,0.0,0.09999999999999964,0.5251999999999999,0.0,100.0,Critical,DO rendah,DO rendah,DO rendah,DO rendah,92.9,0.0,92.9,0.0,0.0,3.3,0.0,3.8,0.0,0.0,"Tingkatkan aerasi, cek diffuser, dan kurangi pemberian pakan sementara.",aerator ON
2026-05-16 22:00:00,fish_stress_combo,6.89,30.4,3.56,0.559,0.412,41.59,1.712,871.2,99.0,30.16,64.72,51.0,-0.5000000000000004,0.8660254037844384,0.717676913675962,-0.6963762255968722,0.0,1.0,0.1180000000000001,0.0,0.0,0.0,0.0,0.1999999999999993,0.5475999999999999,0.0,100.0,Critical,DO rendah,DO rendah,DO rendah,DO rendah,86.2,0.0,86.2,0.0,0.0,1.5,0.0,12.3,0.0,0.0,"Tingkatkan aerasi, cek diffuser, dan kurangi pemberian pakan sementara.",aerator ON
2026-05-16 23:00:00,fish_stress_combo,6.89,30.42,3.47,0.566,0.426,41.97,1.742,866.7,99.0,30.04,67.58,79.0,-0.25881904510252157,0.9659258262890681,0.717676913675962,-0.6963762255968722,0.0,1.0,0.1319999999999999,0.0,0.0,0.0,0.0,0.21000000000000085,0.5526000000000002,0.0,100.0,Critical,DO rendah,DO rendah,DO rendah,DO rendah,80.5,0.0,80.5,0.0,0.0,1.5,0.0,18.0,0.0,0.0,"Tingkatkan aerasi, cek diffuser, dan kurangi pemberian pakan sementara.",aerator ON
2026-05-17 00:00:00,fish_stress_combo,6.91,30.48,3.4,0.545,0.452,41.65,1.726,872.0,99.0,29.9,67.38,45.0,0.0,1.0,0.705583610107178,-0.7086266782644596,0.0,1.0,0.09000000000000008,0.0,0.0,0.0,0.0,0.2400000000000002,0.5508000000000001,0.0,100.0,Critical,DO rendah,DO rendah,DO rendah,DO rendah,78.5,0.0,78.5,0.0,0.0,2.0,0.0,19.5,0.0,0.0,"Tingkatkan aerasi, cek diffuser, dan kurangi pemberian pakan sementara.",aerator ON
2026-05-17 01:00:00,fish_stress_combo,6.9,30.56,3.43,0.549,0.458,42.21,1.728,865.3,99.0,30.35,66.58,50.0,0.25881904510252074,0.9659258262890683,0.705583610107178,-0.7086266782644596,0.0,1.0,0.09800000000000009,0.0,0.0,0.0,0.0,0.27999999999999936,0.5611999999999999,0.0,100.0,Critical,DO rendah,DO rendah,DO rendah,DO rendah,80.3,0.0,80.3,0.0,0.0,1.0,0.0,18.7,0.0,0.0,"Tingkatkan aerasi, cek diffuser, dan kurangi pemberian pakan sementara.",aerator ON
2026-05-17 02:00:00,fish_stress_combo,6.89,30.44,3.51,0.529,0.464,41.52,1.69,857.9,99.0,29.85,64.07,18.0,0.49999999999999994,0.8660254037844387,0.705583610107178,-0.7086266782644596,0.0,1.0,0.05800000000000005,0.0,0.0,0.0,0.0,0.22000000000000064,0.5400000000000001,0.0,100.0,Critical,DO rendah,DO rendah,DO rendah,DO rendah,80.5,0.0,80.5,0.0,0.0,1.5,0.0,18.0,0.0,0.0,"Tingkatkan aerasi, cek diffuser, dan kurangi pemberian pakan sementara.",aerator ON
2026-05-17 03:00:00,fish_stress_combo,6.88,30.28,3.62,0.546,0.462,42.69,1.715,856.7,99.0,29.76,67.64,55.0,0.7071067811865476,0.7071067811865476,0.705583610107178,-0.7086266782644596,0.0,1.0,0.09200000000000008,0.0,0.0,0.0,0.0,0.14000000000000057,0.5292000000000001,0.0,100.0,Critical,DO rendah,DO rendah,DO rendah,DO rendah,92.1,0.0,92.1,0.0,0.0,1.5,0.0,6.4,0.0,0.0,"Tingkatkan aerasi, cek diffuser, dan kurangi pemberian pakan sementara.",aerator ON
2026-05-17 04:00:00,fish_stress_combo,6.89,30.1,3.68,0.518,0.481,42.2,1.711,855.9,99.0,29.85,67.67,47.0,0.8660254037844386,0.5000000000000001,0.705583610107178,-0.7086266782644596,0.0,1.0,0.03600000000000003,0.0,0.0,0.0,0.0,0.05000000000000071,0.49820000000000014,0.0,100.0,Critical,DO rendah,DO rendah,DO rendah,DO rendah,88.2,0.0,88.2,0.0,0.0,3.3,0.0,8.4,0.0,0.0,"Tingkatkan aerasi, cek diffuser, dan kurangi pemberian pakan sementara.",aerator ON
2026-05-17 05:00:00,fish_stress_combo,6.88,29.78,4.01,0.477,0.438,43.04,1.715,859.1,99.0,28.96,66.78,12.0,0.9659258262890683,0.25881904510252074,0.705583610107178,-0.7086266782644596,0.0,0.9900000000000002,0.0,0.0,0.0,0.0,0.0,0.0,0.29700000000000004,0.0,99.0,Critical,DO rendah,DO rendah,DO rendah,DO rendah,78.6,0.2,78.6,0.0,0.0,19.7,0.0,1.5,0.0,0.0,"Tingkatkan aerasi, cek diffuser, dan kurangi pemberian pakan sementara.",aerator ON
2026-05-17 06:00:00,fish_stress_combo,6.9,29.39,4.59,0.435,0.44,42.79,1.68,844.1,99.0,28.94,69.91,44.0,1.0,6.123233995736766e-17,0.705583610107178,-0.7086266782644596,0.0,0.41000000000000014,0.0,0.0,0.0,0.0,0.0,0.0,0.12300000000000004,0.0,41.0,Warning,Normal,Normal,Normal,Normal,94.9,0.5,4.6,0.0,0.0,94.9,0.0,0.0,0.0,0.0,Ada parameter mendekati batas; lanjutkan monitoring dan validasi sensor sebelum tindakan besar.,monitoring intensif
2026-05-17 07:00:00,fish_stress_combo,6.89,28.88,4.46,0.536,0.423,43.18,1.701,845.4,99.0,29.09,65.95,4794.0,0.9659258262890683,-0.25881904510252063,0.705583610107178,-0.7086266782644596,0.0,0.54,0.07200000000000006,0.0,0.0,0.0,0.0,0.0,0.17640000000000003,0.0,54.0,Warning,Normal,Normal,Normal,Normal,90.1,0.7,7.9,0.0,0.5,90.1,0.0,0.7,0.2,0.0,Ada parameter mendekati batas; lanjutkan monitoring dan validasi sensor sebelum tindakan besar.,monitoring intensif
2026-05-17 08:00:00,fish_stress_combo,6.9,28.49,4.67,0.485,0.392,43.9,1.706,860.7,99.0,29.29,66.52,12264.0,0.8660254037844387,-0.4999999999999998,0.705583610107178,-0.7086266782644596,0.0,0.33000000000000007,0.0,0.0,0.0,0.0,0.0,0.0,0.09900000000000002,0.0,33.0,Warning,Normal,Normal,Normal,Normal,92.0,0.7,7.1,0.0,0.2,92.0,0.0,0.0,0.0,0.0,Ada parameter mendekati batas; lanjutkan monitoring dan validasi sensor sebelum tindakan besar.,monitoring intensif
2026-05-17 09:00:00,fish_stress_combo,6.9,28.07,5.34,0.417,0.376,43.42,1.714,857.3,99.0,30.81,64.98,21917.0,0.7071067811865476,-0.7071067811865475,0.705583610107178,-0.7086266782644596,0.0,0.0,0.0,0.0,0.0,0.0,0.0,0.0,0.0,0.0,0.0,Normal,Normal,Normal,Normal,Normal,94.5,0.3,4.5,0.0,0.7,94.5,0.0,0.0,0.0,0.0,Pertahankan pemantauan; sistem berada dalam rentang aman untuk ikan nila dan selada.,monitoring normal
2026-05-17 10:00:00,fish_stress_combo,6.91,27.6,5.57,0.343,0.343,43.53,1.697,837.4,99.0,31.29,65.59,28224.0,0.49999999999999994,-0.8660254037844387,0.705583610107178,-0.7086266782644596,0.0,0.0,0.0,0.0,0.0,0.0,0.0,0.0,0.0,0.0,0.0,Normal,Normal,Normal,Normal,Normal,98.6,0.2,0.7,0.0,0.2,98.6,0.0,0.0,0.0,0.2,Pertahankan pemantauan; sistem berada dalam rentang aman untuk ikan nila dan selada.,monitoring normal
2026-05-17 11:00:00,fish_stress_combo,6.89,27.16,6.01,0.312,0.295,43.18,1.708,845.5,99.0,31.26,68.2,34350.0,0.258819045102521,-0.9659258262890682,0.705583610107178,-0.7086266782644596,0.0,0.0,0.0,0.0,0.0,0.0,0.0,0.0,0.0,0.0,0.0,Normal,Normal,Normal,Normal,Normal,98.2,0.7,0.7,0.0,0.0,98.2,0.0,0.0,0.0,0.4,Pertahankan pemantauan; sistem berada dalam rentang aman untuk ikan nila dan selada.,monitoring normal
2026-05-17 12:00:00,fish_stress_combo,6.89,26.66,6.58,0.227,0.251,43.31,1.691,848.0,99.0,30.33,70.44,35861.0,1.2246467991473532e-16,-1.0,0.705583610107178,-0.7086266782644596,0.0,0.0,0.0,0.0,0.0,0.0,0.0,0.0,0.0,0.0,0.0,Normal,Normal,Normal,Normal,Normal,97.0,1.3,1.1,0.0,0.2,97.0,0.0,0.0,0.0,0.4,Pertahankan pemantauan; sistem berada dalam rentang aman untuk ikan nila dan selada.,monitoring normal
2026-05-17 13:00:00,fish_stress_combo,6.92,26.12,6.99,0.192,0.207,42.94,1.724,838.9,99.0,29.15,69.21,26987.0,-0.2588190451025208,-0.9659258262890683,0.705583610107178,-0.7086266782644596,0.0,0.0,0.0,0.0,0.0,0.0,0.0,0.0,0.0,0.0,0.0,Normal,Normal,Normal,Normal,Normal,98.9,0.4,0.2,0.0,0.0,98.9,0.0,0.0,0.0,0.4,Pertahankan pemantauan; sistem berada dalam rentang aman untuk ikan nila dan selada.,monitoring normal
2026-05-17 14:00:00,fish_stress_combo,6.91,25.59,7.5,0.14,0.165,43.18,1.741,860.4,99.0,27.46,76.51,23211.0,-0.4999999999999997,-0.8660254037844388,0.705583610107178,-0.7086266782644596,0.0,0.0,0.0,0.0,0.0,0.0,0.0,0.0,0.0,0.0,0.0,Normal,Normal,Normal,Normal,Normal,98.6,0.0,0.0,0.2,0.0,98.6,0.0,0.0,0.0,1.2,Pertahankan pemantauan; sistem berada dalam rentang aman untuk ikan nila dan selada.,monitoring normal
2026-05-17 15:00:00,normal,6.91,25.58,7.52,0.143,0.158,42.59,1.706,861.6,99.0,26.45,78.45,16790.0,-0.7071067811865471,-0.7071067811865479,0.705583610107178,-0.7086266782644596,0.0,0.0,0.0,0.0,0.0,0.0,0.0,0.0,0.0,0.0,0.0,Normal,Normal,Normal,Normal,Normal,99.4,0.0,0.0,0.0,0.0,99.4,0.0,0.0,0.0,0.6,Pertahankan pemantauan; sistem berada dalam rentang aman untuk ikan nila dan selada.,monitoring normal
2026-05-17 16:00:00,normal,6.91,25.62,7.58,0.126,0.148,42.48,1.727,858.6,99.0,24.47,79.11,9745.0,-0.8660254037844385,-0.5000000000000004,0.705583610107178,-0.7086266782644596,0.0,0.0,0.0,0.0,0.0,0.0,0.0,0.0,0.0,0.0,0.0,Normal,Normal,Normal,Normal,Normal,99.4,0.0,0.0,0.0,0.0,99.4,0.0,0.0,0.0,0.6,Pertahankan pemantauan; sistem berada dalam rentang aman untuk ikan nila dan selada.,monitoring normal
2026-05-17 17:00:00,normal,6.89,25.52,7.83,0.232,0.141,42.84,1.73,870.5,99.0,23.61,83.08,3481.0,-0.9659258262890683,-0.25881904510252063,0.705583610107178,-0.7086266782644596,0.0,0.0,0.0,0.0,0.0,0.0,0.0,0.0,0.0,0.30799999999999983,13.9,Normal,Normal,Normal,Normal,Normal,97.9,0.2,0.0,0.0,0.0,97.9,0.0,0.0,0.0,1.9,Pertahankan pemantauan; sistem berada dalam rentang aman untuk ikan nila dan selada.,monitoring normal
2026-05-17 18:00:00,normal,6.9,25.42,7.7,0.217,0.132,43.01,1.718,850.9,99.0,22.44,86.09,92.0,-1.0,-1.8369701987210297e-16,0.705583610107178,-0.7086266782644596,0.0,0.0,0.0,0.0,0.0,0.0,0.0,0.0,0.0,0.6090000000000003,27.4,Normal,Normal,Normal,Normal,Normal,97.9,0.0,0.0,0.0,0.0,97.9,0.0,0.0,0.0,2.1,Pertahankan pemantauan; sistem berada dalam rentang aman untuk ikan nila dan selada.,monitoring normal
2026-05-17 19:00:00,normal,6.9,25.46,7.71,0.173,0.103,43.13,1.714,857.5,99.0,22.7,87.82,43.0,-0.9659258262890684,0.2588190451025203,0.705583610107178,-0.7086266782644596,0.0,0.0,0.0,0.0,0.0,0.0,0.0,0.0,0.0,0.7819999999999994,35.2,Warning,Normal,Normal,Normal,Normal,98.2,0.0,0.0,0.0,0.0,98.2,0.0,0.0,0.0,1.8,Ada parameter mendekati batas; lanjutkan monitoring dan validasi sensor sebelum tindakan besar.,monitoring intensif
2026-05-17 20:00:00,normal,6.88,25.46,7.62,0.155,0.09,43.81,1.735,841.2,99.0,22.84,89.53,90.0,-0.8660254037844386,0.5000000000000001,0.705583610107178,-0.7086266782644596,0.0,0.0,0.0,0.0,0.0,0.0,0.0,0.0,0.0,0.9530000000000001,42.9,Warning,Normal,Normal,Normal,Normal,99.6,0.0,0.0,0.0,0.0,99.6,0.0,0.0,0.0,0.4,Ada parameter mendekati batas; lanjutkan monitoring dan validasi sensor sebelum tindakan besar.,monitoring intensif
2026-05-17 21:00:00,normal,6.9,25.43,7.69,0.117,0.066,44.37,1.719,862.9,99.0,23.58,87.2,67.0,-0.7071067811865477,0.7071067811865474,0.705583610107178,-0.7086266782644596,0.0,0.0,0.0,0.0,0.0,0.0,0.0,0.0,0.0,0.7200000000000003,32.4,Warning,Normal,Normal,Normal,Normal,99.8,0.0,0.0,0.0,0.0,99.8,0.0,0.0,0.0,0.2,Ada parameter mendekati batas; lanjutkan monitoring dan validasi sensor sebelum tindakan besar.,monitoring intensif
2026-05-17 22:00:00,normal,6.89,25.33,7.63,0.128,0.07,43.75,1.752,873.9,99.0,22.37,88.67,45.0,-0.5000000000000004,0.8660254037844384,0.705583610107178,-0.7086266782644596,0.0,0.0,0.0,0.0,0.0,0.0,0.0,0.0,0.0,0.8670000000000002,39.0,Warning,Normal,Normal,Normal,Normal,99.5,0.0,0.0,0.0,0.0,99.5,0.0,0.0,0.0,0.5,Ada parameter mendekati batas; lanjutkan monitoring dan validasi sensor sebelum tindakan besar.,monitoring intensif
2026-05-17 23:00:00,normal,6.89,25.28,7.83,0.116,0.062,43.74,1.734,863.0,99.0,23.4,90.49,51.0,-0.25881904510252157,0.9659258262890681,0.705583610107178,-0.7086266782644596,0.0,0.0,0.0,0.0,0.0,0.0,0.0,0.0,0.0,1.0,45.0,Warning,Normal,Normal,Normal,Normal,99.3,0.0,0.0,0.0,0.0,99.3,0.0,0.0,0.0,0.7,Ada parameter mendekati batas; lanjutkan monitoring dan validasi sensor sebelum tindakan besar.,monitoring intensif
2026-05-18 00:00:00,normal,6.89,25.25,8.01,0.134,0.063,43.63,1.767,888.2,99.0,23.05,88.19,46.0,0.0,1.0,0.6932812268869777,-0.7206671495538609,0.0,0.0,0.0,0.0,0.0,0.0,0.0,0.0,0.0,0.8189999999999997,36.9,Warning,Normal,Normal,Normal,Normal,98.7,0.0,0.0,0.0,0.0,98.7,0.0,0.0,0.0,1.3,Ada parameter mendekati batas; lanjutkan monitoring dan validasi sensor sebelum tindakan besar.,monitoring intensif
2026-05-18 01:00:00,normal,6.88,25.23,7.76,0.117,0.047,44.75,1.761,891.0,99.0,23.28,89.28,40.0,0.25881904510252074,0.9659258262890683,0.6932812268869777,-0.7206671495538609,0.0,0.0,0.0,0.0,0.0,0.0,0.0,0.0,0.0,0.9280000000000002,41.8,Warning,Normal,Normal,Normal,Normal,99.1,0.0,0.0,0.0,0.2,99.1,0.0,0.0,0.0,0.7,Ada parameter mendekati batas; lanjutkan monitoring dan validasi sensor sebelum tindakan besar.,monitoring intensif
2026-05-18 02:00:00,low_nutrient,6.87,25.2,7.66,0.101,0.072,41.4,1.697,853.0,99.0,23.21,86.32,18.0,0.49999999999999994,0.8660254037844387,0.6932812268869777,-0.7206671495538609,0.0,0.0,0.0,0.0,0.0,0.0,0.0,0.0,0.0,0.6319999999999993,28.4,Normal,Normal,Normal,Normal,Normal,99.6,0.0,0.0,0.0,0.0,99.6,0.0,0.0,0.0,0.4,Pertahankan pemantauan; sistem berada dalam rentang aman untuk ikan nila dan selada.,monitoring normal
2026-05-18 03:00:00,low_nutrient,6.87,25.18,7.87,0.119,0.052,38.75,1.643,818.1,99.0,23.29,91.09,41.0,0.7071067811865476,0.7071067811865476,0.6932812268869777,-0.7206671495538609,0.0,0.0,0.0,0.0,0.0,0.0,0.0,0.0,0.0,1.0,45.0,Warning,Normal,Normal,Normal,Normal,99.8,0.0,0.0,0.0,0.2,99.8,0.0,0.0,0.0,0.0,Ada parameter mendekati batas; lanjutkan monitoring dan validasi sensor sebelum tindakan besar.,monitoring intensif
2026-05-18 04:00:00,low_nutrient,6.86,25.15,7.74,0.116,0.062,35.25,1.595,799.8,99.0,23.11,89.62,26.0,0.8660254037844386,0.5000000000000001,0.6932812268869777,-0.7206671495538609,0.0,0.0,0.0,0.0,0.0,0.0,0.0,0.0,0.0,0.9620000000000004,43.3,Warning,Normal,Normal,Normal,Normal,100.0,0.0,0.0,0.0,0.0,100.0,0.0,0.0,0.0,0.0,Ada parameter mendekati batas; lanjutkan monitoring dan validasi sensor sebelum tindakan besar.,monitoring intensif
2026-05-18 05:00:00,low_nutrient,6.85,25.08,7.92,0.116,0.07,32.85,1.544,758.2,99.0,23.68,88.06,14.0,0.9659258262890683,0.25881904510252074,0.6932812268869777,-0.7206671495538609,0.0,0.0,0.0,0.0,0.0,0.0,0.0,0.0,0.0,0.8060000000000003,36.3,Warning,Normal,Normal,Normal,Normal,99.1,0.0,0.0,0.0,0.0,99.1,0.0,0.0,0.0,0.9,Ada parameter mendekati batas; lanjutkan monitoring dan validasi sensor sebelum tindakan besar.,monitoring intensif
2026-05-18 06:00:00,low_nutrient,6.85,25.04,7.8,0.091,0.057,30.26,1.446,725.3,99.0,23.12,89.57,58.0,1.0,6.123233995736766e-17,0.6932812268869777,-0.7206671495538609,0.0,0.0,0.0,0.0,0.0,0.0,0.0,0.0,0.0,0.9569999999999993,43.1,Warning,Normal,Normal,Normal,Normal,100.0,0.0,0.0,0.0,0.0,100.0,0.0,0.0,0.0,0.0,Ada parameter mendekati batas; lanjutkan monitoring dan validasi sensor sebelum tindakan besar.,monitoring intensif
2026-05-18 07:00:00,low_nutrient,6.87,25.1,7.73,0.225,0.062,27.27,1.396,682.6,99.0,24.32,80.49,3153.0,0.9659258262890683,-0.25881904510252063,0.6932812268869777,-0.7206671495538609,0.0,0.0,0.0,0.0,0.0,0.0,0.0,0.0,0.0,0.04899999999999949,2.2,Normal,Normal,Normal,Normal,Normal,100.0,0.0,0.0,0.0,0.0,100.0,0.0,0.0,0.0,0.0,Pertahankan pemantauan; sistem berada dalam rentang aman untuk ikan nila dan selada.,monitoring normal
2026-05-18 08:00:00,low_nutrient,6.87,25.08,7.7,0.181,0.068,25.03,1.311,658.3,99.0,25.11,82.31,9827.0,0.8660254037844387,-0.4999999999999998,0.6932812268869777,-0.7206671495538609,0.0,0.0,0.0,0.0,0.0,0.0,0.0,0.0,0.0,0.23100000000000023,10.4,Normal,Normal,Normal,Normal,Normal,99.8,0.0,0.0,0.0,0.0,99.8,0.0,0.0,0.0,0.2,Pertahankan pemantauan; sistem berada dalam rentang aman untuk ikan nila dan selada.,monitoring normal
2026-05-18 09:00:00,low_nutrient,6.88,25.17,7.69,0.16,0.09,22.82,1.283,641.6,99.0,26.81,77.87,17021.0,0.7071067811865476,-0.7071067811865475,0.6932812268869777,-0.7206671495538609,0.0,0.0,0.0,0.0,0.0,0.0,0.0,0.0,0.0,0.0,0.0,Normal,Normal,Normal,Normal,Normal,99.8,0.0,0.0,0.0,0.0,99.8,0.0,0.0,0.0,0.2,Pertahankan pemantauan; sistem berada dalam rentang aman untuk ikan nila dan selada.,monitoring normal
2026-05-18 10:00:00,low_nutrient,6.87,25.25,7.54,0.137,0.069,19.57,1.215,631.4,99.0,28.02,76.15,23123.0,0.49999999999999994,-0.8660254037844387,0.6932812268869777,-0.7206671495538609,0.0,0.0,0.0,0.0,0.04299999999999997,0.0,0.0,0.0,0.0,0.0,3.9,Normal,Normal,Normal,Normal,Normal,100.0,0.0,0.0,0.0,0.0,100.0,0.0,0.0,0.0,0.0,Pertahankan pemantauan; sistem berada dalam rentang aman untuk ikan nila dan selada.,monitoring normal
2026-05-18 11:00:00,low_nutrient,6.87,25.41,7.45,0.111,0.075,17.23,1.161,585.3,99.0,29.57,73.82,27014.0,0.258819045102521,-0.9659258262890682,0.6932812268869777,-0.7206671495538609,0.0,0.0,0.0,0.0,0.27699999999999997,0.0,0.0,0.0,0.0,0.0,24.9,Normal,Normal,Normal,Normal,Normal,99.3,0.0,0.2,0.0,0.2,99.3,0.2,0.0,0.0,0.0,Pertahankan pemantauan; sistem berada dalam rentang aman untuk ikan nila dan selada.,monitoring normal
2026-05-18 12:00:00,low_nutrient,6.88,25.56,7.42,0.105,0.068,15.04,1.107,550.9,99.0,30.17,72.87,29274.0,1.2246467991473532e-16,-1.0,0.6932812268869777,-0.7206671495538609,0.0,0.0,0.0,0.0,0.4960000000000001,0.0,0.0,0.0,0.0,0.0,44.6,Warning,Normal,Normal,Normal,Normal,98.1,0.0,0.2,0.0,0.2,98.1,0.2,0.0,0.0,1.2,Ada parameter mendekati batas; lanjutkan monitoring dan validasi sensor sebelum tindakan besar.,monitoring intensif
2026-05-18 13:00:00,low_nutrient,6.88,25.75,7.28,0.087,0.058,13.86,1.093,537.4,99.0,29.38,75.04,31289.0,-0.2588190451025208,-0.9659258262890683,0.6932812268869777,-0.7206671495538609,0.0,0.0,0.0,0.0,0.6140000000000001,0.0,0.0,0.0,0.0,0.0,55.3,Warning,Normal,Normal,Normal,Normal,98.8,0.0,0.2,0.0,0.2,98.8,0.5,0.0,0.0,0.2,Ada parameter mendekati batas; lanjutkan monitoring dan validasi sensor sebelum tindakan besar.,monitoring intensif
2026-05-18 14:00:00,low_nutrient,6.9,25.86,7.45,0.099,0.05,11.84,1.058,531.3,99.0,28.37,76.06,26066.0,-0.4999999999999997,-0.8660254037844388,0.6932812268869777,-0.7206671495538609,0.0,0.0,0.0,0.0,0.8160000000000001,0.0,0.0,0.0,0.0,0.0,73.4,Critical,Nutrisi rendah,Nutrisi rendah,Normal,Nutrisi rendah,82.6,0.0,0.0,0.0,0.0,56.5,43.3,0.0,0.0,0.2,Cek EC/TDS dan nitrat; tambahkan nutrisi ramah ikan secara bertahap bila diperlukan.,pompa ON terbatas
2026-05-18 15:00:00,low_nutrient,6.88,25.84,7.35,0.063,0.068,9.67,1.03,497.8,99.0,26.77,78.96,18796.0,-0.7071067811865471,-0.7071067811865479,0.6932812268869777,-0.7206671495538609,0.0,0.0,0.0,0.0,1.0,0.0,0.0,0.0,0.0,0.0,90.0,Critical,Nutrisi rendah,Nutrisi rendah,Nutrisi rendah,Nutrisi rendah,78.2,0.0,0.0,0.0,0.0,21.8,78.2,0.0,0.0,0.0,Cek EC/TDS dan nitrat; tambahkan nutrisi ramah ikan secara bertahap bila diperlukan.,pompa ON terbatas
2026-05-18 16:00:00,low_nutrient,6.88,25.87,7.52,0.066,0.049,8.39,1.002,505.2,99.0,25.65,80.05,11402.0,-0.8660254037844385,-0.5000000000000004,0.6932812268869777,-0.7206671495538609,0.0,0.0,0.0,0.0,1.0,0.0,0.0,0.0,0.0,0.004999999999999716,90.0,Critical,Nutrisi rendah,Nutrisi rendah,Nutrisi rendah,Nutrisi rendah,75.8,0.0,0.0,0.0,0.0,24.2,75.8,0.0,0.0,0.0,Cek EC/TDS dan nitrat; tambahkan nutrisi ramah ikan secara bertahap bila diperlukan.,pompa ON terbatas
2026-05-18 17:00:00,low_nutrient,6.88,25.78,7.71,0.203,0.074,6.57,0.942,485.5,99.0,24.04,83.14,4105.0,-0.9659258262890683,-0.25881904510252063,0.6932812268869777,-0.7206671495538609,0.0,0.0,0.0,0.0,1.0,0.0,0.0,0.0,0.0,0.31400000000000006,90.0,Critical,Nutrisi rendah,Nutrisi rendah,Nutrisi rendah,Nutrisi rendah,94.4,0.0,0.0,0.0,0.0,5.6,94.4,0.0,0.0,0.0,Cek EC/TDS dan nitrat; tambahkan nutrisi ramah ikan secara bertahap bila diperlukan.,pompa ON terbatas
2026-05-18 18:00:00,low_nutrient,6.88,25.7,7.73,0.195,0.064,5.87,0.943,470.5,99.0,23.49,82.94,0.0,-1.0,-1.8369701987210297e-16,0.6932812268869777,-0.7206671495538609,0.0,0.0,0.0,0.0,1.0,0.0,0.0,0.0,0.0,0.29399999999999976,90.0,Critical,Nutrisi rendah,Nutrisi rendah,Nutrisi rendah,Nutrisi rendah,94.5,0.0,0.0,0.0,0.0,5.5,94.5,0.0,0.0,0.0,Cek EC/TDS dan nitrat; tambahkan nutrisi ramah ikan secara bertahap bila diperlukan.,pompa ON terbatas
2026-05-18 19:00:00,low_nutrient,6.88,25.67,7.76,0.155,0.043,5.0,0.9,448.7,99.0,23.84,91.04,55.0,-0.9659258262890684,0.2588190451025203,0.6932812268869777,-0.7206671495538609,0.0,0.0,0.0,0.0,1.0,0.0,0.0,0.0,0.0,1.0,90.0,Critical,Nutrisi rendah,Nutrisi rendah,Nutrisi rendah,Nutrisi rendah,94.7,0.0,0.0,0.0,0.0,5.3,94.7,0.0,0.0,0.0,Cek EC/TDS dan nitrat; tambahkan nutrisi ramah ikan secara bertahap bila diperlukan.,pompa ON terbatas
2026-05-18 20:00:00,low_nutrient,6.89,25.61,7.72,0.129,0.064,5.0,0.911,453.2,99.0,24.05,85.91,0.0,-0.8660254037844386,0.5000000000000001,0.6932812268869777,-0.7206671495538609,0.0,0.0,0.0,0.0,1.0,0.0,0.0,0.0,0.0,0.5909999999999996,90.0,Critical,Nutrisi rendah,Nutrisi rendah,Nutrisi rendah,Nutrisi rendah,94.5,0.0,0.0,0.0,0.0,5.5,94.5,0.0,0.0,0.0,Cek EC/TDS dan nitrat; tambahkan nutrisi ramah ikan secara bertahap bila diperlukan.,pompa ON terbatas
2026-05-18 21:00:00,low_nutrient,6.9,25.63,7.81,0.139,0.069,5.0,0.895,453.3,99.0,24.55,89.11,42.0,-0.7071067811865477,0.7071067811865474,0.6932812268869777,-0.7206671495538609,0.0,0.0,0.0,0.0,1.0,0.0,0.0,0.0,0.0,0.9109999999999999,90.0,Critical,Nutrisi rendah,Nutrisi rendah,Nutrisi rendah,Nutrisi rendah,94.5,0.0,0.0,0.0,0.0,5.5,94.5,0.0,0.0,0.0,Cek EC/TDS dan nitrat; tambahkan nutrisi ramah ikan secara bertahap bila diperlukan.,pompa ON terbatas
2026-05-18 22:00:00,low_nutrient,6.89,25.54,7.81,0.114,0.059,5.0,0.897,451.8,99.0,23.42,90.32,70.0,-0.5000000000000004,0.8660254037844384,0.6932812268869777,-0.7206671495538609,0.0,0.0,0.0,0.0,1.0,0.0,0.0,0.0,0.0,1.0,90.0,Critical,Nutrisi rendah,Nutrisi rendah,Nutrisi rendah,Nutrisi rendah,94.7,0.0,0.0,0.0,0.0,5.3,94.7,0.0,0.0,0.0,Cek EC/TDS dan nitrat; tambahkan nutrisi ramah ikan secara bertahap bila diperlukan.,pompa ON terbatas
2026-05-18 23:00:00,low_nutrient,6.89,25.49,7.78,0.111,0.065,5.0,0.919,474.7,99.0,24.06,86.82,71.0,-0.25881904510252157,0.9659258262890681,0.6932812268869777,-0.7206671495538609,0.0,0.0,0.0,0.0,1.0,0.0,0.0,0.0,0.0,0.6819999999999993,90.0,Critical,Nutrisi rendah,Nutrisi rendah,Nutrisi rendah,Nutrisi rendah,94.5,0.0,0.0,0.0,0.0,5.5,94.5,0.0,0.0,0.0,Cek EC/TDS dan nitrat; tambahkan nutrisi ramah ikan secara bertahap bila diperlukan.,pompa ON terbatas
2026-05-19 00:00:00,low_nutrient,6.88,25.42,7.83,0.115,0.051,5.0,0.944,461.2,99.0,23.65,91.22,71.0,0.0,1.0,0.6807734094770161,-0.7324940716135789,0.0,0.0,0.0,0.0,1.0,0.0,0.0,0.0,0.0,1.0,90.0,Critical,Nutrisi rendah,Nutrisi rendah,Nutrisi rendah,Nutrisi rendah,94.7,0.0,0.0,0.0,0.0,5.3,94.7,0.0,0.0,0.0,Cek EC/TDS dan nitrat; tambahkan nutrisi ramah ikan secara bertahap bila diperlukan.,pompa ON terbatas
2026-05-19 01:00:00,low_nutrient,6.9,25.37,7.82,0.081,0.046,5.0,0.938,474.0,99.0,23.56,89.71,46.0,0.25881904510252074,0.9659258262890683,0.6807734094770161,-0.7324940716135789,0.0,0.0,0.0,0.0,1.0,0.0,0.0,0.0,0.0,0.9709999999999994,90.0,Critical,Nutrisi rendah,Nutrisi rendah,Nutrisi rendah,Nutrisi rendah,94.7,0.0,0.0,0.0,0.0,5.3,94.7,0.0,0.0,0.0,Cek EC/TDS dan nitrat; tambahkan nutrisi ramah ikan secara bertahap bila diperlukan.,pompa ON terbatas
2026-05-19 02:00:00,low_nutrient,6.89,25.39,7.72,0.092,0.055,5.15,0.946,455.0,99.0,23.64,89.6,24.0,0.49999999999999994,0.8660254037844387,0.6807734094770161,-0.7324940716135789,0.0,0.0,0.0,0.0,1.0,0.0,0.0,0.0,0.0,0.9599999999999994,90.0,Critical,Nutrisi rendah,Nutrisi rendah,Nutrisi rendah,Nutrisi rendah,94.7,0.0,0.0,0.0,0.0,5.3,94.7,0.0,0.0,0.0,Cek EC/TDS dan nitrat; tambahkan nutrisi ramah ikan secara bertahap bila diperlukan.,pompa ON terbatas
2026-05-19 03:00:00,low_nutrient,6.89,25.39,7.65,0.084,0.056,5.63,0.945,487.9,99.0,23.45,88.56,18.0,0.7071067811865476,0.7071067811865476,0.6807734094770161,-0.7324940716135789,0.0,0.0,0.0,0.0,1.0,0.0,0.0,0.0,0.0,0.8560000000000002,90.0,Critical,Nutrisi rendah,Nutrisi rendah,Nutrisi rendah,Nutrisi rendah,94.5,0.0,0.0,0.0,0.0,5.5,94.5,0.0,0.0,0.0,Cek EC/TDS dan nitrat; tambahkan nutrisi ramah ikan secara bertahap bila diperlukan.,pompa ON terbatas
2026-05-19 04:00:00,low_nutrient,6.9,25.44,7.78,0.101,0.057,6.77,1.004,503.0,99.0,23.68,88.02,54.0,0.8660254037844386,0.5000000000000001,0.6807734094770161,-0.7324940716135789,0.0,0.0,0.0,0.0,1.0,0.0,0.0,0.0,0.0,0.8019999999999996,90.0,Critical,Nutrisi rendah,Nutrisi rendah,Nutrisi rendah,Nutrisi rendah,75.5,0.0,0.0,0.0,0.0,24.5,75.5,0.0,0.0,0.0,Cek EC/TDS dan nitrat; tambahkan nutrisi ramah ikan secara bertahap bila diperlukan.,pompa ON terbatas
2026-05-19 05:00:00,low_nutrient,6.89,25.51,7.78,0.09,0.073,7.78,0.994,503.6,99.0,23.45,88.24,54.0,0.9659258262890683,0.25881904510252074,0.6807734094770161,-0.7324940716135789,0.0,0.0,0.0,0.0,1.0,0.0,0.0,0.0,0.0,0.8239999999999995,90.0,Critical,Nutrisi rendah,Nutrisi rendah,Nutrisi rendah,Nutrisi rendah,82.4,0.0,0.0,0.0,0.0,17.6,82.4,0.0,0.0,0.0,Cek EC/TDS dan nitrat; tambahkan nutrisi ramah ikan secara bertahap bila diperlukan.,pompa ON terbatas
2026-05-19 06:00:00,low_nutrient,6.89,25.42,7.84,0.112,0.06,9.12,1.034,525.7,99.0,23.09,89.37,77.0,1.0,6.123233995736766e-17,0.6807734094770161,-0.7324940716135789,0.0,0.0,0.0,0.0,1.0,0.0,0.0,0.0,0.0,0.9370000000000005,90.0,Critical,Nutrisi rendah,Nutrisi rendah,Nutrisi rendah,Nutrisi rendah,71.2,0.0,0.0,0.0,0.0,28.5,71.2,0.0,0.0,0.2,Cek EC/TDS dan nitrat; tambahkan nutrisi ramah ikan secara bertahap bila diperlukan.,pompa ON terbatas
2026-05-19 07:00:00,low_nutrient,6.9,25.4,7.65,0.238,0.072,11.07,1.077,539.6,99.0,23.97,84.43,3538.0,0.9659258262890683,-0.25881904510252063,0.6807734094770161,-0.7324940716135789,0.0,0.0,0.0,0.0,0.893,0.0,0.0,0.0,0.0,0.44300000000000067,80.4,Critical,Nutrisi rendah,Nutrisi rendah,Normal,Nutrisi rendah,84.5,0.0,0.0,0.0,0.0,57.6,42.4,0.0,0.0,0.0,Cek EC/TDS dan nitrat; tambahkan nutrisi ramah ikan secara bertahap bila diperlukan.,pompa ON terbatas
2026-05-19 08:00:00,low_nutrient,6.9,25.4,7.57,0.227,0.071,12.88,1.091,551.4,99.0,26.25,79.72,11477.0,0.8660254037844387,-0.4999999999999998,0.6807734094770161,-0.7324940716135789,0.0,0.0,0.0,0.0,0.712,0.0,0.0,0.0,0.0,0.0,64.1,Warning,Normal,Normal,Normal,Normal,99.5,0.0,0.0,0.0,0.0,99.5,0.5,0.0,0.0,0.0,Ada parameter mendekati batas; lanjutkan monitoring dan validasi sensor sebelum tindakan besar.,monitoring intensif
2026-05-19 09:00:00,low_nutrient,6.9,25.44,7.59,0.195,0.06,14.81,1.168,580.6,99.0,27.35,76.23,19988.0,0.7071067811865476,-0.7071067811865475,0.6807734094770161,-0.7324940716135789,0.0,0.0,0.0,0.0,0.5189999999999999,0.0,0.0,0.0,0.0,0.0,46.7,Warning,Normal,Normal,Normal,Normal,100.0,0.0,0.0,0.0,0.0,100.0,0.0,0.0,0.0,0.0,Ada parameter mendekati batas; lanjutkan monitoring dan validasi sensor sebelum tindakan besar.,monitoring intensif
2026-05-19 10:00:00,low_nutrient,6.92,25.53,7.47,0.161,0.063,17.32,1.214,596.6,99.0,28.55,76.68,25608.0,0.49999999999999994,-0.8660254037844387,0.6807734094770161,-0.7324940716135789,0.0,0.0,0.0,0.0,0.26799999999999996,0.0,0.0,0.0,0.0,0.0,24.1,Normal,Normal,Normal,Normal,Normal,99.6,0.2,0.0,0.0,0.0,99.6,0.0,0.0,0.0,0.2,Pertahankan pemantauan; sistem berada dalam rentang aman untuk ikan nila dan selada.,monitoring normal
2026-05-19 11:00:00,low_nutrient,6.92,25.62,7.26,0.137,0.069,19.68,1.268,623.8,99.0,29.69,75.12,30580.0,0.258819045102521,-0.9659258262890682,0.6807734094770161,-0.7324940716135789,0.0,0.0,0.0,0.0,0.03200000000000003,0.0,0.0,0.0,0.0,0.0,2.9,Normal,Normal,Normal,Normal,Normal,98.7,0.0,0.2,0.0,0.2,98.7,0.2,0.0,0.0,0.7,Pertahankan pemantauan; sistem berada dalam rentang aman untuk ikan nila dan selada.,monitoring normal
2026-05-19 12:00:00,low_nutrient,6.95,25.72,7.4,0.129,0.081,21.89,1.309,660.2,99.0,30.43,73.81,32771.0,1.2246467991473532e-16,-1.0,0.6807734094770161,-0.7324940716135789,0.0,0.0,0.0,0.0,0.0,0.0,0.0,0.0,0.0,0.0,0.0,Normal,Normal,Normal,Normal,Normal,97.2,0.2,0.5,0.0,0.2,97.2,0.0,0.0,0.0,1.9,Pertahankan pemantauan; sistem berada dalam rentang aman untuk ikan nila dan selada.,monitoring normal
2026-05-19 13:00:00,low_nutrient,6.94,25.84,7.22,0.139,0.066,24.98,1.34,678.9,99.0,29.87,74.7,30793.0,-0.2588190451025208,-0.9659258262890683,0.6807734094770161,-0.7324940716135789,0.0,0.0,0.0,0.0,0.0,0.0,0.0,0.0,0.0,0.0,0.0,Normal,Normal,Normal,Normal,Normal,98.0,0.0,0.2,0.2,0.2,98.0,0.2,0.0,0.0,1.1,Pertahankan pemantauan; sistem berada dalam rentang aman untuk ikan nila dan selada.,monitoring normal
2026-05-19 14:00:00,low_nutrient,6.94,25.88,7.35,0.12,0.05,27.34,1.393,697.0,99.0,28.73,75.18,24837.0,-0.4999999999999997,-0.8660254037844388,0.6807734094770161,-0.7324940716135789,0.0,0.0,0.0,0.0,0.0,0.0,0.0,0.0,0.0,0.0,0.0,Normal,Normal,Normal,Normal,Normal,99.4,0.0,0.0,0.2,0.0,99.4,0.0,0.0,0.0,0.4,Pertahankan pemantauan; sistem berada dalam rentang aman untuk ikan nila dan selada.,monitoring normal
2026-05-19 15:00:00,low_nutrient,6.93,25.98,7.58,0.129,0.041,30.38,1.454,722.2,99.0,28.13,75.63,18654.0,-0.7071067811865471,-0.7071067811865479,0.6807734094770161,-0.7324940716135789,0.0,0.0,0.0,0.0,0.0,0.0,0.0,0.0,0.0,0.0,0.0,Normal,Normal,Normal,Normal,Normal,98.4,0.0,0.0,0.5,0.0,98.4,0.0,0.0,0.0,1.1,Pertahankan pemantauan; sistem berada dalam rentang aman untuk ikan nila dan selada.,monitoring normal
2026-05-19 16:00:00,low_nutrient,6.94,25.95,7.69,0.09,0.073,32.62,1.517,759.0,99.0,26.85,77.77,11655.0,-0.8660254037844385,-0.5000000000000004,0.6807734094770161,-0.7324940716135789,0.0,0.0,0.0,0.0,0.0,0.0,0.0,0.0,0.0,0.0,0.0,Normal,Normal,Normal,Normal,Normal,99.1,0.0,0.0,0.5,0.0,99.1,0.0,0.0,0.0,0.4,Pertahankan pemantauan; sistem berada dalam rentang aman untuk ikan nila dan selada.,monitoring normal
2026-05-19 17:00:00,low_nutrient,6.94,26.05,7.51,0.222,0.067,35.41,1.604,805.1,99.0,25.18,79.37,3161.0,-0.9659258262890683,-0.25881904510252063,0.6807734094770161,-0.7324940716135789,0.0,0.0,0.0,0.0,0.0,0.0,0.0,0.0,0.0,0.0,0.0,Normal,Normal,Normal,Normal,Normal,99.8,0.0,0.0,0.0,0.0,99.8,0.0,0.0,0.0,0.2,Pertahankan pemantauan; sistem berada dalam rentang aman untuk ikan nila dan selada.,monitoring normal
2026-05-19 18:00:00,low_nutrient,6.93,25.98,7.63,0.185,0.077,38.02,1.678,826.1,99.0,24.62,82.72,0.0,-1.0,-1.8369701987210297e-16,0.6807734094770161,-0.7324940716135789,0.0,0.0,0.0,0.0,0.0,0.0,0.0,0.0,0.0,0.2719999999999999,12.2,Normal,Normal,Normal,Normal,Normal,98.9,0.0,0.0,0.2,0.0,98.9,0.0,0.0,0.0,0.8,Pertahankan pemantauan; sistem berada dalam rentang aman untuk ikan nila dan selada.,monitoring normal
2026-05-19 19:00:00,low_nutrient,6.94,25.93,7.67,0.182,0.062,41.01,1.742,865.1,99.0,24.62,87.3,72.0,-0.9659258262890684,0.2588190451025203,0.6807734094770161,-0.7324940716135789,0.0,0.0,0.0,0.0,0.0,0.0,0.0,0.0,0.0,0.7299999999999998,32.8,Warning,Normal,Normal,Normal,Normal,99.2,0.0,0.0,0.0,0.0,99.2,0.0,0.0,0.0,0.8,Ada parameter mendekati batas; lanjutkan monitoring dan validasi sensor sebelum tindakan besar.,monitoring intensif
2026-05-19 20:00:00,low_nutrient,6.93,25.83,7.82,0.157,0.073,43.74,1.783,895.4,99.0,24.59,86.86,42.0,-0.8660254037844386,0.5000000000000001,0.6807734094770161,-0.7324940716135789,0.0,0.0,0.0,0.0,0.0,0.0,0.0,0.0,0.0,0.6859999999999999,30.9,Warning,Normal,Normal,Normal,Normal,99.4,0.0,0.0,0.0,0.0,99.4,0.0,0.0,0.0,0.6,Ada parameter mendekati batas; lanjutkan monitoring dan validasi sensor sebelum tindakan besar.,monitoring intensif
2026-05-19 21:00:00,normal,6.93,25.86,7.64,0.134,0.073,43.07,1.774,880.7,99.0,24.43,83.75,14.0,-0.7071067811865477,0.7071067811865474,0.6807734094770161,-0.7324940716135789,0.0,0.0,0.0,0.0,0.0,0.0,0.0,0.0,0.0,0.375,16.9,Normal,Normal,Normal,Normal,Normal,98.0,0.0,0.0,0.5,0.0,98.0,0.0,0.0,0.0,1.6,Pertahankan pemantauan; sistem berada dalam rentang aman untuk ikan nila dan selada.,monitoring normal
2026-05-19 22:00:00,normal,6.92,25.87,7.63,0.138,0.06,43.14,1.757,888.3,99.0,24.47,85.93,37.0,-0.5000000000000004,0.8660254037844384,0.6807734094770161,-0.7324940716135789,0.0,0.0,0.0,0.0,0.0,0.0,0.0,0.0,0.0,0.5930000000000006,26.7,Normal,Normal,Normal,Normal,Normal,98.0,0.0,0.0,0.5,0.0,98.0,0.0,0.0,0.0,1.6,Pertahankan pemantauan; sistem berada dalam rentang aman untuk ikan nila dan selada.,monitoring normal
2026-05-19 23:00:00,normal,6.92,25.84,7.8,0.117,0.058,43.17,1.764,882.3,99.0,24.43,89.05,50.0,-0.25881904510252157,0.9659258262890681,0.6807734094770161,-0.7324940716135789,0.0,0.0,0.0,0.0,0.0,0.0,0.0,0.0,0.0,0.9049999999999997,40.7,Warning,Normal,Normal,Normal,Normal,98.5,0.0,0.0,0.5,0.0,98.5,0.0,0.0,0.0,1.0,Ada parameter mendekati batas; lanjutkan monitoring dan validasi sensor sebelum tindakan besar.,monitoring intensif
2026-05-20 00:00:00,ph_drift,7.03,25.73,7.67,0.131,0.06,43.58,1.771,880.8,99.0,23.97,87.16,40.0,0.0,1.0,0.6680638642135335,-0.7441039398713607,0.0,0.0,0.0,0.0,0.0,0.0,0.0,0.0,0.0,0.7159999999999996,32.2,Warning,Normal,Normal,Normal,Normal,99.1,0.0,0.0,0.0,0.0,99.1,0.0,0.0,0.0,0.9,Ada parameter mendekati batas; lanjutkan monitoring dan validasi sensor sebelum tindakan besar.,monitoring intensif
2026-05-20 01:00:00,ph_drift,7.15,25.71,7.76,0.129,0.063,43.53,1.764,876.4,99.0,24.65,87.85,31.0,0.25881904510252074,0.9659258262890683,0.6680638642135335,-0.7441039398713607,0.0,0.0,0.0,0.0,0.0,0.0,0.0,0.0,0.0,0.7849999999999995,35.3,Warning,Normal,Normal,Normal,Normal,99.2,0.0,0.0,0.0,0.0,99.2,0.0,0.0,0.0,0.8,Ada parameter mendekati batas; lanjutkan monitoring dan validasi sensor sebelum tindakan besar.,monitoring intensif
2026-05-20 02:00:00,ph_drift,7.26,25.62,7.6,0.108,0.058,43.1,1.77,891.8,99.0,24.03,86.16,51.0,0.49999999999999994,0.8660254037844387,0.6680638642135335,-0.7441039398713607,0.0,0.0,0.0,0.0,0.0,0.0,0.0,0.0,0.0,0.6159999999999997,27.7,Normal,Normal,Normal,Normal,Normal,98.4,0.0,0.0,0.0,0.0,98.4,0.0,0.0,0.0,1.6,Pertahankan pemantauan; sistem berada dalam rentang aman untuk ikan nila dan selada.,monitoring normal
2026-05-20 03:00:00,ph_drift,7.35,25.65,7.7,0.108,0.066,43.26,1.763,881.7,99.0,24.25,89.63,32.0,0.7071067811865476,0.7071067811865476,0.6680638642135335,-0.7441039398713607,0.0,0.0,0.0,0.0,0.0,0.0,0.0,0.0,0.0,0.9629999999999995,43.3,Warning,Normal,Normal,Normal,Normal,98.1,0.0,0.0,0.0,0.2,98.1,0.0,0.0,0.0,1.7,Ada parameter mendekati batas; lanjutkan monitoring dan validasi sensor sebelum tindakan besar.,monitoring intensif
2026-05-20 04:00:00,ph_drift,7.46,25.67,7.58,0.132,0.058,43.24,1.786,900.9,99.0,24.95,86.91,29.0,0.8660254037844386,0.5000000000000001,0.6680638642135335,-0.7441039398713607,0.0,0.0,0.0,0.0,0.004499999999999886,0.0,0.0,0.0,0.0,0.6909999999999996,31.1,Warning,Normal,Normal,Normal,Normal,97.6,0.0,0.0,0.2,0.0,97.6,0.0,0.0,0.0,2.2,Ada parameter mendekati batas; lanjutkan monitoring dan validasi sensor sebelum tindakan besar.,monitoring intensif
2026-05-20 05:00:00,ph_drift,7.56,25.66,7.63,0.099,0.054,42.38,1.784,887.7,99.0,24.82,87.59,53.0,0.9659258262890683,0.25881904510252074,0.6680638642135335,-0.7441039398713607,0.0,0.0,0.0,0.0,0.0,0.0,0.0,0.0,0.0,0.7590000000000003,34.2,Warning,Normal,Normal,Normal,Normal,97.1,0.0,0.0,0.2,0.0,97.1,0.0,0.0,0.0,2.7,Ada parameter mendekati batas; lanjutkan monitoring dan validasi sensor sebelum tindakan besar.,monitoring intensif
2026-05-20 06:00:00,ph_drift,7.65,25.53,7.8,0.11,0.084,43.04,1.776,874.3,99.0,24.98,90.09,35.0,1.0,6.123233995736766e-17,0.6680638642135335,-0.7441039398713607,0.0,0.0,0.0,0.0,0.0,0.25000000000000333,0.0,0.0,0.017500000000000234,1.0,45.0,Warning,Normal,Normal,Normal,Normal,94.3,0.0,0.0,0.2,0.5,94.3,0.0,0.0,0.0,5.0,Ada parameter mendekati batas; lanjutkan monitoring dan validasi sensor sebelum tindakan besar.,monitoring intensif
2026-05-20 07:00:00,ph_drift,7.72,25.49,7.7,0.231,0.065,43.3,1.747,874.7,99.0,25.2,83.34,4106.0,0.9659258262890683,-0.25881904510252063,0.6680638642135335,-0.7441039398713607,0.0,0.0,0.0,0.0,0.0,0.6,0.0,0.0,0.042,0.33400000000000035,55.2,Warning,Normal,Normal,Normal,Normal,95.5,0.0,0.0,0.0,0.0,95.5,0.0,0.0,0.0,4.5,Ada parameter mendekati batas; lanjutkan monitoring dan validasi sensor sebelum tindakan besar.,monitoring intensif
2026-05-20 08:00:00,ph_drift,7.81,25.56,7.6,0.231,0.067,42.54,1.761,887.6,99.0,26.23,79.27,10077.0,0.8660254037844387,-0.4999999999999998,0.6680638642135335,-0.7441039398713607,0.0,0.0,0.0,0.0,0.0,1.0,0.0,0.0,0.07,0.0,92.0,Critical,pH tidak stabil,pH tidak stabil,Normal,pH tidak stabil,87.8,0.0,0.0,0.0,0.0,62.5,0.0,0.0,0.0,37.5,Kalibrasi sensor pH dan koreksi pH perlahan; hindari perubahan mendadak.,rekomendasi pengguna untuk tindakan sensitif
2026-05-20 09:00:00,ph_drift,7.88,25.7,7.46,0.202,0.072,43.21,1.755,882.2,99.0,28.17,76.02,18784.0,0.7071067811865476,-0.7071067811865475,0.6680638642135335,-0.7441039398713607,0.0,0.0,0.0,0.0,0.0,1.0,0.0,0.0,0.07,0.0,92.0,Critical,pH tidak stabil,pH tidak stabil,Normal,pH tidak stabil,87.8,0.0,0.0,0.0,0.0,60.4,0.0,0.0,0.0,39.6,Kalibrasi sensor pH dan koreksi pH perlahan; hindari perubahan mendadak.,rekomendasi pengguna untuk tindakan sensitif
2026-05-20 10:00:00,ph_drift,7.95,25.87,7.41,0.167,0.074,43.52,1.763,873.1,99.0,29.71,74.17,24922.0,0.49999999999999994,-0.8660254037844387,0.6680638642135335,-0.7441039398713607,0.0,0.0,0.0,0.0,0.0,1.0,0.0,0.0,0.07,0.0,92.0,Critical,pH tidak stabil,pH tidak stabil,Normal,pH tidak stabil,87.8,0.0,0.0,0.0,0.0,62.6,0.0,0.0,0.0,37.4,Kalibrasi sensor pH dan koreksi pH perlahan; hindari perubahan mendadak.,rekomendasi pengguna untuk tindakan sensitif
2026-05-20 11:00:00,ph_drift,8.0,25.93,7.38,0.157,0.067,42.79,1.769,878.7,99.0,30.62,73.75,30174.0,0.258819045102521,-0.9659258262890682,0.6680638642135335,-0.7441039398713607,0.0,0.0,0.0,0.0,0.0,1.0,0.0,0.0,0.07,0.0,92.0,Critical,pH tidak stabil,pH tidak stabil,Normal,pH tidak stabil,87.8,0.0,0.0,0.0,0.0,59.4,0.0,0.0,0.0,40.6,Kalibrasi sensor pH dan koreksi pH perlahan; hindari perubahan mendadak.,rekomendasi pengguna untuk tindakan sensitif
2026-05-20 12:00:00,ph_drift,8.03,26.09,7.4,0.144,0.067,43.03,1.773,880.3,99.0,31.22,72.28,31087.0,1.2246467991473532e-16,-1.0,0.6680638642135335,-0.7441039398713607,0.0,0.0,0.0,0.0,0.0,1.0,0.0,0.0,0.07,0.0,92.0,Critical,pH tidak stabil,pH tidak stabil,Normal,pH tidak stabil,87.8,0.5,0.0,0.2,0.0,58.9,0.0,0.0,0.0,40.4,Kalibrasi sensor pH dan koreksi pH perlahan; hindari perubahan mendadak.,rekomendasi pengguna untuk tindakan sensitif
2026-05-20 13:00:00,ph_drift,8.05,26.25,7.03,0.127,0.064,42.74,1.767,906.5,99.0,30.34,72.09,36476.0,-0.2588190451025208,-0.9659258262890683,0.6680638642135335,-0.7441039398713607,0.0,0.0,0.0,0.0,0.0325,1.0,0.0,0.0,0.07,0.0,92.0,Critical,pH tidak stabil,pH tidak stabil,Normal,pH tidak stabil,87.8,0.2,0.2,0.5,0.0,64.4,0.0,0.0,0.0,34.7,Kalibrasi sensor pH dan koreksi pH perlahan; hindari perubahan mendadak.,rekomendasi pengguna untuk tindakan sensitif
2026-05-20 14:00:00,ph_drift,8.07,26.25,7.23,0.134,0.069,43.91,1.771,876.3,99.0,29.78,75.78,30265.0,-0.4999999999999997,-0.8660254037844388,0.6680638642135335,-0.7441039398713607,0.0,0.0,0.0,0.0,0.0,1.0,0.0,0.0,0.07,0.0,92.0,Critical,pH tidak stabil,pH tidak stabil,Normal,pH tidak stabil,87.8,0.0,0.0,0.0,0.0,61.3,0.0,0.0,0.0,38.7,Kalibrasi sensor pH dan koreksi pH perlahan; hindari perubahan mendadak.,rekomendasi pengguna untuk tindakan sensitif
2026-05-20 15:00:00,ph_drift,8.08,26.29,7.39,0.143,0.051,43.16,1.742,872.3,99.0,28.08,76.36,21792.0,-0.7071067811865471,-0.7071067811865479,0.6680638642135335,-0.7441039398713607,0.0,0.0,0.0,0.0,0.0,1.0,0.0,0.0,0.07,0.0,92.0,Critical,pH tidak stabil,pH tidak stabil,Normal,pH tidak stabil,87.8,0.2,0.0,0.2,0.0,61.7,0.0,0.0,0.0,37.9,Kalibrasi sensor pH dan koreksi pH perlahan; hindari perubahan mendadak.,rekomendasi pengguna untuk tindakan sensitif
2026-05-20 16:00:00,ph_drift,8.08,26.3,7.45,0.118,0.087,43.25,1.711,872.6,99.0,27.13,81.41,13393.0,-0.8660254037844385,-0.5000000000000004,0.6680638642135335,-0.7441039398713607,0.0,0.0,0.0,0.0,0.0,1.0,0.0,0.0,0.07,0.14099999999999965,92.0,Critical,pH tidak stabil,pH tidak stabil,Normal,pH tidak stabil,87.8,0.0,0.0,0.0,0.0,65.8,0.0,0.0,0.0,34.2,Kalibrasi sensor pH dan koreksi pH perlahan; hindari perubahan mendadak.,rekomendasi pengguna untuk tindakan sensitif
2026-05-20 17:00:00,ph_drift,8.06,26.24,7.59,0.247,0.073,43.53,1.725,852.2,99.0,25.53,81.08,4819.0,-0.9659258262890683,-0.25881904510252063,0.6680638642135335,-0.7441039398713607,0.0,0.0,0.0,0.0,0.0,1.0,0.0,0.0,0.07,0.10799999999999983,92.0,Critical,pH tidak stabil,pH tidak stabil,Normal,pH tidak stabil,87.8,0.2,0.0,0.0,0.0,62.7,0.0,0.0,0.0,37.1,Kalibrasi sensor pH dan koreksi pH perlahan; hindari perubahan mendadak.,rekomendasi pengguna untuk tindakan sensitif
2026-05-20 18:00:00,ph_drift,8.05,26.09,7.66,0.228,0.08,43.24,1.712,858.1,99.0,24.63,84.72,0.0,-1.0,-1.8369701987210297e-16,0.6680638642135335,-0.7441039398713607,0.0,0.0,0.0,0.0,0.0,1.0,0.0,0.0,0.07,0.47199999999999986,92.0,Critical,pH tidak stabil,pH tidak stabil,Normal,pH tidak stabil,87.8,0.0,0.0,0.0,0.0,64.0,0.0,0.0,0.0,36.0,Kalibrasi sensor pH dan koreksi pH perlahan; hindari perubahan mendadak.,rekomendasi pengguna untuk tindakan sensitif
2026-05-20 19:00:00,ph_drift,8.04,26.02,7.62,0.201,0.065,42.41,1.679,869.7,99.0,24.83,87.67,51.0,-0.9659258262890684,0.2588190451025203,0.6680638642135335,-0.7441039398713607,0.0,0.0,0.0,0.0,0.0,1.0,0.0,0.0,0.07,0.7670000000000001,92.0,Critical,pH tidak stabil,pH tidak stabil,Normal,pH tidak stabil,87.8,0.0,0.0,0.5,0.0,64.2,0.0,0.0,0.0,35.4,Kalibrasi sensor pH dan koreksi pH perlahan; hindari perubahan mendadak.,rekomendasi pengguna untuk tindakan sensitif
2026-05-20 20:00:00,ph_drift,7.99,25.96,7.61,0.198,0.074,42.6,1.701,850.6,99.0,24.76,88.53,52.0,-0.8660254037844386,0.5000000000000001,0.6680638642135335,-0.7441039398713607,0.0,0.0,0.0,0.0,0.0,1.0,0.0,0.0,0.07,0.8530000000000001,92.0,Critical,pH tidak stabil,pH tidak stabil,Normal,pH tidak stabil,87.8,0.0,0.0,0.2,0.0,66.2,0.0,0.0,0.0,33.5,Kalibrasi sensor pH dan koreksi pH perlahan; hindari perubahan mendadak.,rekomendasi pengguna untuk tindakan sensitif
2026-05-20 21:00:00,ph_drift,7.94,25.91,7.65,0.169,0.068,43.12,1.684,831.6,99.0,24.69,86.4,17.0,-0.7071067811865477,0.7071067811865474,0.6680638642135335,-0.7441039398713607,0.0,0.0,0.0,0.0,0.0,1.0,0.0,0.0,0.07,0.6400000000000006,92.0,Critical,pH tidak stabil,pH tidak stabil,Normal,pH tidak stabil,87.8,0.0,0.0,0.0,0.0,67.4,0.0,0.0,0.0,32.6,Kalibrasi sensor pH dan koreksi pH perlahan; hindari perubahan mendadak.,rekomendasi pengguna untuk tindakan sensitif
2026-05-20 22:00:00,ph_drift,7.87,25.86,7.77,0.181,0.082,42.59,1.7,842.1,99.0,25.36,85.59,33.0,-0.5000000000000004,0.8660254037844384,0.6680638642135335,-0.7441039398713607,0.0,0.0,0.0,0.0,0.0,1.0,0.0,0.0,0.07,0.5590000000000004,92.0,Critical,pH tidak stabil,pH tidak stabil,Normal,pH tidak stabil,87.8,0.0,0.0,0.0,0.0,69.1,0.0,0.0,0.0,30.9,Kalibrasi sensor pH dan koreksi pH perlahan; hindari perubahan mendadak.,rekomendasi pengguna untuk tindakan sensitif
2026-05-20 23:00:00,ph_drift,7.81,25.8,7.63,0.136,0.063,42.19,1.691,855.0,99.0,24.76,87.86,81.0,-0.25881904510252157,0.9659258262890681,0.6680638642135335,-0.7441039398713607,0.0,0.0,0.0,0.0,0.0,1.0,0.0,0.0,0.07,0.7859999999999999,92.0,Critical,pH tidak stabil,pH tidak stabil,Normal,pH tidak stabil,87.8,0.0,0.0,0.0,0.0,68.0,0.0,0.0,0.0,32.0,Kalibrasi sensor pH dan koreksi pH perlahan; hindari perubahan mendadak.,rekomendasi pengguna untuk tindakan sensitif
2026-05-21 00:00:00,ph_drift,7.74,25.76,7.69,0.139,0.071,42.84,1.677,845.2,99.0,24.69,88.63,16.0,0.0,1.0,0.6551563572090853,-0.7554933140726803,0.0,0.0,0.0,0.0,0.0,0.7000000000000022,0.0,0.0,0.049000000000000155,0.8629999999999995,64.4,Warning,Normal,Normal,Normal,Normal,94.4,0.0,0.0,0.0,0.0,94.4,0.0,0.0,0.0,5.6,Ada parameter mendekati batas; lanjutkan monitoring dan validasi sensor sebelum tindakan besar.,monitoring intensif
2026-05-21 01:00:00,ph_drift,7.69,25.74,7.71,0.127,0.058,42.7,1.703,841.4,99.0,24.08,87.97,0.0,0.25881904510252074,0.9659258262890683,0.6551563572090853,-0.7554933140726803,0.0,0.0,0.0,0.0,0.0,0.45000000000000334,0.0,0.0,0.031500000000000236,0.7969999999999999,41.4,Warning,Normal,Normal,Normal,Normal,95.5,0.0,0.0,0.0,0.0,95.5,0.0,0.0,0.0,4.5,Ada parameter mendekati batas; lanjutkan monitoring dan validasi sensor sebelum tindakan besar.,monitoring intensif
2026-05-21 02:00:00,ph_drift,7.59,25.69,7.83,0.137,0.058,43.77,1.712,846.1,99.0,24.44,85.91,0.0,0.49999999999999994,0.8660254037844387,0.6551563572090853,-0.7554933140726803,0.0,0.0,0.0,0.0,0.0,0.0,0.0,0.0,0.0,0.5909999999999996,26.6,Normal,Normal,Normal,Normal,Normal,98.4,0.0,0.0,0.0,0.0,98.4,0.0,0.0,0.0,1.6,Pertahankan pemantauan; sistem berada dalam rentang aman untuk ikan nila dan selada.,monitoring normal
2026-05-21 03:00:00,ph_drift,7.49,25.65,7.69,0.111,0.059,43.23,1.69,845.4,99.0,24.65,85.61,46.0,0.7071067811865476,0.7071067811865476,0.6551563572090853,-0.7554933140726803,0.0,0.0,0.0,0.0,0.0,0.0,0.0,0.0,0.0,0.5609999999999999,25.2,Normal,Normal,Normal,Normal,Normal,97.1,0.0,0.0,0.0,0.0,97.1,0.0,0.0,0.0,2.9,Pertahankan pemantauan; sistem berada dalam rentang aman untuk ikan nila dan selada.,monitoring normal
2026-05-21 04:00:00,ph_drift,7.39,25.63,7.79,0.12,0.076,42.9,1.706,859.0,99.0,24.62,85.55,46.0,0.8660254037844386,0.5000000000000001,0.6551563572090853,-0.7554933140726803,0.0,0.0,0.0,0.0,0.0,0.0,0.0,0.0,0.0,0.5549999999999997,25.0,Normal,Normal,Normal,Normal,Normal,97.5,0.0,0.0,0.0,0.0,97.5,0.0,0.0,0.0,2.5,Pertahankan pemantauan; sistem berada dalam rentang aman untuk ikan nila dan selada.,monitoring normal
2026-05-21 05:00:00,ph_drift,7.27,25.53,7.83,0.114,0.054,42.85,1.698,873.1,99.0,25.07,84.68,42.0,0.9659258262890683,0.25881904510252074,0.6551563572090853,-0.7554933140726803,0.0,0.0,0.0,0.0,0.0,0.0,0.0,0.0,0.0,0.4680000000000007,21.1,Normal,Normal,Normal,Normal,Normal,97.5,0.0,0.0,0.0,0.0,97.5,0.0,0.0,0.0,2.5,Pertahankan pemantauan; sistem berada dalam rentang aman untuk ikan nila dan selada.,monitoring normal
2026-05-21 06:00:00,ph_drift,7.17,25.54,7.73,0.121,0.061,42.41,1.714,871.8,99.0,24.55,87.61,75.0,1.0,6.123233995736766e-17,0.6551563572090853,-0.7554933140726803,0.0,0.0,0.0,0.0,0.0,0.0,0.0,0.0,0.0,0.7609999999999999,34.2,Warning,Normal,Normal,Normal,Normal,99.0,0.0,0.0,0.0,0.0,99.0,0.0,0.0,0.0,1.0,Ada parameter mendekati batas; lanjutkan monitoring dan validasi sensor sebelum tindakan besar.,monitoring intensif
2026-05-21 07:00:00,ph_drift,7.06,25.55,7.66,0.254,0.058,42.7,1.724,870.1,99.0,25.75,82.09,5858.0,0.9659258262890683,-0.25881904510252063,0.6551563572090853,-0.7554933140726803,0.0,0.0,0.0,0.0,0.0,0.0,0.0,0.0,0.0,0.20900000000000035,9.4,Normal,Normal,Normal,Normal,Normal,98.1,0.6,0.0,0.0,0.0,98.1,0.0,0.0,0.0,1.3,Pertahankan pemantauan; sistem berada dalam rentang aman untuk ikan nila dan selada.,monitoring normal
2026-05-21 08:00:00,ph_drift,6.93,25.6,7.57,0.231,0.066,43.32,1.734,855.8,99.0,26.69,78.88,12890.0,0.8660254037844387,-0.4999999999999998,0.6551563572090853,-0.7554933140726803,0.0,0.0,0.0,0.0,0.0,0.0,0.0,0.0,0.0,0.0,0.0,Normal,Normal,Normal,Normal,Normal,99.4,0.0,0.0,0.0,0.0,99.4,0.0,0.0,0.0,0.6,Pertahankan pemantauan; sistem berada dalam rentang aman untuk ikan nila dan selada.,monitoring normal
2026-05-21 09:00:00,normal,6.93,25.72,7.46,0.181,0.069,43.62,1.722,856.1,99.0,28.09,73.59,21497.0,0.7071067811865476,-0.7071067811865475,0.6551563572090853,-0.7554933140726803,0.0,0.0,0.0,0.0,0.0,0.0,0.0,0.0,0.0,0.0,0.0,Normal,Normal,Normal,Normal,Normal,99.4,0.0,0.0,0.0,0.0,99.4,0.0,0.0,0.0,0.6,Pertahankan pemantauan; sistem berada dalam rentang aman untuk ikan nila dan selada.,monitoring normal
2026-05-21 10:00:00,normal,6.92,25.74,7.46,0.179,0.063,43.19,1.716,865.5,99.0,29.2,74.16,30488.0,0.49999999999999994,-0.8660254037844387,0.6551563572090853,-0.7554933140726803,0.0,0.0,0.0,0.0,0.0,0.0,0.0,0.0,0.0,0.0,0.0,Normal,Normal,Normal,Normal,Normal,98.5,0.0,0.2,0.0,0.0,98.5,0.0,0.0,0.0,1.3,Pertahankan pemantauan; sistem berada dalam rentang aman untuk ikan nila dan selada.,monitoring normal
2026-05-21 11:00:00,normal,6.91,25.79,7.35,0.148,0.066,43.02,1.725,859.2,99.0,30.13,72.63,36146.0,0.258819045102521,-0.9659258262890682,0.6551563572090853,-0.7554933140726803,0.0,0.0,0.0,0.0,0.0,0.0,0.0,0.0,0.0,0.0,0.0,Normal,Normal,Normal,Normal,Normal,96.4,0.0,0.2,0.0,0.0,96.4,0.0,0.0,0.0,3.4,Pertahankan pemantauan; sistem berada dalam rentang aman untuk ikan nila dan selada.,monitoring normal
2026-05-21 12:00:00,normal,6.91,25.95,7.3,0.134,0.052,42.84,1.744,869.2,99.0,31.12,74.38,38192.0,1.2246467991473532e-16,-1.0,0.6551563572090853,-0.7554933140726803,0.0,0.0,0.0,0.0,0.0,0.0,0.0,0.0,0.0,0.0,0.0,Normal,Normal,Normal,Normal,Normal,96.9,0.2,0.2,0.5,0.0,96.9,0.0,0.0,0.0,2.2,Pertahankan pemantauan; sistem berada dalam rentang aman untuk ikan nila dan selada.,monitoring normal
2026-05-21 13:00:00,normal,6.92,26.05,7.22,0.147,0.057,42.5,1.747,873.4,99.0,29.37,72.09,32615.0,-0.2588190451025208,-0.9659258262890683,0.6551563572090853,-0.7554933140726803,0.0,0.0,0.0,0.0,0.0,0.0,0.0,0.0,0.0,0.0,0.0,Normal,Normal,Normal,Normal,Normal,97.4,0.2,0.5,0.0,0.0,97.4,0.0,0.0,0.0,1.9,Pertahankan pemantauan; sistem berada dalam rentang aman untuk ikan nila dan selada.,monitoring normal
2026-05-21 14:00:00,normal,6.92,26.13,7.27,0.117,0.076,43.31,1.743,859.8,99.0,28.64,74.69,28222.0,-0.4999999999999997,-0.8660254037844388,0.6551563572090853,-0.7554933140726803,0.0,0.0,0.0,0.0,0.0,0.0,0.0,0.0,0.0,0.0,0.0,Normal,Normal,Normal,Normal,Normal,98.2,0.0,0.5,0.5,0.0,98.2,0.0,0.0,0.0,0.9,Pertahankan pemantauan; sistem berada dalam rentang aman untuk ikan nila dan selada.,monitoring normal
2026-05-21 15:00:00,normal,6.92,26.14,7.59,0.132,0.071,42.48,1.727,855.2,99.0,27.77,79.15,20657.0,-0.7071067811865471,-0.7071067811865479,0.6551563572090853,-0.7554933140726803,0.0,0.0,0.0,0.0,0.0,0.0,0.0,0.0,0.0,0.0,0.0,Normal,Normal,Normal,Normal,Normal,99.1,0.0,0.0,0.0,0.0,99.1,0.0,0.0,0.0,0.9,Pertahankan pemantauan; sistem berada dalam rentang aman untuk ikan nila dan selada.,monitoring normal
2026-05-21 16:00:00,normal,6.92,26.17,7.49,0.106,0.07,42.84,1.71,863.5,99.0,26.47,79.88,11261.0,-0.8660254037844385,-0.5000000000000004,0.6551563572090853,-0.7554933140726803,0.0,0.0,0.0,0.0,0.0,0.0,0.0,0.0,0.0,0.0,0.0,Normal,Normal,Normal,Normal,Normal,99.8,0.0,0.0,0.0,0.0,99.8,0.0,0.0,0.0,0.2,Pertahankan pemantauan; sistem berada dalam rentang aman untuk ikan nila dan selada.,monitoring normal
2026-05-21 17:00:00,normal,6.93,26.17,7.51,0.25,0.062,42.39,1.721,868.0,99.0,25.28,81.97,4615.0,-0.9659258262890683,-0.25881904510252063,0.6551563572090853,-0.7554933140726803,0.0,0.0,0.0,0.0,0.0,0.0,0.0,0.0,0.0,0.1969999999999999,8.9,Normal,Normal,Normal,Normal,Normal,99.0,0.4,0.0,0.0,0.0,99.0,0.0,0.0,0.0,0.6,Pertahankan pemantauan; sistem berada dalam rentang aman untuk ikan nila dan selada.,monitoring normal
2026-05-21 18:00:00,low_water_level,6.91,26.12,7.73,0.203,0.058,41.4,1.72,870.8,99.0,24.42,82.63,924.0,-1.0,-1.8369701987210297e-16,0.6551563572090853,-0.7554933140726803,0.0,0.0,0.0,0.0,0.0,0.0,0.0,0.0,0.0,0.26299999999999957,11.8,Normal,Normal,Normal,Normal,Normal,98.5,0.0,0.0,0.2,0.0,98.5,0.0,0.0,0.0,1.2,Pertahankan pemantauan; sistem berada dalam rentang aman untuk ikan nila dan selada.,monitoring normal
2026-05-21 19:00:00,low_water_level,6.92,26.04,7.66,0.164,0.062,41.65,1.719,866.8,98.79,24.24,88.2,0.0,-0.9659258262890684,0.2588190451025203,0.6551563572090853,-0.7554933140726803,0.0,0.0,0.0,0.0,0.0,0.0,0.0,0.0,0.0,0.8200000000000003,36.9,Warning,Normal,Normal,Normal,Normal,98.5,0.0,0.0,0.5,0.0,98.5,0.0,0.0,0.0,1.1,Ada parameter mendekati batas; lanjutkan monitoring dan validasi sensor sebelum tindakan besar.,monitoring intensif
2026-05-21 20:00:00,low_water_level,6.92,25.9,7.71,0.153,0.071,41.59,1.714,857.4,94.43,24.71,88.33,55.0,-0.8660254037844386,0.5000000000000001,0.6551563572090853,-0.7554933140726803,0.0,0.0,0.0,0.0,0.0,0.0,0.0,0.0,0.0,0.8329999999999999,37.5,Warning,Normal,Normal,Normal,Normal,98.9,0.2,0.0,0.0,0.0,98.9,0.0,0.0,0.0,0.9,Ada parameter mendekati batas; lanjutkan monitoring dan validasi sensor sebelum tindakan besar.,monitoring intensif
2026-05-21 21:00:00,low_water_level,6.92,25.9,7.66,0.157,0.074,41.83,1.749,860.1,90.17,24.83,86.15,84.0,-0.7071067811865477,0.7071067811865474,0.6551563572090853,-0.7554933140726803,0.0,0.0,0.0,0.0,0.0,0.0,0.0,0.0,0.0,0.6150000000000005,27.7,Normal,Normal,Normal,Normal,Normal,98.7,0.2,0.0,0.0,0.0,98.7,0.0,0.0,0.0,1.1,Pertahankan pemantauan; sistem berada dalam rentang aman untuk ikan nila dan selada.,monitoring normal
2026-05-21 22:00:00,low_water_level,6.91,25.91,7.64,0.13,0.072,41.89,1.741,856.9,86.05,24.63,88.54,17.0,-0.5000000000000004,0.8660254037844384,0.6551563572090853,-0.7554933140726803,0.0,0.0,0.0,0.0,0.0,0.0,0.0,0.0,0.0,0.8540000000000006,38.4,Warning,Normal,Normal,Normal,Normal,98.9,0.2,0.0,0.5,0.0,98.9,0.0,0.0,0.0,0.4,Ada parameter mendekati batas; lanjutkan monitoring dan validasi sensor sebelum tindakan besar.,monitoring intensif
2026-05-21 23:00:00,low_water_level,6.9,25.9,7.65,0.129,0.067,42.78,1.707,855.5,82.06,24.89,85.37,36.0,-0.25881904510252157,0.9659258262890681,0.6551563572090853,-0.7554933140726803,0.0,0.0,0.0,0.0,0.0,0.0,0.0,0.0,0.0,0.5370000000000005,24.2,Normal,Normal,Normal,Normal,Normal,99.3,0.0,0.0,0.2,0.0,99.3,0.0,0.0,0.0,0.5,Pertahankan pemantauan; sistem berada dalam rentang aman untuk ikan nila dan selada.,monitoring normal
2026-05-22 00:00:00,low_water_level,6.89,25.82,7.57,0.131,0.053,41.3,1.733,865.5,78.36,24.78,87.68,26.0,0.0,1.0,0.6420547132365637,-0.766658819300159,0.0,0.0,0.0,0.0,0.0,0.0,0.08200000000000003,0.0,0.0032800000000000012,0.7680000000000007,34.6,Warning,Normal,Normal,Normal,Normal,98.9,0.0,0.0,0.2,0.0,98.9,0.0,0.0,0.0,0.8,Ada parameter mendekati batas; lanjutkan monitoring dan validasi sensor sebelum tindakan besar.,monitoring intensif
2026-05-22 01:00:00,low_water_level,6.9,25.81,7.68,0.102,0.058,41.67,1.713,855.2,74.85,24.52,87.74,23.0,0.25881904510252074,0.9659258262890683,0.6420547132365637,-0.766658819300159,0.0,0.0,0.0,0.0,0.0,0.0,0.2575000000000003,0.0,0.010300000000000012,0.7739999999999995,34.8,Warning,Normal,Normal,Normal,Normal,98.8,0.2,0.0,0.7,0.0,98.8,0.0,0.0,0.0,0.2,Ada parameter mendekati batas; lanjutkan monitoring dan validasi sensor sebelum tindakan besar.,monitoring intensif
2026-05-22 02:00:00,low_water_level,6.88,25.82,7.7,0.088,0.054,41.92,1.688,832.2,71.65,24.95,86.29,37.0,0.49999999999999994,0.8660254037844387,0.6420547132365637,-0.766658819300159,0.0,0.0,0.0,0.0,0.0,0.0,0.4174999999999997,0.0,0.01669999999999999,0.6290000000000007,35.1,Warning,Normal,Normal,Normal,Normal,99.5,0.2,0.0,0.2,0.0,99.5,0.0,0.0,0.0,0.0,Ada parameter mendekati batas; lanjutkan monitoring dan validasi sensor sebelum tindakan besar.,monitoring intensif
2026-05-22 03:00:00,low_water_level,6.89,25.86,7.82,0.108,0.055,41.51,1.716,846.4,68.77,24.71,87.29,81.0,0.7071067811865476,0.7071067811865476,0.6420547132365637,-0.766658819300159,0.0,0.0,0.0,0.0,0.0,0.0,0.5615000000000002,0.0,0.022460000000000008,0.7290000000000006,47.2,Warning,Normal,Normal,Normal,Normal,99.3,0.2,0.0,0.2,0.0,99.3,0.0,0.0,0.0,0.2,Ada parameter mendekati batas; lanjutkan monitoring dan validasi sensor sebelum tindakan besar.,monitoring intensif
2026-05-22 04:00:00,low_water_level,6.89,25.78,7.7,0.112,0.078,41.53,1.682,851.4,66.07,24.64,86.57,91.0,0.8660254037844386,0.5000000000000001,0.6420547132365637,-0.766658819300159,0.0,0.0,0.0,0.0,0.0,0.0,0.6965000000000003,0.0,0.027860000000000013,0.6569999999999994,58.5,Warning,Normal,Normal,Normal,Normal,98.8,0.2,0.0,0.2,0.0,98.8,0.0,0.0,0.0,0.7,Ada parameter mendekati batas; lanjutkan monitoring dan validasi sensor sebelum tindakan besar.,monitoring intensif
2026-05-22 05:00:00,low_water_level,6.89,25.75,7.51,0.107,0.051,41.09,1.656,837.3,63.77,25.02,85.63,37.0,0.9659258262890683,0.25881904510252074,0.6420547132365637,-0.766658819300159,0.0,0.0,0.0,0.0,0.0,0.0,0.8114999999999999,0.0,0.032459999999999996,0.5629999999999995,68.2,Warning,Normal,Normal,Normal,Normal,93.8,0.2,0.0,5.9,0.0,93.8,0.0,0.0,0.0,0.0,Ada parameter mendekati batas; lanjutkan monitoring dan validasi sensor sebelum tindakan besar.,monitoring intensif
2026-05-22 06:00:00,low_water_level,6.9,25.73,7.69,0.114,0.067,41.61,1.682,826.8,68.36,23.81,87.71,93.0,1.0,6.123233995736766e-17,0.6420547132365637,-0.766658819300159,0.0,0.0,0.0,0.0,0.0,0.0,0.5820000000000001,0.0,0.023280000000000002,0.7709999999999994,48.9,Warning,Normal,Normal,Normal,Normal,99.1,0.2,0.0,0.2,0.0,99.1,0.0,0.0,0.0,0.4,Ada parameter mendekati batas; lanjutkan monitoring dan validasi sensor sebelum tindakan besar.,monitoring intensif
2026-05-22 07:00:00,low_water_level,6.93,25.71,7.88,0.25,0.081,41.71,1.691,863.1,66.74,24.75,80.32,4444.0,0.9659258262890683,-0.25881904510252063,0.6420547132365637,-0.766658819300159,0.0,0.0,0.0,0.0,0.0,0.0,0.6630000000000003,0.0,0.026520000000000012,0.03199999999999932,55.7,Warning,Normal,Normal,Normal,Normal,98.2,0.4,0.0,0.0,0.0,98.2,0.0,0.0,0.0,1.4,Ada parameter mendekati batas; lanjutkan monitoring dan validasi sensor sebelum tindakan besar.,monitoring intensif
2026-05-22 08:00:00,low_water_level,6.94,25.68,7.66,0.209,0.061,41.69,1.69,846.3,65.55,26.16,79.98,11543.0,0.8660254037844387,-0.4999999999999998,0.6420547132365637,-0.766658819300159,0.0,0.0,0.0,0.0,0.0,0.0,0.7225000000000001,0.0,0.028900000000000006,0.0,60.7,Warning,Normal,Normal,Normal,Normal,98.5,0.2,0.0,0.7,0.0,98.5,0.0,0.0,0.0,0.6,Ada parameter mendekati batas; lanjutkan monitoring dan validasi sensor sebelum tindakan besar.,monitoring intensif
2026-05-22 09:00:00,low_water_level,6.94,25.77,7.42,0.191,0.068,41.88,1.677,842.0,64.76,27.83,75.41,20501.0,0.7071067811865476,-0.7071067811865475,0.6420547132365637,-0.766658819300159,0.0,0.0,0.0,0.0,0.0,0.0,0.7619999999999998,0.0,0.030479999999999993,0.0,64.0,Warning,Normal,Normal,Normal,Normal,97.9,0.2,0.0,1.7,0.0,97.9,0.0,0.0,0.0,0.2,Ada parameter mendekati batas; lanjutkan monitoring dan validasi sensor sebelum tindakan besar.,monitoring intensif
2026-05-22 10:00:00,low_water_level,6.93,25.9,7.43,0.163,0.069,42.14,1.658,836.5,64.32,29.22,75.55,28507.0,0.49999999999999994,-0.8660254037844387,0.6420547132365637,-0.766658819300159,0.0,0.0,0.0,0.0,0.0,0.0,0.7840000000000004,0.0,0.03136000000000001,0.0,65.9,Warning,Normal,Normal,Normal,Normal,97.2,0.2,0.2,1.9,0.0,97.2,0.0,0.0,0.0,0.4,Ada parameter mendekati batas; lanjutkan monitoring dan validasi sensor sebelum tindakan besar.,monitoring intensif
2026-05-22 11:00:00,low_water_level,6.95,26.02,7.26,0.144,0.065,41.97,1.673,829.9,64.31,29.72,72.07,32971.0,0.258819045102521,-0.9659258262890682,0.6420547132365637,-0.766658819300159,0.0,0.0,0.0,0.0,0.0,0.0,0.7844999999999999,0.0,0.03138,0.0,65.9,Warning,Normal,Normal,Normal,Normal,95.7,0.0,0.5,2.1,0.0,95.7,0.0,0.0,0.0,1.7,Ada parameter mendekati batas; lanjutkan monitoring dan validasi sensor sebelum tindakan besar.,monitoring intensif
2026-05-22 12:00:00,low_water_level,6.96,26.14,7.17,0.135,0.05,41.67,1.668,828.4,64.61,30.31,72.17,34183.0,1.2246467991473532e-16,-1.0,0.6420547132365637,-0.766658819300159,0.0,0.0,0.0,0.0,0.0,0.0,0.7695000000000001,0.0,0.030780000000000005,0.0,64.6,Warning,Normal,Normal,Normal,Normal,95.7,0.0,0.4,1.9,0.0,95.7,0.0,0.0,0.0,1.9,Ada parameter mendekati batas; lanjutkan monitoring dan validasi sensor sebelum tindakan besar.,monitoring intensif
2026-05-22 13:00:00,low_water_level,6.96,26.23,7.23,0.103,0.064,41.19,1.668,850.0,65.36,30.05,72.23,35106.0,-0.2588190451025208,-0.9659258262890683,0.6420547132365637,-0.766658819300159,0.0,0.0,0.0,0.0,0.0,0.0,0.732,0.0,0.02928,0.0,61.5,Warning,Normal,Normal,Normal,Normal,97.2,0.0,0.2,0.5,0.0,97.2,0.0,0.0,0.0,2.1,Ada parameter mendekati batas; lanjutkan monitoring dan validasi sensor sebelum tindakan besar.,monitoring intensif
2026-05-22 14:00:00,low_water_level,6.97,26.39,7.3,0.098,0.067,41.34,1.657,834.2,66.49,30.06,75.46,29241.0,-0.4999999999999997,-0.8660254037844388,0.6420547132365637,-0.766658819300159,0.0,0.0,0.0,0.0,0.0,0.0,0.6755000000000002,0.0,0.02702000000000001,0.0,56.7,Warning,Normal,Normal,Normal,Normal,97.7,0.0,0.2,0.2,0.0,97.7,0.0,0.0,0.0,1.9,Ada parameter mendekati batas; lanjutkan monitoring dan validasi sensor sebelum tindakan besar.,monitoring intensif
2026-05-22 15:00:00,low_water_level,6.98,26.38,7.22,0.103,0.068,41.55,1.656,841.4,67.96,28.5,76.57,21499.0,-0.7071067811865471,-0.7071067811865479,0.6420547132365637,-0.766658819300159,0.0,0.0,0.0,0.0,0.0,0.0,0.6020000000000003,0.0,0.024080000000000015,0.0,50.6,Warning,Normal,Normal,Normal,Normal,98.3,0.2,0.0,0.5,0.0,98.3,0.0,0.0,0.0,1.0,Ada parameter mendekati batas; lanjutkan monitoring dan validasi sensor sebelum tindakan besar.,monitoring intensif
2026-05-22 16:00:00,low_water_level,6.97,26.33,7.37,0.08,0.058,41.54,1.658,839.1,69.88,26.2,79.12,12617.0,-0.8660254037844385,-0.5000000000000004,0.6420547132365637,-0.766658819300159,0.0,0.0,0.0,0.0,0.0,0.0,0.5060000000000002,0.0,0.020240000000000008,0.0,42.5,Warning,Normal,Normal,Normal,Normal,98.7,0.2,0.0,0.2,0.0,98.7,0.0,0.0,0.0,0.8,Ada parameter mendekati batas; lanjutkan monitoring dan validasi sensor sebelum tindakan besar.,monitoring intensif
2026-05-22 17:00:00,low_water_level,6.98,26.26,7.57,0.237,0.068,41.06,1.631,820.7,72.07,24.82,82.41,3792.0,-0.9659258262890683,-0.25881904510252063,0.6420547132365637,-0.766658819300159,0.0,0.0,0.0,0.0,0.0,0.0,0.39650000000000035,0.0,0.015860000000000013,0.24099999999999966,33.3,Warning,Normal,Normal,Normal,Normal,98.7,0.2,0.0,0.2,0.0,98.7,0.0,0.0,0.0,0.8,Ada parameter mendekati batas; lanjutkan monitoring dan validasi sensor sebelum tindakan besar.,monitoring intensif
2026-05-22 18:00:00,low_water_level,6.99,26.22,7.58,0.207,0.062,41.24,1.68,846.9,74.59,23.92,80.34,0.0,-1.0,-1.8369701987210297e-16,0.6420547132365637,-0.766658819300159,0.0,0.0,0.0,0.0,0.0,0.0,0.27049999999999985,0.0,0.010819999999999995,0.03400000000000034,22.7,Normal,Normal,Normal,Normal,Normal,97.3,0.2,0.0,0.5,0.0,97.3,0.0,0.0,0.0,2.0,Pertahankan pemantauan; sistem berada dalam rentang aman untuk ikan nila dan selada.,monitoring normal
2026-05-22 19:00:00,low_water_level,7.0,26.06,7.67,0.182,0.068,41.3,1.645,823.1,77.47,23.68,88.24,46.0,-0.9659258262890684,0.2588190451025203,0.6420547132365637,-0.766658819300159,0.0,0.0,0.0,0.0,0.0,0.0,0.12650000000000006,0.0,0.005060000000000002,0.8239999999999995,37.1,Warning,Normal,Normal,Normal,Normal,98.6,0.2,0.0,0.0,0.0,98.6,0.0,0.0,0.0,1.2,Ada parameter mendekati batas; lanjutkan monitoring dan validasi sensor sebelum tindakan besar.,monitoring intensif
2026-05-22 20:00:00,low_water_level,6.98,25.94,7.56,0.176,0.089,41.24,1.651,826.8,80.67,24.16,90.44,89.0,-0.8660254037844386,0.5000000000000001,0.6420547132365637,-0.766658819300159,0.0,0.0,0.0,0.0,0.0,0.0,0.0,0.0,0.0,1.0,45.0,Warning,Normal,Normal,Normal,Normal,98.9,0.2,0.0,0.0,0.2,98.9,0.0,0.0,0.0,0.6,Ada parameter mendekati batas; lanjutkan monitoring dan validasi sensor sebelum tindakan besar.,monitoring intensif
2026-05-22 21:00:00,low_water_level,6.97,25.78,7.75,0.147,0.069,41.65,1.668,818.6,84.11,23.75,88.4,43.0,-0.7071067811865477,0.7071067811865474,0.6420547132365637,-0.766658819300159,0.0,0.0,0.0,0.0,0.0,0.0,0.0,0.0,0.0,0.8400000000000005,37.8,Warning,Normal,Normal,Normal,Normal,99.0,0.2,0.0,0.0,0.0,99.0,0.0,0.0,0.0,0.8,Ada parameter mendekati batas; lanjutkan monitoring dan validasi sensor sebelum tindakan besar.,monitoring intensif
2026-05-22 22:00:00,low_water_level,6.98,25.74,7.6,0.151,0.055,41.39,1.683,821.5,87.82,24.0,88.08,48.0,-0.5000000000000004,0.8660254037844384,0.6420547132365637,-0.766658819300159,0.0,0.0,0.0,0.0,0.0,0.0,0.0,0.0,0.0,0.8079999999999998,36.4,Warning,Normal,Normal,Normal,Normal,98.7,0.2,0.0,0.0,0.0,98.7,0.0,0.0,0.0,1.1,Ada parameter mendekati batas; lanjutkan monitoring dan validasi sensor sebelum tindakan besar.,monitoring intensif
2026-05-22 23:00:00,low_water_level,6.97,25.63,7.85,0.13,0.063,41.7,1.67,845.0,91.71,23.38,89.29,54.0,-0.25881904510252157,0.9659258262890681,0.6420547132365637,-0.766658819300159,0.0,0.0,0.0,0.0,0.0,0.0,0.0,0.0,0.0,0.9290000000000006,41.8,Warning,Normal,Normal,Normal,Normal,98.5,0.2,0.0,0.2,0.0,98.5,0.0,0.0,0.0,1.1,Ada parameter mendekati batas; lanjutkan monitoring dan validasi sensor sebelum tindakan besar.,monitoring intensif
2026-05-23 00:00:00,low_water_level,6.97,25.56,7.59,0.103,0.048,41.85,1.673,830.6,95.73,23.56,89.57,124.0,0.0,1.0,0.6287628145958344,-0.7775971469736269,0.0,0.0,0.0,0.0,0.0,0.0,0.0,0.0,0.0,0.9569999999999993,43.1,Warning,Normal,Normal,Normal,Normal,98.1,0.2,0.0,0.0,0.0,98.1,0.0,0.0,0.0,1.7,Ada parameter mendekati batas; lanjutkan monitoring dan validasi sensor sebelum tindakan besar.,monitoring intensif
2026-05-23 01:00:00,low_water_level,6.98,25.56,7.64,0.097,0.046,41.58,1.711,829.3,99.0,23.84,85.55,66.0,0.25881904510252074,0.9659258262890683,0.6287628145958344,-0.7775971469736269,0.0,0.0,0.0,0.0,0.0,0.0,0.0,0.0,0.0,0.5549999999999997,25.0,Normal,Normal,Normal,Normal,Normal,98.1,0.0,0.0,0.0,0.0,98.1,0.0,0.0,0.0,1.9,Pertahankan pemantauan; sistem berada dalam rentang aman untuk ikan nila dan selada.,monitoring normal
2026-05-23 02:00:00,low_water_level,6.97,25.5,7.77,0.07,0.046,42.29,1.71,849.1,99.0,23.96,85.85,27.0,0.49999999999999994,0.8660254037844387,0.6287628145958344,-0.7775971469736269,0.0,0.0,0.0,0.0,0.0,0.0,0.0,0.0,0.0,0.5849999999999994,26.3,Normal,Normal,Normal,Normal,Normal,97.9,0.0,0.0,0.0,0.0,97.9,0.0,0.0,0.0,2.1,Pertahankan pemantauan; sistem berada dalam rentang aman untuk ikan nila dan selada.,monitoring normal
2026-05-23 03:00:00,low_water_level,6.97,25.48,7.88,0.089,0.05,42.61,1.709,865.7,99.0,23.98,88.28,69.0,0.7071067811865476,0.7071067811865476,0.6287628145958344,-0.7775971469736269,0.0,0.0,0.0,0.0,0.0,0.0,0.0,0.0,0.0,0.8280000000000001,37.3,Warning,Normal,Normal,Normal,Normal,99.4,0.0,0.0,0.0,0.0,99.4,0.0,0.0,0.0,0.6,Ada parameter mendekati batas; lanjutkan monitoring dan validasi sensor sebelum tindakan besar.,monitoring intensif
2026-05-23 04:00:00,low_water_level,6.98,25.43,7.78,0.091,0.065,42.45,1.701,859.6,99.0,23.2,87.82,36.0,0.8660254037844386,0.5000000000000001,0.6287628145958344,-0.7775971469736269,0.0,0.0,0.0,0.0,0.0,0.0,0.0,0.0,0.0,0.7819999999999994,35.2,Warning,Normal,Normal,Normal,Normal,99.4,0.0,0.0,0.0,0.0,99.4,0.0,0.0,0.0,0.6,Ada parameter mendekati batas; lanjutkan monitoring dan validasi sensor sebelum tindakan besar.,monitoring intensif
2026-05-23 05:00:00,normal,6.97,25.43,7.8,0.102,0.066,42.31,1.691,849.6,99.0,23.89,89.81,33.0,0.9659258262890683,0.25881904510252074,0.6287628145958344,-0.7775971469736269,0.0,0.0,0.0,0.0,0.0,0.0,0.0,0.0,0.0,0.9810000000000002,44.1,Warning,Normal,Normal,Normal,Normal,99.4,0.0,0.0,0.0,0.0,99.4,0.0,0.0,0.0,0.6,Ada parameter mendekati batas; lanjutkan monitoring dan validasi sensor sebelum tindakan besar.,monitoring intensif
2026-05-23 06:00:00,normal,6.97,25.42,7.76,0.085,0.069,42.79,1.717,854.1,99.0,23.33,88.22,68.0,1.0,6.123233995736766e-17,0.6287628145958344,-0.7775971469736269,0.0,0.0,0.0,0.0,0.0,0.0,0.0,0.0,0.0,0.8219999999999998,37.0,Warning,Normal,Normal,Normal,Normal,99.4,0.0,0.0,0.0,0.0,99.4,0.0,0.0,0.0,0.6,Ada parameter mendekati batas; lanjutkan monitoring dan validasi sensor sebelum tindakan besar.,monitoring intensif
2026-05-23 07:00:00,normal,6.96,25.38,7.63,0.229,0.058,42.37,1.707,861.6,99.0,24.52,79.45,4485.0,0.9659258262890683,-0.25881904510252063,0.6287628145958344,-0.7775971469736269,0.0,0.0,0.0,0.0,0.0,0.0,0.0,0.0,0.0,0.0,0.0,Normal,Normal,Normal,Normal,Normal,99.0,0.0,0.0,0.0,0.0,99.0,0.0,0.0,0.0,1.0,Pertahankan pemantauan; sistem berada dalam rentang aman untuk ikan nila dan selada.,monitoring normal
2026-05-23 08:00:00,normal,6.95,25.41,7.59,0.206,0.065,42.34,1.713,862.3,99.0,25.72,78.16,13021.0,0.8660254037844387,-0.4999999999999998,0.6287628145958344,-0.7775971469736269,0.0,0.0,0.0,0.0,0.0,0.0,0.0,0.0,0.0,0.0,0.0,Normal,Normal,Normal,Normal,Normal,99.0,0.0,0.0,0.0,0.0,99.0,0.0,0.0,0.0,1.0,Pertahankan pemantauan; sistem berada dalam rentang aman untuk ikan nila dan selada.,monitoring normal
2026-05-23 09:00:00,normal,6.93,25.52,7.42,0.17,0.072,43.2,1.704,853.0,99.0,26.53,74.39,21934.0,0.7071067811865476,-0.7071067811865475,0.6287628145958344,-0.7775971469736269,0.0,0.0,0.0,0.0,0.0,0.0,0.0,0.0,0.0,0.0,0.0,Normal,Normal,Normal,Normal,Normal,98.8,0.2,0.0,0.0,0.2,98.8,0.0,0.0,0.0,0.8,Pertahankan pemantauan; sistem berada dalam rentang aman untuk ikan nila dan selada.,monitoring normal
2026-05-23 10:00:00,normal,6.95,25.63,7.31,0.126,0.064,43.05,1.726,864.2,99.0,28.08,75.19,30211.0,0.49999999999999994,-0.8660254037844387,0.6287628145958344,-0.7775971469736269,0.0,0.0,0.0,0.0,0.0,0.0,0.0,0.0,0.0,0.0,0.0,Normal,Normal,Normal,Normal,Normal,98.0,0.0,0.0,0.0,0.0,98.0,0.0,0.0,0.0,2.0,Pertahankan pemantauan; sistem berada dalam rentang aman untuk ikan nila dan selada.,monitoring normal
2026-05-23 11:00:00,normal,6.95,25.69,7.39,0.154,0.062,42.99,1.735,868.7,99.0,29.2,73.63,34879.0,0.258819045102521,-0.9659258262890682,0.6287628145958344,-0.7775971469736269,0.0,0.0,0.0,0.0,0.0,0.0,0.0,0.0,0.0,0.0,0.0,Normal,Normal,Normal,Normal,Normal,95.7,0.0,0.2,0.0,0.0,95.7,0.0,0.0,0.0,4.1,Pertahankan pemantauan; sistem berada dalam rentang aman untuk ikan nila dan selada.,monitoring normal
2026-05-23 12:00:00,normal,6.95,25.84,7.22,0.118,0.065,43.01,1.744,874.9,99.0,29.43,72.87,36856.0,1.2246467991473532e-16,-1.0,0.6287628145958344,-0.7775971469736269,0.0,0.0,0.0,0.0,0.0,0.0,0.0,0.0,0.0,0.0,0.0,Normal,Normal,Normal,Normal,Normal,95.7,0.0,0.2,0.2,0.0,95.7,0.0,0.0,0.0,3.8,Pertahankan pemantauan; sistem berada dalam rentang aman untuk ikan nila dan selada.,monitoring normal
