timestamp,scenario,ph_air,suhu_air_c,do_mg_l,amonia_mg_l,nitrit_mg_l,nitrat_mg_l,ec_ms_cm,tds_ppm,level_air_pct,suhu_udara_c,kelembapan_pct,intensitas_cahaya_lux,hour_sin,hour_cos,day_sin,day_cos,score_Normal,score_DO rendah,score_Amonia tinggi,score_Nitrit tinggi,score_Nutrisi rendah,score_pH tidak stabil,score_Level air rendah,score_Suhu air tinggi,score_Risiko stres ikan,score_Greenhouse warning,risk_score,risk_level,final_ai_class,ai_status
2026-02-22 13:00:00,normal,6.98,26.17,7.32,0.105,0.055,42.71,1.448,738.6,93.58,29.81,73.03,32505.0,-0.2588190451025208,-0.9659258262890683,0.7909456567567772,0.6118864012687243,0.0,0.0,0.0,0.0,0.0,0.0,0.0,0.0,0.0,0.0,0.0,Normal,Normal,Normal
2026-02-22 14:00:00,normal,6.97,26.2,7.32,0.103,0.062,42.61,1.453,737.8,93.53,28.16,77.94,26955.0,-0.4999999999999997,-0.8660254037844388,0.7909456567567772,0.6118864012687243,0.0,0.0,0.0,0.0,0.0,0.0,0.0,0.0,0.0,0.0,0.0,Normal,Normal,Normal
2026-02-22 15:00:00,normal,6.96,26.28,7.33,0.09,0.052,42.82,1.447,729.7,93.59,28.09,76.06,19725.0,-0.7071067811865471,-0.7071067811865479,0.7909456567567772,0.6118864012687243,0.0,0.0,0.0,0.0,0.0,0.0,0.0,0.0,0.0,0.0,0.0,Normal,Normal,Normal
2026-02-22 16:00:00,normal,6.95,26.25,7.56,0.114,0.072,42.39,1.462,731.3,93.55,26.11,82.23,11708.0,-0.8660254037844385,-0.5000000000000004,0.7909456567567772,0.6118864012687243,0.0,0.0,0.0,0.0,0.0,0.0,0.0,0.0,0.0,0.2230000000000004,7.7,Normal,Normal,Normal
2026-02-22 17:00:00,normal,6.94,26.21,7.56,0.258,0.071,42.73,1.468,750.3,93.49,25.09,80.68,4269.0,-0.9659258262890683,-0.25881904510252063,0.7909456567567772,0.6118864012687243,0.0,0.0,0.0,0.0,0.0,0.0,0.0,0.0,0.0,0.06800000000000068,2.3,Normal,Normal,Normal
2026-02-22 18:00:00,normal,6.95,26.14,7.74,0.216,0.071,42.61,1.492,739.6,93.44,24.12,82.22,379.0,-1.0,-1.8369701987210297e-16,0.7909456567567772,0.6118864012687243,0.0,0.0,0.0,0.0,0.0,0.0,0.0,0.0,0.0,0.2219999999999999,7.6,Normal,Normal,Normal
2026-02-22 19:00:00,normal,6.96,26.07,7.57,0.213,0.081,42.66,1.482,728.2,93.39,23.93,88.3,59.0,-0.9659258262890684,0.2588190451025203,0.7909456567567772,0.6118864012687243,0.0,0.0,0.0,0.0,0.0,0.0,0.0,0.0,0.0,0.8299999999999997,28.5,Normal,Normal,Normal
2026-02-22 20:00:00,normal,6.96,25.94,7.75,0.188,0.085,42.71,1.519,747.4,93.39,23.93,89.47,40.0,-0.8660254037844386,0.5000000000000001,0.7909456567567772,0.6118864012687243,0.0,0.0,0.0,0.0,0.0,0.0,0.0,0.0,0.0,0.9469999999999998,32.5,Warning,Normal,Normal
2026-02-22 21:00:00,normal,6.97,25.86,7.59,0.172,0.088,43.13,1.514,768.8,93.4,24.28,86.39,96.0,-0.7071067811865477,0.7071067811865474,0.7909456567567772,0.6118864012687243,0.0,0.0,0.0,0.0,0.0,0.0,0.0,0.0,0.0,0.639,21.9,Normal,Normal,Normal
2026-02-22 22:00:00,normal,6.98,25.8,7.58,0.119,0.062,42.4,1.556,757.2,93.35,23.76,88.53,45.0,-0.5000000000000004,0.8660254037844384,0.7909456567567772,0.6118864012687243,0.0,0.0,0.0,0.0,0.0,0.0,0.0,0.0,0.0,0.8530000000000001,29.3,Normal,Normal,Normal
2026-02-22 23:00:00,normal,6.98,25.69,7.8,0.128,0.054,42.19,1.554,779.5,93.36,23.04,88.74,0.0,-0.25881904510252157,0.9659258262890681,0.7909456567567772,0.6118864012687243,0.0,0.0,0.0,0.0,0.0,0.0,0.0,0.0,0.0,0.8739999999999994,30.0,Warning,Normal,Normal
2026-02-23 00:00:00,normal,6.97,25.62,7.74,0.142,0.063,42.98,1.567,774.9,93.3,23.83,86.87,5.0,0.0,1.0,0.8013610881746766,0.5981809144059165,0.0,0.0,0.0,0.0,0.0,0.0,0.0,0.0,0.0,0.6870000000000005,23.6,Normal,Normal,Normal
2026-02-23 01:00:00,normal,6.97,25.57,7.56,0.129,0.058,42.74,1.593,803.3,93.24,24.19,89.35,78.0,0.25881904510252074,0.9659258262890683,0.8013610881746766,0.5981809144059165,0.0,0.0,0.0,0.0,0.0,0.0,0.0,0.0,0.0,0.9349999999999994,32.1,Warning,Normal,Normal
2026-02-23 02:00:00,normal,6.97,25.45,7.72,0.116,0.066,42.79,1.569,807.6,93.2,23.99,90.49,78.0,0.49999999999999994,0.8660254037844387,0.8013610881746766,0.5981809144059165,0.0,0.0,0.0,0.0,0.0,0.0,0.0,0.0,0.0,1.0,34.3,Warning,Normal,Normal
2026-02-23 03:00:00,normal,6.98,25.48,7.64,0.11,0.058,42.47,1.612,788.1,93.2,24.49,85.79,48.0,0.7071067811865476,0.7071067811865476,0.8013610881746766,0.5981809144059165,0.0,0.0,0.0,0.0,0.0,0.0,0.0,0.0,0.0,0.5790000000000006,19.9,Normal,Normal,Normal
2026-02-23 04:00:00,normal,6.99,25.45,7.93,0.112,0.057,42.67,1.61,793.3,93.12,24.23,88.06,80.0,0.8660254037844386,0.5000000000000001,0.8013610881746766,0.5981809144059165,0.0,0.0,0.0,0.0,0.0,0.0,0.0,0.0,0.0,0.8060000000000003,27.7,Normal,Normal,Normal
2026-02-23 05:00:00,normal,6.98,25.4,7.73,0.109,0.069,41.94,1.605,804.4,93.1,23.99,89.29,23.0,0.9659258262890683,0.25881904510252074,0.8013610881746766,0.5981809144059165,0.0,0.0,0.0,0.0,0.0,0.0,0.0,0.0,0.0,0.9290000000000006,31.9,Warning,Normal,Normal
2026-02-23 06:00:00,normal,6.97,25.42,7.8,0.105,0.065,42.47,1.628,818.4,99.0,24.14,89.82,86.0,1.0,6.123233995736766e-17,0.8013610881746766,0.5981809144059165,0.0,0.0,0.0,0.0,0.0,0.0,0.0,0.0,0.0,0.9819999999999993,33.7,Warning,Normal,Normal
2026-02-23 07:00:00,normal,6.98,25.43,7.71,0.247,0.078,42.21,1.61,812.1,99.0,24.22,83.32,4350.0,0.9659258262890683,-0.25881904510252063,0.8013610881746766,0.5981809144059165,0.0,0.0,0.0,0.0,0.0,0.0,0.0,0.0,0.0,0.3319999999999993,11.4,Normal,Normal,Normal
2026-02-23 08:00:00,normal,6.97,25.48,7.58,0.213,0.063,42.32,1.627,811.4,99.0,26.39,76.99,11656.0,0.8660254037844387,-0.4999999999999998,0.8013610881746766,0.5981809144059165,0.0,0.0,0.0,0.0,0.0,0.0,0.0,0.0,0.0,0.0,0.0,Normal,Normal,Normal
2026-02-23 09:00:00,normal,6.97,25.53,7.46,0.19,0.054,42.12,1.643,811.2,99.0,27.71,78.37,20528.0,0.7071067811865476,-0.7071067811865475,0.8013610881746766,0.5981809144059165,0.0,0.0,0.0,0.0,0.0,0.0,0.0,0.0,0.0,0.0,0.0,Normal,Normal,Normal
2026-02-23 10:00:00,normal,6.98,25.73,7.37,0.161,0.07,42.47,1.654,824.0,99.0,28.61,74.41,27234.0,0.49999999999999994,-0.8660254037844387,0.8013610881746766,0.5981809144059165,0.0,0.0,0.0,0.0,0.0,0.0,0.0,0.0,0.0,0.0,0.0,Normal,Normal,Normal
2026-02-23 11:00:00,normal,6.97,25.87,7.22,0.145,0.065,42.5,1.644,812.7,99.0,29.81,73.94,32536.0,0.258819045102521,-0.9659258262890682,0.8013610881746766,0.5981809144059165,0.0,0.0,0.0,0.0,0.0,0.0,0.0,0.0,0.0,0.0,0.0,Normal,Normal,Normal
2026-02-23 12:00:00,normal,6.98,26.04,7.25,0.101,0.07,42.16,1.656,840.5,99.0,30.17,74.23,35193.0,1.2246467991473532e-16,-1.0,0.8013610881746766,0.5981809144059165,0.0,0.0,0.0,0.0,0.0,0.0,0.0,0.0,0.0,0.0,0.0,Normal,Normal,Normal
2026-02-23 13:00:00,normal,6.96,26.18,7.31,0.102,0.05,42.71,1.699,850.9,99.0,30.42,71.59,35817.0,-0.2588190451025208,-0.9659258262890683,0.8013610881746766,0.5981809144059165,0.0,0.0,0.0,0.0,0.0,0.0,0.0,0.0,0.0,0.0,0.0,Normal,Normal,Normal
2026-02-23 14:00:00,normal,6.97,26.36,7.3,0.097,0.057,42.33,1.691,856.2,99.0,29.14,72.93,29437.0,-0.4999999999999997,-0.8660254037844388,0.8013610881746766,0.5981809144059165,0.0,0.0,0.0,0.0,0.0,0.0,0.0,0.0,0.0,0.0,0.0,Normal,Normal,Normal
2026-02-23 15:00:00,normal,6.99,26.39,7.38,0.089,0.052,42.37,1.675,846.9,99.0,27.58,77.06,21202.0,-0.7071067811865471,-0.7071067811865479,0.8013610881746766,0.5981809144059165,0.0,0.0,0.0,0.0,0.0,0.0,0.0,0.0,0.0,0.0,0.0,Normal,Normal,Normal
2026-02-23 16:00:00,normal,6.98,26.26,7.47,0.093,0.045,42.77,1.686,847.1,99.0,26.61,80.07,12615.0,-0.8660254037844385,-0.5000000000000004,0.8013610881746766,0.5981809144059165,0.0,0.0,0.0,0.0,0.0,0.0,0.0,0.0,0.0,0.0069999999999993175,0.2,Normal,Normal,Normal
2026-02-23 17:00:00,normal,6.97,26.2,7.46,0.228,0.075,43.5,1.671,843.4,99.0,25.11,82.16,4744.0,-0.9659258262890683,-0.25881904510252063,0.8013610881746766,0.5981809144059165,0.0,0.0,0.0,0.0,0.0,0.0,0.0,0.0,0.0,0.21599999999999966,7.4,Normal,Normal,Normal
2026-02-23 18:00:00,normal,6.95,26.06,7.7,0.168,0.076,43.01,1.692,855.5,99.0,24.27,80.69,0.0,-1.0,-1.8369701987210297e-16,0.8013610881746766,0.5981809144059165,0.0,0.0,0.0,0.0,0.0,0.0,0.0,0.0,0.0,0.06899999999999977,2.4,Normal,Normal,Normal
2026-02-23 19:00:00,normal,6.93,25.98,7.56,0.164,0.082,43.05,1.671,832.9,99.0,23.85,88.45,39.0,-0.9659258262890684,0.2588190451025203,0.8013610881746766,0.5981809144059165,0.0,0.0,0.0,0.0,0.0,0.0,0.0,0.0,0.0,0.8450000000000003,29.0,Normal,Normal,Normal
2026-02-23 20:00:00,normal,6.96,25.84,7.59,0.143,0.068,42.87,1.669,837.9,99.0,24.55,86.58,40.0,-0.8660254037844386,0.5000000000000001,0.8013610881746766,0.5981809144059165,0.0,0.0,0.0,0.0,0.0,0.0,0.0,0.0,0.0,0.6579999999999998,22.6,Normal,Normal,Normal
2026-02-23 21:00:00,normal,6.95,25.74,7.67,0.122,0.072,42.97,1.692,844.6,99.0,25.02,86.31,74.0,-0.7071067811865477,0.7071067811865474,0.8013610881746766,0.5981809144059165,0.0,0.0,0.0,0.0,0.0,0.0,0.0,0.0,0.0,0.6310000000000002,21.6,Normal,Normal,Normal
2026-02-23 22:00:00,normal,6.96,25.65,7.66,0.112,0.057,42.74,1.672,823.2,98.99,24.72,87.91,24.0,-0.5000000000000004,0.8660254037844384,0.8013610881746766,0.5981809144059165,0.0,0.0,0.0,0.0,0.0,0.0,0.0,0.0,0.0,0.7909999999999997,27.1,Normal,Normal,Normal
2026-02-23 23:00:00,normal,6.95,25.6,7.71,0.125,0.065,41.66,1.676,852.5,98.95,24.59,87.68,44.0,-0.25881904510252157,0.9659258262890681,0.8013610881746766,0.5981809144059165,0.0,0.0,0.0,0.0,0.0,0.0,0.0,0.0,0.0,0.7680000000000007,26.3,Normal,Normal,Normal
2026-02-24 00:00:00,normal,6.95,25.55,7.73,0.099,0.057,43.11,1.695,852.1,98.96,24.72,87.07,66.0,0.0,1.0,0.8115390590073611,0.5842981736283684,0.0,0.0,0.0,0.0,0.0,0.0,0.0,0.0,0.0,0.7069999999999993,24.3,Normal,Normal,Normal
2026-02-24 01:00:00,normal,6.96,25.47,7.79,0.131,0.057,42.96,1.664,839.2,98.94,24.34,87.54,33.0,0.25881904510252074,0.9659258262890683,0.8115390590073611,0.5842981736283684,0.0,0.0,0.0,0.0,0.0,0.0,0.0,0.0,0.0,0.7540000000000007,25.9,Normal,Normal,Normal
2026-02-24 02:00:00,normal,6.97,25.43,7.9,0.104,0.067,42.94,1.665,834.0,98.82,24.75,90.02,52.0,0.49999999999999994,0.8660254037844387,0.8115390590073611,0.5842981736283684,0.0,0.0,0.0,0.0,0.0,0.0,0.0,0.0,0.0,1.0,34.3,Warning,Normal,Normal
2026-02-24 03:00:00,normal,6.97,25.47,7.8,0.129,0.055,42.69,1.683,842.4,98.87,25.02,87.58,12.0,0.7071067811865476,0.7071067811865476,0.8115390590073611,0.5842981736283684,0.0,0.0,0.0,0.0,0.0,0.0,0.0,0.0,0.0,0.7579999999999998,26.0,Normal,Normal,Normal
2026-02-24 04:00:00,normal,6.97,25.45,7.76,0.106,0.054,42.65,1.685,833.7,98.8,25.01,87.15,48.0,0.8660254037844386,0.5000000000000001,0.8115390590073611,0.5842981736283684,0.0,0.0,0.0,0.0,0.0,0.0,0.0,0.0,0.0,0.7150000000000005,24.5,Normal,Normal,Normal
2026-02-24 05:00:00,normal,6.98,25.41,7.78,0.088,0.072,42.67,1.669,823.6,98.71,24.53,88.82,16.0,0.9659258262890683,0.25881904510252074,0.8115390590073611,0.5842981736283684,0.0,0.0,0.0,0.0,0.0,0.0,0.0,0.0,0.0,0.8819999999999993,30.3,Warning,Normal,Normal
2026-02-24 06:00:00,normal,6.99,25.4,7.62,0.11,0.057,42.62,1.679,828.6,98.69,24.63,86.74,41.0,1.0,6.123233995736766e-17,0.8115390590073611,0.5842981736283684,0.0,0.0,0.0,0.0,0.0,0.0,0.0,0.0,0.0,0.6739999999999995,23.1,Normal,Normal,Normal
2026-02-24 07:00:00,feeding_ammonia,6.99,25.37,7.72,0.289,0.057,42.67,1.668,844.8,98.66,25.71,80.76,5295.0,0.9659258262890683,-0.25881904510252063,0.8115390590073611,0.5842981736283684,0.0,0.0,0.0,0.0,0.0,0.0,0.0,0.0,0.0,0.07600000000000051,2.6,Normal,Normal,Normal
2026-02-24 08:00:00,feeding_ammonia,6.98,25.44,7.51,0.319,0.073,42.63,1.659,833.7,98.67,27.0,78.89,13724.0,0.8660254037844387,-0.4999999999999998,0.8115390590073611,0.5842981736283684,0.0,0.0,0.0,0.0,0.0,0.0,0.0,0.0,0.0,0.0,0.0,Normal,Normal,Normal
2026-02-24 09:00:00,feeding_ammonia,6.99,25.54,7.58,0.347,0.072,42.89,1.666,835.7,98.65,27.48,77.11,21030.0,0.7071067811865476,-0.7071067811865475,0.8115390590073611,0.5842981736283684,0.0,0.0,0.0,0.0,0.0,0.0,0.0,0.0,0.0,0.0,0.0,Normal,Normal,Normal
2026-02-24 10:00:00,feeding_ammonia,6.98,25.75,7.38,0.394,0.092,42.78,1.685,840.1,98.56,29.72,72.75,30210.0,0.49999999999999994,-0.8660254037844387,0.8115390590073611,0.5842981736283684,0.0,0.0,0.0,0.0,0.0,0.0,0.0,0.0,0.0,0.0,0.0,Normal,Normal,Normal
2026-02-24 11:00:00,feeding_ammonia,6.98,25.87,7.39,0.429,0.068,42.36,1.665,849.9,98.44,30.26,71.23,34752.0,0.258819045102521,-0.9659258262890682,0.8115390590073611,0.5842981736283684,0.0,0.0,0.0,0.0,0.0,0.0,0.0,0.0,0.0,0.0,0.0,Normal,Normal,Normal
2026-02-24 12:00:00,feeding_ammonia,6.98,25.99,6.77,0.477,0.049,43.35,1.663,826.3,98.34,31.32,72.25,36722.0,1.2246467991473532e-16,-1.0,0.8115390590073611,0.5842981736283684,0.0,0.0,0.0,0.0,0.0,0.0,0.0,0.0,0.0,0.0,0.0,Normal,Normal,Normal
2026-02-24 13:00:00,feeding_ammonia,6.99,26.07,6.93,0.547,0.058,43.29,1.679,839.7,98.19,29.84,74.29,27445.0,-0.2588190451025208,-0.9659258262890683,0.8115390590073611,0.5842981736283684,0.0,0.0,0.09400000000000008,0.0,0.0,0.0,0.0,0.0,0.018800000000000018,0.0,7.4,Normal,Normal,Normal
2026-02-24 14:00:00,feeding_ammonia,7.0,26.13,6.97,0.568,0.064,43.27,1.698,854.0,98.11,29.94,74.25,23239.0,-0.4999999999999997,-0.8660254037844388,0.8115390590073611,0.5842981736283684,0.0,0.0,0.1359999999999999,0.0,0.0,0.0,0.0,0.0,0.02719999999999998,0.0,10.7,Normal,Normal,Normal
2026-02-24 15:00:00,feeding_ammonia,7.0,26.21,7.12,0.628,0.09,43.28,1.694,842.0,98.05,28.28,79.56,16600.0,-0.7071067811865471,-0.7071067811865479,0.8115390590073611,0.5842981736283684,0.0,0.0,0.256,0.0,0.0,0.0,0.0,0.0,0.0512,0.0,20.2,Normal,Normal,Normal
2026-02-24 16:00:00,feeding_ammonia,7.01,26.18,7.02,0.668,0.091,42.57,1.677,851.4,97.99,26.34,81.42,10569.0,-0.8660254037844385,-0.5000000000000004,0.8115390590073611,0.5842981736283684,0.0,0.0,0.3360000000000001,0.0,0.0,0.0,0.0,0.0,0.06720000000000002,0.14200000000000018,26.6,Normal,Normal,Normal
2026-02-24 17:00:00,feeding_ammonia,7.01,26.1,7.19,0.825,0.133,42.01,1.701,838.0,98.01,26.24,81.67,3769.0,-0.9659258262890683,-0.25881904510252063,0.8115390590073611,0.5842981736283684,0.0,0.0,0.6499999999999999,0.0,0.0,0.0,0.0,0.0,0.12999999999999998,0.16700000000000018,51.5,Warning,Normal,Normal
2026-02-24 18:00:00,feeding_ammonia,7.01,26.14,7.25,0.833,0.143,42.64,1.725,859.6,98.06,24.97,84.42,0.0,-1.0,-1.8369701987210297e-16,0.8115390590073611,0.5842981736283684,0.0,0.0,0.6659999999999999,0.0,0.0,0.0,0.0,0.0,0.13319999999999999,0.44200000000000017,52.9,Warning,Normal,Normal
2026-02-24 19:00:00,feeding_ammonia,7.01,26.09,7.12,0.835,0.153,42.3,1.671,836.0,98.07,25.29,88.25,15.0,-0.9659258262890684,0.2588190451025203,0.8115390590073611,0.5842981736283684,0.0,0.0,0.6699999999999999,0.0,0.0,0.0,0.0,0.0,0.13399999999999998,0.825,53.4,Warning,Normal,Normal
2026-02-24 20:00:00,feeding_ammonia,7.04,26.15,7.23,0.825,0.167,42.82,1.68,854.9,98.06,24.81,88.05,24.0,-0.8660254037844386,0.5000000000000001,0.8115390590073611,0.5842981736283684,0.0,0.0,0.6499999999999999,0.0,0.0,0.0,0.0,0.0,0.12999999999999998,0.8049999999999997,51.8,Warning,Normal,Normal
2026-02-24 21:00:00,feeding_ammonia,7.04,26.06,7.19,0.835,0.192,42.73,1.706,851.8,98.09,24.93,88.47,36.0,-0.7071067811865477,0.7071067811865474,0.8115390590073611,0.5842981736283684,0.0,0.0,0.6699999999999999,0.0,0.0,0.0,0.0,0.0,0.13399999999999998,0.8469999999999999,53.4,Warning,Normal,Normal
2026-02-24 22:00:00,feeding_ammonia,7.03,26.0,7.23,0.823,0.193,42.58,1.709,867.5,98.03,25.42,86.68,64.0,-0.5000000000000004,0.8660254037844384,0.8115390590073611,0.5842981736283684,0.0,0.0,0.6459999999999999,0.0,0.0,0.0,0.0,0.0,0.12919999999999998,0.6680000000000007,51.4,Warning,Normal,Normal
2026-02-24 23:00:00,feeding_ammonia,7.02,25.94,7.26,0.864,0.213,42.13,1.695,858.7,98.0,24.59,85.45,44.0,-0.25881904510252157,0.9659258262890681,0.8115390590073611,0.5842981736283684,0.0,0.0,0.728,0.0,0.0,0.0,0.0,0.0,0.1456,0.5450000000000003,57.8,Warning,Normal,Normal
2026-02-25 00:00:00,feeding_ammonia,7.02,25.9,7.22,0.847,0.215,42.45,1.699,856.5,97.99,25.17,86.93,45.0,0.0,1.0,0.8214765533024142,0.5702422926917871,0.0,0.0,0.694,0.0,0.0,0.0,0.0,0.0,0.1388,0.6930000000000007,55.2,Warning,Normal,Normal
2026-02-25 01:00:00,feeding_ammonia,7.0,25.82,7.19,0.89,0.221,42.15,1.704,864.8,97.94,24.55,87.34,31.0,0.25881904510252074,0.9659258262890683,0.8214765533024142,0.5702422926917871,0.0,0.0,0.78,0.0,0.0,0.0,0.0,0.0,0.15600000000000003,0.7340000000000003,62.0,Warning,Normal,Normal
2026-02-25 02:00:00,feeding_ammonia,7.01,25.84,7.33,0.848,0.246,41.45,1.732,868.0,97.91,24.9,87.01,80.0,0.49999999999999994,0.8660254037844387,0.8214765533024142,0.5702422926917871,0.0,0.0,0.696,0.0,0.0,0.0,0.0,0.0,0.1392,0.7010000000000005,55.4,Warning,Normal,Normal
2026-02-25 03:00:00,feeding_ammonia,6.98,25.84,7.25,0.852,0.256,41.76,1.729,855.2,97.88,24.49,85.85,57.0,0.7071067811865476,0.7071067811865476,0.8214765533024142,0.5702422926917871,0.0,0.0,0.704,0.0,0.0,0.0,0.0,0.0,0.1408,0.5849999999999994,55.9,Warning,Normal,Normal
2026-02-25 04:00:00,feeding_ammonia,6.98,25.82,7.14,0.827,0.26,41.65,1.716,850.9,97.86,24.72,89.23,25.0,0.8660254037844386,0.5000000000000001,0.8214765533024142,0.5702422926917871,0.0,0.0,0.6539999999999999,0.0,0.0,0.0,0.0,0.0,0.1308,0.9230000000000004,52.2,Warning,Normal,Normal
2026-02-25 05:00:00,feeding_ammonia,6.99,25.74,6.95,0.814,0.26,42.64,1.71,856.2,97.87,24.21,85.68,78.0,0.9659258262890683,0.25881904510252074,0.8214765533024142,0.5702422926917871,0.0,0.0,0.6279999999999999,0.0,0.0,0.0,0.0,0.0,0.1256,0.5680000000000007,49.9,Warning,Normal,Normal
2026-02-25 06:00:00,feeding_ammonia,7.0,25.69,7.15,0.786,0.268,42.01,1.713,854.4,97.81,24.21,88.75,26.0,1.0,6.123233995736766e-17,0.8214765533024142,0.5702422926917871,0.0,0.0,0.5720000000000001,0.0,0.0,0.0,0.0,0.0,0.11440000000000002,0.875,45.7,Warning,Normal,Normal
2026-02-25 07:00:00,feeding_ammonia,6.99,25.69,7.14,0.892,0.273,41.69,1.733,869.1,97.8,25.41,79.54,3108.0,0.9659258262890683,-0.25881904510252063,0.8214765533024142,0.5702422926917871,0.0,0.0,0.784,0.0,0.0,0.0,0.0,0.0,0.15680000000000002,0.0,61.9,Warning,Normal,Normal
2026-02-25 08:00:00,feeding_ammonia,6.99,25.74,7.02,0.841,0.285,41.88,1.733,854.1,97.8,26.54,79.48,9524.0,0.8660254037844387,-0.4999999999999998,0.8214765533024142,0.5702422926917871,0.0,0.0,0.6819999999999999,0.0,0.0,0.0,0.0,0.0,0.1364,0.0,53.9,Warning,Normal,Normal
2026-02-25 09:00:00,feeding_ammonia,7.0,25.85,6.95,0.796,0.281,41.95,1.729,871.1,97.73,28.2,78.27,16377.0,0.7071067811865476,-0.7071067811865475,0.8214765533024142,0.5702422926917871,0.0,0.0,0.5920000000000001,0.0,0.0,0.0,0.0,0.0,0.11840000000000002,0.0,46.8,Warning,Normal,Normal
2026-02-25 10:00:00,feeding_ammonia,7.0,25.87,6.79,0.72,0.275,41.92,1.746,876.3,97.71,29.26,75.76,23682.0,0.49999999999999994,-0.8660254037844387,0.8214765533024142,0.5702422926917871,0.0,0.0,0.43999999999999995,0.0,0.0,0.0,0.0,0.0,0.088,0.0,34.8,Warning,Normal,Normal
2026-02-25 11:00:00,feeding_ammonia,6.99,26.02,6.95,0.654,0.285,41.89,1.748,885.3,97.56,29.72,73.26,27630.0,0.258819045102521,-0.9659258262890682,0.8214765533024142,0.5702422926917871,0.0,0.0,0.30800000000000005,0.0,0.0,0.0,0.0,0.0,0.061600000000000016,0.0,24.3,Normal,Normal,Normal
2026-02-25 12:00:00,feeding_ammonia,6.96,26.15,6.68,0.588,0.254,42.38,1.77,898.4,97.52,30.04,74.08,28864.0,1.2246467991473532e-16,-1.0,0.8214765533024142,0.5702422926917871,0.0,0.0,0.17599999999999993,0.0,0.0,0.0,0.0,0.0,0.03519999999999999,0.0,13.9,Normal,Normal,Normal
2026-02-25 13:00:00,feeding_ammonia,6.97,26.28,6.7,0.557,0.256,42.13,1.731,871.3,97.49,29.83,74.14,30037.0,-0.2588190451025208,-0.9659258262890683,0.8214765533024142,0.5702422926917871,0.0,0.0,0.1140000000000001,0.0,0.0,0.0,0.0,0.0,0.02280000000000002,0.0,9.0,Normal,Normal,Normal
2026-02-25 14:00:00,feeding_ammonia,6.98,26.37,6.77,0.469,0.242,42.15,1.736,865.1,97.47,28.5,76.22,25495.0,-0.4999999999999997,-0.8660254037844388,0.8214765533024142,0.5702422926917871,0.0,0.0,0.0,0.0,0.0,0.0,0.0,0.0,0.0,0.0,0.0,Normal,Normal,Normal
2026-02-25 15:00:00,feeding_ammonia,6.97,26.4,7.24,0.399,0.235,42.3,1.735,865.9,97.4,27.79,77.56,19213.0,-0.7071067811865471,-0.7071067811865479,0.8214765533024142,0.5702422926917871,0.0,0.0,0.0,0.0,0.0,0.0,0.0,0.0,0.0,0.0,0.0,Normal,Normal,Normal
2026-02-25 16:00:00,feeding_ammonia,6.98,26.43,7.53,0.315,0.24,42.05,1.718,857.4,97.34,26.17,79.74,11791.0,-0.8660254037844385,-0.5000000000000004,0.8214765533024142,0.5702422926917871,0.0,0.0,0.0,0.0,0.0,0.0,0.0,0.0,0.0,0.0,0.0,Normal,Normal,Normal
2026-02-25 17:00:00,feeding_ammonia,6.96,26.35,7.56,0.406,0.221,42.18,1.759,860.6,97.33,24.38,82.49,3118.0,-0.9659258262890683,-0.25881904510252063,0.8214765533024142,0.5702422926917871,0.0,0.0,0.0,0.0,0.0,0.0,0.0,0.0,0.0,0.2489999999999995,8.5,Normal,Normal,Normal
2026-02-25 18:00:00,feeding_ammonia,6.96,26.35,7.64,0.316,0.206,41.88,1.733,875.3,97.3,24.64,84.45,0.0,-1.0,-1.8369701987210297e-16,0.8214765533024142,0.5702422926917871,0.0,0.0,0.0,0.0,0.0,0.0,0.0,0.0,0.0,0.4450000000000003,15.3,Normal,Normal,Normal
2026-02-25 19:00:00,feeding_ammonia,6.97,26.11,7.57,0.219,0.208,42.82,1.747,871.2,97.31,23.75,87.6,51.0,-0.9659258262890684,0.2588190451025203,0.8214765533024142,0.5702422926917871,0.0,0.0,0.0,0.0,0.0,0.0,0.0,0.0,0.0,0.7599999999999995,26.1,Normal,Normal,Normal
2026-02-25 20:00:00,feeding_ammonia,6.95,26.04,7.6,0.138,0.201,42.44,1.752,883.9,97.26,23.64,90.14,21.0,-0.8660254037844386,0.5000000000000001,0.8214765533024142,0.5702422926917871,0.0,0.0,0.0,0.0,0.0,0.0,0.0,0.0,0.0,1.0,34.3,Warning,Normal,Normal
2026-02-25 21:00:00,normal,6.94,25.92,7.5,0.144,0.184,42.67,1.739,876.8,97.19,24.34,88.9,41.0,-0.7071067811865477,0.7071067811865474,0.8214765533024142,0.5702422926917871,0.0,0.0,0.0,0.0,0.0,0.0,0.0,0.0,0.0,0.8900000000000006,30.5,Warning,Normal,Normal
2026-02-25 22:00:00,normal,6.96,25.88,7.68,0.142,0.16,42.26,1.77,881.8,97.14,23.64,89.55,54.0,-0.5000000000000004,0.8660254037844384,0.8214765533024142,0.5702422926917871,0.0,0.0,0.0,0.0,0.0,0.0,0.0,0.0,0.0,0.9549999999999997,32.8,Warning,Normal,Normal
2026-02-25 23:00:00,normal,6.96,25.86,7.67,0.103,0.146,42.83,1.751,874.4,97.13,23.47,87.41,29.0,-0.25881904510252157,0.9659258262890681,0.8214765533024142,0.5702422926917871,0.0,0.0,0.0,0.0,0.0,0.0,0.0,0.0,0.0,0.7409999999999997,25.4,Normal,Normal,Normal
2026-02-26 00:00:00,normal,6.96,25.76,7.71,0.102,0.114,43.03,1.721,862.1,97.07,24.14,86.88,66.0,0.0,1.0,0.8311706263658079,0.5560174366570446,0.0,0.0,0.0,0.0,0.0,0.0,0.0,0.0,0.0,0.6879999999999995,23.6,Normal,Normal,Normal
2026-02-26 01:00:00,normal,6.95,25.7,7.6,0.097,0.104,42.72,1.729,871.1,97.03,24.06,87.89,43.0,0.25881904510252074,0.9659258262890683,0.8311706263658079,0.5560174366570446,0.0,0.0,0.0,0.0,0.0,0.0,0.0,0.0,0.0,0.789,27.1,Normal,Normal,Normal
2026-02-26 02:00:00,normal,6.95,25.6,7.79,0.069,0.082,43.9,1.727,873.9,97.02,23.57,87.49,38.0,0.49999999999999994,0.8660254037844387,0.8311706263658079,0.5560174366570446,0.0,0.0,0.0,0.0,0.0,0.0,0.0,0.0,0.0,0.7489999999999994,25.7,Normal,Normal,Normal
2026-02-26 03:00:00,normal,6.95,25.58,7.62,0.062,0.07,42.73,1.734,867.2,96.96,23.71,86.62,48.0,0.7071067811865476,0.7071067811865476,0.8311706263658079,0.5560174366570446,0.0,0.0,0.0,0.0,0.0,0.0,0.0,0.0,0.0,0.6620000000000005,22.7,Normal,Normal,Normal
2026-02-26 04:00:00,normal,6.95,25.53,7.72,0.071,0.052,43.3,1.726,876.2,96.92,23.78,87.8,31.0,0.8660254037844386,0.5000000000000001,0.8311706263658079,0.5560174366570446,0.0,0.0,0.0,0.0,0.0,0.0,0.0,0.0,0.0,0.7799999999999997,26.8,Normal,Normal,Normal
2026-02-26 05:00:00,biofilter_nitrite,6.97,25.5,7.64,0.074,0.08,43.4,1.73,871.3,96.9,24.41,85.68,95.0,0.9659258262890683,0.25881904510252074,0.8311706263658079,0.5560174366570446,0.0,0.0,0.0,0.0,0.0,0.0,0.0,0.0,0.0,0.5680000000000007,19.5,Normal,Normal,Normal
2026-02-26 06:00:00,biofilter_nitrite,6.98,25.41,7.64,0.089,0.141,43.4,1.747,870.5,99.0,23.68,87.2,4.0,1.0,6.123233995736766e-17,0.8311706263658079,0.5560174366570446,0.0,0.0,0.0,0.0,0.0,0.0,0.0,0.0,0.0,0.7200000000000003,24.7,Normal,Normal,Normal
2026-02-26 07:00:00,biofilter_nitrite,6.99,25.39,7.64,0.223,0.191,42.59,1.75,857.9,99.0,23.88,83.63,3265.0,0.9659258262890683,-0.25881904510252063,0.8311706263658079,0.5560174366570446,0.0,0.0,0.0,0.0,0.0,0.0,0.0,0.0,0.0,0.36299999999999955,12.5,Normal,Normal,Normal
2026-02-26 08:00:00,biofilter_nitrite,6.98,25.44,7.54,0.221,0.231,42.39,1.743,877.2,99.0,25.68,79.16,11487.0,0.8660254037844387,-0.4999999999999998,0.8311706263658079,0.5560174366570446,0.0,0.0,0.0,0.0,0.0,0.0,0.0,0.0,0.0,0.0,0.0,Normal,Normal,Normal
2026-02-26 09:00:00,biofilter_nitrite,6.97,25.55,7.31,0.2,0.283,42.94,1.739,873.0,99.0,27.26,78.74,18217.0,0.7071067811865476,-0.7071067811865475,0.8311706263658079,0.5560174366570446,0.0,0.0,0.0,0.0,0.0,0.0,0.0,0.0,0.0,0.0,0.0,Normal,Normal,Normal
2026-02-26 10:00:00,biofilter_nitrite,6.98,25.62,7.16,0.205,0.303,43.08,1.739,893.1,99.0,27.96,75.97,25648.0,0.49999999999999994,-0.8660254037844387,0.8311706263658079,0.5560174366570446,0.0,0.0,0.0,0.0,0.0,0.0,0.0,0.0,0.0,0.0,0.0,Normal,Normal,Normal
2026-02-26 11:00:00,biofilter_nitrite,6.97,25.78,7.28,0.187,0.337,43.0,1.738,881.5,99.0,29.55,74.33,29440.0,0.258819045102521,-0.9659258262890682,0.8311706263658079,0.5560174366570446,0.0,0.0,0.0,0.0,0.0,0.0,0.0,0.0,0.0,0.0,0.0,Normal,Normal,Normal
2026-02-26 12:00:00,biofilter_nitrite,6.98,25.83,7.28,0.204,0.387,43.42,1.731,865.3,99.0,29.12,74.84,31283.0,1.2246467991473532e-16,-1.0,0.8311706263658079,0.5560174366570446,0.0,0.0,0.0,0.0,0.0,0.0,0.0,0.0,0.0,0.0,0.0,Normal,Normal,Normal
2026-02-26 13:00:00,biofilter_nitrite,6.99,25.98,7.12,0.215,0.406,43.32,1.705,870.4,99.0,29.7,73.53,28225.0,-0.2588190451025208,-0.9659258262890683,0.8311706263658079,0.5560174366570446,0.0,0.0,0.0,0.0,0.0,0.0,0.0,0.0,0.0,0.0,0.0,Normal,Normal,Normal
2026-02-26 14:00:00,biofilter_nitrite,6.99,26.07,7.26,0.195,0.462,42.82,1.723,869.8,99.0,28.59,76.86,23530.0,-0.4999999999999997,-0.8660254037844388,0.8311706263658079,0.5560174366570446,0.0,0.0,0.0,0.0,0.0,0.0,0.0,0.0,0.0,0.0,0.0,Normal,Normal,Normal
2026-02-26 15:00:00,biofilter_nitrite,6.98,26.07,7.3,0.196,0.495,43.33,1.735,866.9,99.0,26.77,79.2,16976.0,-0.7071067811865471,-0.7071067811865479,0.8311706263658079,0.5560174366570446,0.0,0.0,0.0,0.0,0.0,0.0,0.0,0.0,0.0,0.0,0.0,Normal,Normal,Normal
2026-02-26 16:00:00,biofilter_nitrite,6.98,26.14,7.35,0.22,0.519,43.74,1.744,881.9,99.0,26.23,79.68,10180.0,-0.8660254037844385,-0.5000000000000004,0.8311706263658079,0.5560174366570446,0.0,0.0,0.0,0.038000000000000034,0.0,0.0,0.0,0.0,0.0064600000000000065,0.0,3.0,Normal,Normal,Normal
2026-02-26 17:00:00,biofilter_nitrite,6.97,25.99,7.46,0.324,0.561,43.13,1.751,884.7,99.0,24.7,79.89,2998.0,-0.9659258262890683,-0.25881904510252063,0.8311706263658079,0.5560174366570446,0.0,0.0,0.0,0.12200000000000011,0.0,0.0,0.0,0.0,0.02074000000000002,0.0,9.6,Normal,Normal,Normal
2026-02-26 18:00:00,biofilter_nitrite,6.98,25.9,7.61,0.318,0.583,43.25,1.769,890.6,99.0,23.43,83.3,0.0,-1.0,-1.8369701987210297e-16,0.8311706263658079,0.5560174366570446,0.0,0.0,0.0,0.16599999999999993,0.0,0.0,0.0,0.0,0.028219999999999988,0.32999999999999974,13.3,Normal,Normal,Normal
2026-02-26 19:00:00,biofilter_nitrite,6.99,25.86,7.45,0.28,0.628,43.53,1.808,896.5,99.0,23.46,90.03,55.0,-0.9659258262890684,0.2588190451025203,0.8311706263658079,0.5560174366570446,0.0,0.0,0.0,0.256,0.02000000000000001,0.0,0.0,0.0,0.04352,1.0,35.3,Warning,Normal,Normal
2026-02-26 20:00:00,biofilter_nitrite,7.0,25.73,7.7,0.277,0.637,43.06,1.779,880.4,99.0,23.46,88.4,35.0,-0.8660254037844386,0.5000000000000001,0.8311706263658079,0.5560174366570446,0.0,0.0,0.0,0.274,0.0,0.0,0.0,0.0,0.04658000000000001,0.8400000000000005,29.8,Normal,Normal,Normal
2026-02-26 21:00:00,biofilter_nitrite,6.98,25.61,7.44,0.267,0.667,43.76,1.775,894.1,99.0,23.33,91.24,49.0,-0.7071067811865477,0.7071067811865474,0.8311706263658079,0.5560174366570446,0.0,0.0,0.0,0.3340000000000001,0.0,0.0,0.0,0.0,0.05678000000000002,1.0,35.6,Warning,Normal,Normal
2026-02-26 22:00:00,biofilter_nitrite,6.99,25.58,7.57,0.268,0.677,43.2,1.769,881.2,99.0,23.52,87.74,71.0,-0.5000000000000004,0.8660254037844384,0.8311706263658079,0.5560174366570446,0.0,0.0,0.0,0.3540000000000001,0.0,0.0,0.0,0.0,0.06018000000000002,0.7739999999999995,28.3,Normal,Normal,Normal
2026-02-26 23:00:00,biofilter_nitrite,6.99,25.55,7.55,0.281,0.686,44.8,1.757,873.3,99.0,23.09,90.59,14.0,-0.25881904510252157,0.9659258262890681,0.8311706263658079,0.5560174366570446,0.0,0.0,0.0,0.3720000000000001,0.0,0.0,0.0,0.0,0.06324000000000002,1.0,35.7,Warning,Normal,Normal
2026-02-27 00:00:00,biofilter_nitrite,6.97,25.46,7.67,0.274,0.695,43.48,1.732,865.1,99.0,23.39,90.57,69.0,0.0,1.0,0.8406184056344782,0.5416278206559814,0.0,0.0,0.0,0.3899999999999999,0.0,0.0,0.0,0.0,0.06629999999999998,1.0,35.8,Warning,Normal,Normal
2026-02-27 01:00:00,biofilter_nitrite,6.98,25.34,7.51,0.284,0.704,44.08,1.721,859.5,99.0,23.51,89.09,37.0,0.25881904510252074,0.9659258262890683,0.8406184056344782,0.5416278206559814,0.0,0.0,0.0,0.4079999999999999,0.0,0.0,0.0,0.0,0.06935999999999999,0.9090000000000004,32.7,Warning,Normal,Normal
2026-02-27 02:00:00,biofilter_nitrite,6.97,25.27,7.53,0.26,0.697,44.12,1.725,865.6,99.0,23.45,87.77,13.0,0.49999999999999994,0.8660254037844387,0.8406184056344782,0.5416278206559814,0.0,0.0,0.0,0.3939999999999999,0.0,0.0,0.0,0.0,0.06697999999999998,0.7769999999999996,31.5,Warning,Normal,Normal
2026-02-27 03:00:00,biofilter_nitrite,6.99,25.22,7.55,0.286,0.702,43.92,1.748,869.9,99.0,22.8,89.62,58.0,0.7071067811865476,0.7071067811865476,0.8406184056344782,0.5416278206559814,0.0,0.0,0.0,0.4039999999999999,0.0,0.0,0.0,0.0,0.06867999999999999,0.9620000000000004,34.5,Warning,Normal,Normal
2026-02-27 04:00:00,biofilter_nitrite,6.97,25.15,7.65,0.279,0.707,44.7,1.708,860.6,99.0,23.26,90.72,39.0,0.8660254037844386,0.5000000000000001,0.8406184056344782,0.5416278206559814,0.0,0.0,0.0,0.4139999999999999,0.0,0.0,0.0,0.0,0.07038,1.0,35.9,Warning,Normal,Normal
2026-02-27 05:00:00,biofilter_nitrite,6.97,25.16,7.69,0.271,0.691,44.92,1.693,878.3,99.0,23.21,87.9,8.0,0.9659258262890683,0.25881904510252074,0.8406184056344782,0.5416278206559814,0.0,0.0,0.0,0.3819999999999999,0.0,0.0,0.0,0.0,0.06493999999999998,0.7900000000000006,30.5,Warning,Normal,Normal
2026-02-27 06:00:00,biofilter_nitrite,6.95,25.16,7.52,0.256,0.702,45.24,1.733,852.9,99.0,23.59,88.34,46.0,1.0,6.123233995736766e-17,0.8406184056344782,0.5416278206559814,0.0,0.0,0.0,0.4039999999999999,0.0,0.0,0.0,0.0,0.06867999999999999,0.8340000000000003,32.3,Warning,Normal,Normal
2026-02-27 07:00:00,biofilter_nitrite,6.94,25.16,7.62,0.387,0.699,45.45,1.7,846.5,99.0,23.49,83.94,3628.0,0.9659258262890683,-0.25881904510252063,0.8406184056344782,0.5416278206559814,0.0,0.0,0.0,0.3979999999999999,0.0,0.0,0.0,0.0,0.06765999999999998,0.3939999999999998,31.6,Warning,Normal,Normal
2026-02-27 08:00:00,biofilter_nitrite,6.96,25.22,7.52,0.351,0.675,45.11,1.706,863.3,99.0,24.92,78.43,9793.0,0.8660254037844387,-0.4999999999999998,0.8406184056344782,0.5416278206559814,0.0,0.0,0.0,0.3500000000000001,0.0,0.0,0.0,0.0,0.05950000000000002,0.0,27.6,Normal,Normal,Normal
2026-02-27 09:00:00,biofilter_nitrite,6.95,25.35,7.49,0.33,0.667,44.88,1.725,850.8,99.0,26.66,78.8,17973.0,0.7071067811865476,-0.7071067811865475,0.8406184056344782,0.5416278206559814,0.0,0.0,0.0,0.3340000000000001,0.0,0.0,0.0,0.0,0.05678000000000002,0.0,26.3,Normal,Normal,Normal
2026-02-27 10:00:00,biofilter_nitrite,6.94,25.4,7.32,0.307,0.651,45.14,1.685,847.5,99.0,27.73,77.13,22735.0,0.49999999999999994,-0.8660254037844387,0.8406184056344782,0.5416278206559814,0.0,0.0,0.0,0.30200000000000005,0.0,0.0,0.0,0.0,0.05134000000000001,0.0,23.8,Normal,Normal,Normal
2026-02-27 11:00:00,biofilter_nitrite,6.93,25.52,7.25,0.301,0.616,44.63,1.683,843.8,99.0,27.88,77.17,27195.0,0.258819045102521,-0.9659258262890682,0.8406184056344782,0.5416278206559814,0.0,0.0,0.0,0.23199999999999998,0.0,0.0,0.0,0.0,0.03944,0.0,18.3,Normal,Normal,Normal
2026-02-27 12:00:00,biofilter_nitrite,6.93,25.6,7.33,0.292,0.585,45.13,1.677,861.7,99.0,28.65,74.05,28746.0,1.2246467991473532e-16,-1.0,0.8406184056344782,0.5416278206559814,0.0,0.0,0.0,0.16999999999999993,0.0,0.0,0.0,0.0,0.02889999999999999,0.0,13.4,Normal,Normal,Normal
2026-02-27 13:00:00,biofilter_nitrite,6.91,25.58,7.34,0.271,0.569,45.34,1.695,842.2,99.0,28.21,75.89,28258.0,-0.2588190451025208,-0.9659258262890683,0.8406184056344782,0.5416278206559814,0.0,0.0,0.0,0.1379999999999999,0.0,0.0,0.0,0.0,0.023459999999999984,0.0,10.9,Normal,Normal,Normal
2026-02-27 14:00:00,hot_greenhouse,6.92,26.07,7.29,0.256,0.543,45.8,1.701,853.4,99.0,28.14,74.49,23418.0,-0.4999999999999997,-0.8660254037844388,0.8406184056344782,0.5416278206559814,0.0,0.0,0.0,0.08600000000000008,0.0,0.0,0.0,0.0,0.014620000000000013,0.0,6.8,Normal,Normal,Normal
2026-02-27 15:00:00,hot_greenhouse,6.91,26.5,7.14,0.21,0.515,45.77,1.669,863.5,99.0,27.29,75.76,17779.0,-0.7071067811865471,-0.7071067811865479,0.8406184056344782,0.5416278206559814,0.0,0.0,0.0,0.030000000000000027,0.0,0.0,0.0,0.0,0.005100000000000005,0.0,2.4,Normal,Normal,Normal
2026-02-27 16:00:00,hot_greenhouse,6.91,26.88,7.3,0.194,0.472,46.85,1.742,853.5,99.0,26.4,77.97,9925.0,-0.8660254037844385,-0.5000000000000004,0.8406184056344782,0.5416278206559814,0.0,0.0,0.0,0.0,0.0,0.0,0.0,0.0,0.0,0.0,0.0,Normal,Normal,Normal
2026-02-27 17:00:00,hot_greenhouse,6.91,27.21,7.12,0.328,0.455,46.39,1.682,843.5,99.0,25.77,75.17,3219.0,-0.9659258262890683,-0.25881904510252063,0.8406184056344782,0.5416278206559814,0.0,0.0,0.0,0.0,0.0,0.0,0.0,0.0,0.0,0.0,0.0,Normal,Normal,Normal
2026-02-27 18:00:00,hot_greenhouse,6.93,27.56,7.13,0.275,0.4,46.04,1.687,860.5,99.0,25.84,75.16,460.0,-1.0,-1.8369701987210297e-16,0.8406184056344782,0.5416278206559814,0.0,0.0,0.0,0.0,0.0,0.0,0.0,0.0,0.0,0.0,0.0,Normal,Normal,Normal
2026-02-27 19:00:00,hot_greenhouse,6.94,27.93,7.11,0.233,0.353,45.86,1.719,854.8,99.0,26.46,77.61,75.0,-0.9659258262890684,0.2588190451025203,0.8406184056344782,0.5416278206559814,0.0,0.0,0.0,0.0,0.0,0.0,0.0,0.0,0.0,0.0,0.0,Normal,Normal,Normal
2026-02-27 20:00:00,hot_greenhouse,6.94,28.28,7.02,0.204,0.303,46.73,1.688,850.7,99.0,27.1,77.46,85.0,-0.8660254037844386,0.5000000000000001,0.8406184056344782,0.5416278206559814,0.0,0.0,0.0,0.0,0.0,0.0,0.0,0.0,0.0,0.0,0.0,Normal,Normal,Normal
2026-02-27 21:00:00,hot_greenhouse,6.94,28.63,6.79,0.196,0.249,46.61,1.717,861.9,99.0,27.39,76.28,66.0,-0.7071067811865477,0.7071067811865474,0.8406184056344782,0.5416278206559814,0.0,0.0,0.0,0.0,0.0,0.0,0.0,0.0,0.0,0.0,0.0,Normal,Normal,Normal
2026-02-27 22:00:00,hot_greenhouse,6.94,29.01,7.13,0.191,0.232,46.08,1.721,865.4,99.0,27.6,73.12,44.0,-0.5000000000000004,0.8660254037844384,0.8406184056344782,0.5416278206559814,0.0,0.0,0.0,0.0,0.0,0.0,0.0,0.0,0.0,0.0,0.0,Normal,Normal,Normal
2026-02-27 23:00:00,hot_greenhouse,6.95,29.27,7.03,0.149,0.182,45.86,1.708,867.1,99.0,27.72,74.22,50.0,-0.25881904510252157,0.9659258262890681,0.8406184056344782,0.5416278206559814,0.0,0.0,0.0,0.0,0.0,0.0,0.0,0.0,0.0,0.0,0.0,Normal,Normal,Normal
2026-02-28 00:00:00,hot_greenhouse,6.95,29.62,6.93,0.141,0.131,46.48,1.746,866.7,99.0,28.59,72.85,0.0,0.0,1.0,0.8498170915275278,0.5270777086423722,0.0,0.0,0.0,0.0,0.0,0.0,0.0,0.0,0.0,0.0,0.0,Normal,Normal,Normal
2026-02-28 01:00:00,hot_greenhouse,6.93,29.91,6.81,0.116,0.093,46.87,1.736,867.3,99.0,28.95,71.24,77.0,0.25881904510252074,0.9659258262890683,0.8498170915275278,0.5270777086423722,0.0,0.0,0.0,0.0,0.0,0.0,0.0,0.0,0.0,0.0,0.0,Normal,Normal,Normal
2026-02-28 02:00:00,hot_greenhouse,6.95,30.13,6.86,0.113,0.083,46.92,1.721,863.9,99.0,29.42,68.28,66.0,0.49999999999999994,0.8660254037844387,0.8498170915275278,0.5270777086423722,0.0,0.0,0.0,0.0,0.0,0.0,0.0,0.0649999999999995,0.014299999999999891,0.0,4.6,Normal,Normal,Normal
2026-02-28 03:00:00,hot_greenhouse,6.96,30.37,6.73,0.112,0.072,46.87,1.708,878.3,99.0,29.72,68.42,22.0,0.7071067811865476,0.7071067811865476,0.8498170915275278,0.5270777086423722,0.0,0.0,0.0,0.0,0.0,0.0,0.0,0.1850000000000005,0.04070000000000011,0.0,13.1,Normal,Normal,Normal
2026-02-28 04:00:00,hot_greenhouse,6.94,30.51,6.71,0.103,0.083,46.84,1.746,885.7,99.0,29.66,67.25,0.0,0.8660254037844386,0.5000000000000001,0.8498170915275278,0.5270777086423722,0.0,0.0,0.0,0.0,0.0,0.0,0.0,0.2550000000000008,0.05610000000000017,0.0,18.1,Normal,Normal,Normal
2026-02-28 05:00:00,hot_greenhouse,6.94,30.71,6.61,0.104,0.083,46.54,1.747,874.8,99.0,30.13,64.43,39.0,0.9659258262890683,0.25881904510252074,0.8498170915275278,0.5270777086423722,0.0,0.0,0.0,0.0,0.0,0.0,0.0,0.3550000000000004,0.0781000000000001,0.0,25.2,Normal,Normal,Normal
2026-02-28 06:00:00,hot_greenhouse,6.94,30.88,6.69,0.082,0.084,46.71,1.715,852.2,99.0,30.27,63.82,41.0,1.0,6.123233995736766e-17,0.8498170915275278,0.5270777086423722,0.0,0.0,0.0,0.0,0.0,0.0,0.0,0.4399999999999995,0.09679999999999989,0.0,31.2,Warning,Normal,Normal
2026-02-28 07:00:00,hot_greenhouse,6.95,31.11,6.36,0.204,0.076,46.72,1.702,875.1,99.0,30.92,57.45,3393.0,0.9659258262890683,-0.25881904510252063,0.8498170915275278,0.5270777086423722,0.0,0.0,0.0,0.0,0.0,0.0,0.0,0.5549999999999997,0.12209999999999994,0.0,39.3,Warning,Normal,Normal
2026-02-28 08:00:00,hot_greenhouse,6.94,31.2,6.53,0.192,0.078,47.02,1.739,871.1,99.0,33.03,54.58,9018.0,0.8660254037844387,-0.4999999999999998,0.8498170915275278,0.5270777086423722,0.0,0.0,0.0,0.0,0.0,0.0,0.0,0.5999999999999996,0.13199999999999992,0.3433333333333337,42.7,Warning,Normal,Normal
2026-02-28 09:00:00,hot_greenhouse,6.95,31.37,6.27,0.177,0.071,47.3,1.731,863.5,99.0,33.93,53.3,17166.0,0.7071067811865476,-0.7071067811865475,0.8498170915275278,0.5270777086423722,0.0,0.0,0.0,0.0,0.0,0.0,0.0,0.6850000000000005,0.1507000000000001,0.6433333333333332,48.9,Warning,Normal,Normal
2026-02-28 10:00:00,hot_greenhouse,6.95,31.51,6.29,0.168,0.075,47.02,1.727,882.0,99.0,34.93,53.25,23817.0,0.49999999999999994,-0.8660254037844387,0.8498170915275278,0.5270777086423722,0.0,0.0,0.0,0.0,0.0,0.0,0.0,0.7550000000000008,0.16610000000000016,0.9766666666666666,54.1,Warning,Normal,Normal
2026-02-28 11:00:00,hot_greenhouse,6.96,31.72,6.25,0.146,0.079,46.94,1.735,868.2,99.0,36.19,49.17,28290.0,0.258819045102521,-0.9659258262890682,0.8498170915275278,0.5270777086423722,0.0,0.0,0.0,0.0,0.0,0.0,0.0,0.8599999999999994,0.18919999999999987,1.0,61.5,Warning,Suhu air tinggi,Suhu air tinggi
2026-02-28 12:00:00,hot_greenhouse,6.96,31.89,6.18,0.122,0.047,47.2,1.741,879.3,99.0,37.17,46.32,29314.0,1.2246467991473532e-16,-1.0,0.8498170915275278,0.5270777086423722,0.0,0.0,0.0,0.0,0.0,0.0,0.0,0.9450000000000003,0.20790000000000006,1.0,67.5,Warning,Suhu air tinggi,Suhu air tinggi
2026-02-28 13:00:00,hot_greenhouse,6.96,31.89,6.1,0.107,0.06,46.66,1.745,864.9,99.0,36.26,50.43,25960.0,-0.2588190451025208,-0.9659258262890683,0.8498170915275278,0.5270777086423722,0.0,0.0,0.0,0.0,0.0,0.0,0.0,0.9450000000000003,0.20790000000000006,1.0,67.5,Warning,Suhu air tinggi,Suhu air tinggi
2026-02-28 14:00:00,hot_greenhouse,6.95,32.0,6.04,0.111,0.078,46.36,1.733,878.9,99.0,35.58,52.79,21131.0,-0.4999999999999997,-0.8660254037844388,0.8498170915275278,0.5270777086423722,0.0,0.0,0.0,0.0,0.0,0.0,0.0,1.0,0.22,1.0,71.4,Critical,Suhu air tinggi,Suhu air tinggi
2026-02-28 15:00:00,hot_greenhouse,6.95,31.99,6.24,0.106,0.064,46.71,1.745,893.3,99.0,34.18,53.86,16092.0,-0.7071067811865471,-0.7071067811865479,0.8498170915275278,0.5270777086423722,0.0,0.0,0.0,0.0,0.0,0.0,0.0,0.9949999999999992,0.21889999999999982,0.7266666666666666,70.9,Critical,Suhu air tinggi,Suhu air tinggi
2026-02-28 16:00:00,hot_greenhouse,6.93,31.88,6.35,0.113,0.068,46.84,1.753,874.5,99.0,32.44,57.08,9427.0,-0.8660254037844385,-0.5000000000000004,0.8498170915275278,0.5270777086423722,0.0,0.0,0.0,0.0,0.0,0.0,0.0,0.9399999999999995,0.2067999999999999,0.14666666666666592,66.7,Warning,Suhu air tinggi,Suhu air tinggi
2026-02-28 17:00:00,hot_greenhouse,6.93,31.77,6.44,0.239,0.07,47.42,1.752,878.9,99.0,31.21,57.0,3653.0,-0.9659258262890683,-0.25881904510252063,0.8498170915275278,0.5270777086423722,0.0,0.0,0.0,0.0,0.0,0.0,0.0,0.8849999999999998,0.19469999999999996,0.0,62.7,Warning,Suhu air tinggi,Suhu air tinggi
2026-02-28 18:00:00,hot_greenhouse,6.92,31.59,6.4,0.196,0.077,46.81,1.731,860.0,99.0,29.38,61.89,0.0,-1.0,-1.8369701987210297e-16,0.8498170915275278,0.5270777086423722,0.0,0.0,0.0,0.0,0.0,0.0,0.0,0.7949999999999999,0.17489999999999997,0.0,56.4,Warning,Normal,Normal
2026-02-28 19:00:00,hot_greenhouse,6.92,31.42,6.45,0.171,0.079,46.54,1.744,882.5,99.0,30.15,67.06,90.0,-0.9659258262890684,0.2588190451025203,0.8498170915275278,0.5270777086423722,0.0,0.0,0.0,0.0,0.0,0.0,0.0,0.7100000000000009,0.1562000000000002,0.0,50.3,Warning,Normal,Normal
2026-02-28 20:00:00,hot_greenhouse,6.93,31.22,6.61,0.142,0.065,46.27,1.756,871.5,99.0,30.3,64.76,25.0,-0.8660254037844386,0.5000000000000001,0.8498170915275278,0.5270777086423722,0.0,0.0,0.0,0.0,0.0,0.0,0.0,0.6099999999999994,0.13419999999999987,0.0,43.2,Warning,Normal,Normal
2026-02-28 21:00:00,hot_greenhouse,6.91,30.99,6.62,0.14,0.062,46.41,1.766,880.1,99.0,29.38,69.39,0.0,-0.7071067811865477,0.7071067811865474,0.8498170915275278,0.5270777086423722,0.0,0.0,0.0,0.0,0.0,0.0,0.0,0.4949999999999992,0.10889999999999983,0.0,35.1,Warning,Normal,Normal
2026-02-28 22:00:00,hot_greenhouse,6.92,30.64,6.55,0.134,0.081,46.69,1.767,894.8,99.0,28.45,70.73,102.0,-0.5000000000000004,0.8660254037844384,0.8498170915275278,0.5270777086423722,0.0,0.0,0.0,0.0,0.0,0.0,0.0,0.3200000000000003,0.07040000000000006,0.0,22.7,Normal,Normal,Normal
2026-02-28 23:00:00,hot_greenhouse,6.92,30.37,6.64,0.115,0.054,46.73,1.766,889.2,99.0,28.97,68.2,55.0,-0.25881904510252157,0.9659258262890681,0.8498170915275278,0.5270777086423722,0.0,0.0,0.0,0.0,0.0,0.0,0.0,0.1850000000000005,0.04070000000000011,0.0,13.1,Normal,Normal,Normal
2026-03-01 00:00:00,hot_greenhouse,6.93,30.01,6.89,0.133,0.065,46.95,1.774,886.9,99.0,27.59,71.87,23.0,0.0,1.0,0.8587639582758029,0.5123714121284237,0.0,0.0,0.0,0.0,0.0,0.0,0.0,0.005000000000000782,0.001100000000000172,0.0,0.4,Normal,Normal,Normal
2026-03-01 01:00:00,hot_greenhouse,6.95,29.67,6.73,0.139,0.051,46.83,1.762,888.1,99.0,27.31,72.34,17.0,0.25881904510252074,0.9659258262890683,0.8587639582758029,0.5123714121284237,0.0,0.0,0.0,0.0,0.0,0.0,0.0,0.0,0.0,0.0,0.0,Normal,Normal,Normal
2026-03-01 02:00:00,hot_greenhouse,6.95,29.25,7.02,0.132,0.058,46.43,1.766,891.8,99.0,27.01,72.23,63.0,0.49999999999999994,0.8660254037844387,0.8587639582758029,0.5123714121284237,0.0,0.0,0.0,0.0,0.0,0.0,0.0,0.0,0.0,0.0,0.0,Normal,Normal,Normal
2026-03-01 03:00:00,hot_greenhouse,6.94,28.88,7.03,0.134,0.049,46.33,1.787,885.3,99.0,26.71,75.85,31.0,0.7071067811865476,0.7071067811865476,0.8587639582758029,0.5123714121284237,0.0,0.0,0.0,0.0,0.0,0.0,0.0,0.0,0.0,0.0,0.0,Normal,Normal,Normal
2026-03-01 04:00:00,hot_greenhouse,6.94,28.5,7.03,0.11,0.062,46.1,1.776,880.3,99.0,26.2,76.39,24.0,0.8660254037844386,0.5000000000000001,0.8587639582758029,0.5123714121284237,0.0,0.0,0.0,0.0,0.0,0.0,0.0,0.0,0.0,0.0,0.0,Normal,Normal,Normal
2026-03-01 05:00:00,hot_greenhouse,6.93,28.14,7.15,0.091,0.057,46.05,1.767,877.2,99.0,26.3,77.13,56.0,0.9659258262890683,0.25881904510252074,0.8587639582758029,0.5123714121284237,0.0,0.0,0.0,0.0,0.0,0.0,0.0,0.0,0.0,0.0,0.0,Normal,Normal,Normal
2026-03-01 06:00:00,hot_greenhouse,6.94,27.74,7.23,0.111,0.063,45.56,1.766,901.0,99.0,25.26,79.81,8.0,1.0,6.123233995736766e-17,0.8587639582758029,0.5123714121284237,0.0,0.0,0.0,0.0,0.005,0.0,0.0,0.0,0.0,0.0,0.3,Normal,Normal,Normal
2026-03-01 07:00:00,hot_greenhouse,6.95,27.36,7.35,0.252,0.062,45.03,1.772,885.2,99.0,26.77,71.74,4391.0,0.9659258262890683,-0.25881904510252063,0.8587639582758029,0.5123714121284237,0.0,0.0,0.0,0.0,0.0,0.0,0.0,0.0,0.0,0.0,0.0,Normal,Normal,Normal
2026-03-01 08:00:00,hot_greenhouse,6.95,26.98,7.39,0.21,0.081,45.7,1.786,901.3,99.0,26.63,74.97,8572.0,0.8660254037844387,-0.4999999999999998,0.8587639582758029,0.5123714121284237,0.0,0.0,0.0,0.0,0.0064999999999997725,0.0,0.0,0.0,0.0,0.0,0.5,Normal,Normal,Normal
2026-03-01 09:00:00,hot_greenhouse,6.95,26.62,7.32,0.197,0.084,45.2,1.795,903.5,99.0,27.36,73.22,16328.0,0.7071067811865476,-0.7071067811865475,0.8587639582758029,0.5123714121284237,0.0,0.0,0.0,0.0,0.0175,0.0,0.0,0.0,0.0,0.0,1.2,Normal,Normal,Normal
2026-03-01 10:00:00,hot_greenhouse,6.95,26.37,7.24,0.173,0.067,45.6,1.777,890.1,99.0,28.59,73.3,22441.0,0.49999999999999994,-0.8660254037844387,0.8587639582758029,0.5123714121284237,0.0,0.0,0.0,0.0,0.0,0.0,0.0,0.0,0.0,0.0,0.0,Normal,Normal,Normal
2026-03-01 11:00:00,hot_greenhouse,6.94,26.1,7.37,0.142,0.059,45.59,1.811,907.5,99.0,28.81,74.3,26167.0,0.258819045102521,-0.9659258262890682,0.8587639582758029,0.5123714121284237,0.0,0.0,0.0,0.0,0.0375,0.0,0.0,0.0,0.0,0.0,2.6,Normal,Normal,Normal
2026-03-01 12:00:00,low_nutrient,6.95,25.88,7.37,0.151,0.07,41.62,1.72,864.2,99.0,29.34,77.66,27433.0,1.2246467991473532e-16,-1.0,0.8587639582758029,0.5123714121284237,0.0,0.0,0.0,0.0,0.0,0.0,0.0,0.0,0.0,0.0,0.0,Normal,Normal,Normal
2026-03-01 13:00:00,low_nutrient,6.95,25.93,7.2,0.139,0.073,38.11,1.655,845.2,99.0,28.67,74.74,36609.0,-0.2588190451025208,-0.9659258262890683,0.8587639582758029,0.5123714121284237,0.0,0.0,0.0,0.0,0.0,0.0,0.0,0.0,0.0,0.0,0.0,Normal,Normal,Normal
2026-03-01 14:00:00,low_nutrient,6.95,25.93,7.41,0.127,0.067,35.62,1.583,799.7,99.0,27.26,76.48,30683.0,-0.4999999999999997,-0.8660254037844388,0.8587639582758029,0.5123714121284237,0.0,0.0,0.0,0.0,0.0,0.0,0.0,0.0,0.0,0.0,0.0,Normal,Normal,Normal
2026-03-01 15:00:00,low_nutrient,6.94,25.95,7.3,0.123,0.063,32.46,1.502,759.8,99.0,25.88,77.41,23303.0,-0.7071067811865471,-0.7071067811865479,0.8587639582758029,0.5123714121284237,0.0,0.0,0.0,0.0,0.0,0.0,0.0,0.0,0.0,0.0,0.0,Normal,Normal,Normal
2026-03-01 16:00:00,low_nutrient,6.92,25.93,7.6,0.118,0.065,29.71,1.466,726.5,99.0,24.3,81.18,13902.0,-0.8660254037844385,-0.5000000000000004,0.8587639582758029,0.5123714121284237,0.0,0.0,0.0,0.0,0.0,0.0,0.0,0.0,0.0,0.11800000000000069,4.0,Normal,Normal,Normal
2026-03-01 17:00:00,low_nutrient,6.93,25.83,7.62,0.253,0.077,26.16,1.402,709.3,99.0,23.13,81.82,5144.0,-0.9659258262890683,-0.25881904510252063,0.8587639582758029,0.5123714121284237,0.0,0.0,0.0,0.0,0.0,0.0,0.0,0.0,0.0,0.18199999999999933,6.2,Normal,Normal,Normal
2026-03-01 18:00:00,low_nutrient,6.94,25.73,7.68,0.223,0.077,23.96,1.331,663.4,99.0,23.22,84.64,717.0,-1.0,-1.8369701987210297e-16,0.8587639582758029,0.5123714121284237,0.0,0.0,0.0,0.0,0.0,0.0,0.0,0.0,0.0,0.4640000000000001,15.9,Normal,Normal,Normal
2026-03-01 19:00:00,low_nutrient,6.95,25.64,7.71,0.18,0.074,21.04,1.302,641.0,99.0,22.77,87.93,83.0,-0.9659258262890684,0.2588190451025203,0.8587639582758029,0.5123714121284237,0.0,0.0,0.0,0.0,0.0,0.0,0.0,0.0,0.0,0.7930000000000007,27.2,Normal,Normal,Normal
2026-03-01 20:00:00,low_nutrient,6.94,25.6,7.67,0.174,0.074,18.67,1.24,631.2,99.0,23.14,89.09,0.0,-0.8660254037844386,0.5000000000000001,0.8587639582758029,0.5123714121284237,0.0,0.0,0.0,0.0,0.13299999999999984,0.0,0.0,0.0,0.0,0.9090000000000004,31.5,Warning,Normal,Normal
2026-03-01 21:00:00,low_nutrient,6.96,25.43,7.8,0.151,0.061,16.92,1.223,612.6,99.0,22.01,91.59,79.0,-0.7071067811865477,0.7071067811865474,0.8587639582758029,0.5123714121284237,0.0,0.0,0.0,0.0,0.30799999999999983,0.0,0.0,0.0,0.0,1.0,35.0,Warning,Normal,Normal
2026-03-01 22:00:00,low_nutrient,6.95,25.37,7.81,0.14,0.08,15.54,1.179,590.0,99.0,22.7,90.97,70.0,-0.5000000000000004,0.8660254037844384,0.8587639582758029,0.5123714121284237,0.0,0.0,0.0,0.0,0.44600000000000006,0.0,0.0,0.0,0.0,1.0,35.3,Warning,Normal,Normal
2026-03-01 23:00:00,low_nutrient,6.95,25.32,7.74,0.126,0.056,14.13,1.122,568.9,99.0,22.25,90.23,64.0,-0.25881904510252157,0.9659258262890681,0.8587639582758029,0.5123714121284237,0.0,0.0,0.0,0.0,0.587,0.0,0.0,0.0,0.0,1.0,41.5,Warning,Normal,Normal
2026-03-02 00:00:00,low_nutrient,6.94,25.29,7.7,0.115,0.06,13.6,1.12,558.5,99.0,22.8,87.68,92.0,0.0,1.0,0.8674563547295969,0.49751328890718066,0.0,0.0,0.0,0.0,0.64,0.0,0.0,0.0,0.0,0.7680000000000007,45.1,Warning,Normal,Normal
2026-03-02 01:00:00,low_nutrient,6.93,25.2,7.84,0.123,0.058,13.37,1.114,568.0,99.0,22.21,89.3,46.0,0.25881904510252074,0.9659258262890683,0.8674563547295969,0.49751328890718066,0.0,0.0,0.0,0.0,0.663,0.0,0.0,0.0,0.0,0.9299999999999997,46.7,Warning,Normal,Normal
2026-03-02 02:00:00,low_nutrient,6.91,25.17,7.79,0.094,0.069,13.47,1.132,549.6,99.0,22.26,87.96,0.0,0.49999999999999994,0.8660254037844387,0.8674563547295969,0.49751328890718066,0.0,0.0,0.0,0.0,0.6529999999999999,0.0,0.0,0.0,0.0,0.7959999999999994,46.0,Warning,Normal,Normal
2026-03-02 03:00:00,low_nutrient,6.89,25.05,7.86,0.119,0.057,13.66,1.113,543.4,99.0,22.4,91.85,54.0,0.7071067811865476,0.7071067811865476,0.8674563547295969,0.49751328890718066,0.0,0.0,0.0,0.0,0.634,0.0,0.0,0.0,0.0,1.0,44.8,Warning,Normal,Normal
2026-03-02 04:00:00,low_nutrient,6.89,25.03,7.79,0.115,0.05,14.49,1.118,570.9,99.0,22.23,90.16,35.0,0.8660254037844386,0.5000000000000001,0.8674563547295969,0.49751328890718066,0.0,0.0,0.0,0.0,0.5509999999999999,0.0,0.0,0.0,0.0,1.0,39.0,Warning,Normal,Normal
2026-03-02 05:00:00,low_nutrient,6.88,24.95,7.74,0.11,0.072,15.89,1.123,581.1,99.0,21.95,89.86,72.0,0.9659258262890683,0.25881904510252074,0.8674563547295969,0.49751328890718066,0.0,0.0,0.0,0.0,0.4109999999999999,0.0,0.0,0.0,0.0,0.986,34.7,Warning,Normal,Normal
2026-03-02 06:00:00,low_nutrient,6.87,24.88,7.88,0.135,0.073,17.04,1.149,575.6,99.0,22.13,87.65,34.0,1.0,6.123233995736766e-17,0.8674563547295969,0.49751328890718066,0.0,0.0,0.0,0.0,0.2960000000000001,0.0,0.0,0.0,0.0,0.7650000000000006,26.9,Normal,Normal,Normal
2026-03-02 07:00:00,low_nutrient,6.85,24.86,7.85,0.24,0.064,19.6,1.224,608.8,99.0,23.23,82.8,4303.0,0.9659258262890683,-0.25881904510252063,0.8674563547295969,0.49751328890718066,0.0,0.0,0.0,0.0,0.039999999999999855,0.0,0.0,0.0,0.0,0.2799999999999997,9.7,Normal,Normal,Normal
2026-03-02 08:00:00,low_nutrient,6.85,24.94,7.7,0.208,0.075,21.37,1.262,615.4,99.0,25.04,80.61,13844.0,0.8660254037844387,-0.4999999999999998,0.8674563547295969,0.49751328890718066,0.0,0.0,0.0,0.0,0.0,0.0,0.0,0.0,0.0,0.06099999999999994,2.1,Normal,Normal,Normal
2026-03-02 09:00:00,low_nutrient,6.84,25.0,7.74,0.184,0.066,23.95,1.308,651.8,99.0,26.31,76.92,23329.0,0.7071067811865476,-0.7071067811865475,0.8674563547295969,0.49751328890718066,0.0,0.0,0.0,0.0,0.0,0.0,0.0,0.0,0.0,0.0,0.0,Normal,Normal,Normal
2026-03-02 10:00:00,low_nutrient,6.86,25.15,7.5,0.144,0.06,26.07,1.351,670.1,99.0,27.04,76.73,31272.0,0.49999999999999994,-0.8660254037844387,0.8674563547295969,0.49751328890718066,0.0,0.0,0.0,0.0,0.0,0.0,0.0,0.0,0.0,0.0,0.0,Normal,Normal,Normal
2026-03-02 11:00:00,low_nutrient,6.85,25.15,7.49,0.123,0.054,28.81,1.43,723.2,99.0,28.3,74.93,37570.0,0.258819045102521,-0.9659258262890682,0.8674563547295969,0.49751328890718066,0.0,0.0,0.0,0.0,0.0,0.0,0.0,0.0,0.0,0.0,0.0,Normal,Normal,Normal
2026-03-02 12:00:00,low_nutrient,6.84,25.3,7.31,0.102,0.073,32.62,1.504,764.7,99.0,28.55,73.86,38709.0,1.2246467991473532e-16,-1.0,0.8674563547295969,0.49751328890718066,0.0,0.0,0.0,0.0,0.0,0.0,0.0,0.0,0.0,0.0,0.0,Normal,Normal,Normal
2026-03-02 13:00:00,low_nutrient,6.85,25.43,7.67,0.11,0.049,34.94,1.577,802.3,99.0,27.86,75.96,26667.0,-0.2588190451025208,-0.9659258262890683,0.8674563547295969,0.49751328890718066,0.0,0.0,0.0,0.0,0.0,0.0,0.0,0.0,0.0,0.0,0.0,Normal,Normal,Normal
2026-03-02 14:00:00,low_nutrient,6.84,25.49,7.45,0.094,0.051,38.09,1.622,800.2,99.0,28.0,75.07,23531.0,-0.4999999999999997,-0.8660254037844388,0.8674563547295969,0.49751328890718066,0.0,0.0,0.0,0.0,0.0,0.0,0.0,0.0,0.0,0.0,0.0,Normal,Normal,Normal
2026-03-02 15:00:00,low_nutrient,6.84,25.52,7.62,0.105,0.044,41.4,1.683,837.7,99.0,26.0,80.25,17184.0,-0.7071067811865471,-0.7071067811865479,0.8674563547295969,0.49751328890718066,0.0,0.0,0.0,0.0,0.0,0.0,0.0,0.0,0.0,0.025,0.9,Normal,Normal,Normal
2026-03-02 16:00:00,low_nutrient,6.87,25.53,7.7,0.062,0.048,45.01,1.762,896.6,99.0,25.27,82.57,9436.0,-0.8660254037844385,-0.5000000000000004,0.8674563547295969,0.49751328890718066,0.0,0.0,0.0,0.0,0.0,0.0,0.0,0.0,0.0,0.25699999999999934,8.8,Normal,Normal,Normal
2026-03-02 17:00:00,normal,6.86,25.53,7.64,0.224,0.041,44.79,1.729,880.1,99.0,23.68,83.7,3452.0,-0.9659258262890683,-0.25881904510252063,0.8674563547295969,0.49751328890718066,0.0,0.0,0.0,0.0,0.0,0.0,0.0,0.0,0.0,0.3700000000000003,12.7,Normal,Normal,Normal
2026-03-02 18:00:00,normal,6.86,25.49,7.69,0.133,0.049,45.0,1.741,873.6,99.0,23.89,83.12,103.0,-1.0,-1.8369701987210297e-16,0.8674563547295969,0.49751328890718066,0.0,0.0,0.0,0.0,0.0,0.0,0.0,0.0,0.0,0.31200000000000044,10.7,Normal,Normal,Normal
2026-03-02 19:00:00,normal,6.86,25.41,7.88,0.131,0.072,44.4,1.71,844.9,99.0,23.24,86.91,117.0,-0.9659258262890684,0.2588190451025203,0.8674563547295969,0.49751328890718066,0.0,0.0,0.0,0.0,0.0,0.0,0.0,0.0,0.0,0.6909999999999996,23.7,Normal,Normal,Normal
2026-03-02 20:00:00,normal,6.87,25.39,7.75,0.112,0.06,44.69,1.713,863.1,99.0,23.32,91.27,49.0,-0.8660254037844386,0.5000000000000001,0.8674563547295969,0.49751328890718066,0.0,0.0,0.0,0.0,0.0,0.0,0.0,0.0,0.0,1.0,34.3,Warning,Normal,Normal
2026-03-02 21:00:00,normal,6.86,25.39,7.75,0.102,0.055,45.56,1.744,851.6,99.0,23.53,88.43,82.0,-0.7071067811865477,0.7071067811865474,0.8674563547295969,0.49751328890718066,0.0,0.0,0.0,0.0,0.0,0.0,0.0,0.0,0.0,0.8430000000000006,28.9,Normal,Normal,Normal
2026-03-02 22:00:00,ph_drift,6.8,25.37,7.73,0.112,0.067,44.73,1.767,881.2,99.0,22.73,88.82,53.0,-0.5000000000000004,0.8660254037844384,0.8674563547295969,0.49751328890718066,0.0,0.0,0.0,0.0,0.0,0.0,0.0,0.0,0.0,0.8819999999999993,30.3,Warning,Normal,Normal
2026-03-02 23:00:00,ph_drift,6.76,25.28,7.73,0.088,0.049,45.59,1.756,879.8,99.0,23.09,91.32,16.0,-0.25881904510252157,0.9659258262890681,0.8674563547295969,0.49751328890718066,0.0,0.0,0.0,0.0,0.0,0.0,0.0,0.0,0.0,1.0,34.3,Warning,Normal,Normal
2026-03-03 00:00:00,ph_drift,6.72,25.26,7.82,0.085,0.037,45.74,1.782,889.3,99.0,22.89,91.96,53.0,0.0,1.0,0.8758917051442429,0.48250774176121847,0.0,0.0,0.0,0.0,0.0,0.0,0.0,0.0,0.0,1.0,34.3,Warning,Normal,Normal
2026-03-03 01:00:00,ph_drift,6.68,25.27,7.73,0.085,0.052,45.72,1.763,880.7,99.0,23.22,89.27,41.0,0.25881904510252074,0.9659258262890683,0.8758917051442429,0.48250774176121847,0.0,0.0,0.0,0.0,0.0,0.0,0.0,0.0,0.0,0.9269999999999996,31.8,Warning,Normal,Normal
2026-03-03 02:00:00,ph_drift,6.64,25.3,7.6,0.056,0.052,45.15,1.774,886.3,99.0,23.77,87.89,44.0,0.49999999999999994,0.8660254037844387,0.8758917051442429,0.48250774176121847,0.0,0.0,0.0,0.0,0.0,0.0,0.0,0.0,0.0,0.789,27.1,Normal,Normal,Normal
2026-03-03 03:00:00,ph_drift,6.6,25.28,7.78,0.053,0.058,45.48,1.759,869.7,99.0,23.44,86.61,65.0,0.7071067811865476,0.7071067811865476,0.8758917051442429,0.48250774176121847,0.0,0.0,0.0,0.0,0.0,0.0,0.0,0.0,0.0,0.6609999999999999,22.7,Normal,Normal,Normal
2026-03-03 04:00:00,ph_drift,6.54,25.23,7.73,0.091,0.049,45.59,1.751,870.5,99.0,23.03,88.3,58.0,0.8660254037844386,0.5000000000000001,0.8758917051442429,0.48250774176121847,0.0,0.0,0.0,0.0,0.0,0.0,0.0,0.0,0.0,0.8299999999999997,28.5,Normal,Normal,Normal
2026-03-03 05:00:00,ph_drift,6.49,25.26,7.78,0.088,0.064,45.75,1.737,865.5,99.0,23.12,89.92,23.0,0.9659258262890683,0.25881904510252074,0.8758917051442429,0.48250774176121847,0.0,0.0,0.0,0.0,0.0,0.0,0.0,0.0,0.0,0.9920000000000002,34.0,Warning,Normal,Normal
2026-03-03 06:00:00,ph_drift,6.46,25.19,7.8,0.098,0.046,45.83,1.75,869.7,99.0,23.66,88.6,49.0,1.0,6.123233995736766e-17,0.8758917051442429,0.48250774176121847,0.0,0.0,0.0,0.0,0.0,0.0,0.0,0.0,0.0,0.8599999999999994,29.5,Normal,Normal,Normal
2026-03-03 07:00:00,ph_drift,6.41,25.21,7.78,0.212,0.074,46.02,1.729,857.0,99.0,24.36,81.25,3565.0,0.9659258262890683,-0.25881904510252063,0.8758917051442429,0.48250774176121847,0.0,0.0,0.0,0.0,0.0,0.0,0.0,0.0,0.0,0.125,4.3,Normal,Normal,Normal
2026-03-03 08:00:00,ph_drift,6.36,25.23,7.75,0.201,0.072,46.32,1.708,861.2,99.0,25.58,81.81,9851.0,0.8660254037844387,-0.4999999999999998,0.8758917051442429,0.48250774176121847,0.0,0.0,0.0,0.0,0.0,0.2,0.0,0.0,0.014000000000000002,0.18100000000000022,14.4,Normal,Normal,Normal
2026-03-03 09:00:00,ph_drift,6.34,25.35,7.49,0.154,0.06,45.97,1.72,862.6,99.0,27.17,78.13,16145.0,0.7071067811865476,-0.7071067811865475,0.8758917051442429,0.48250774176121847,0.0,0.0,0.0,0.0,0.0,0.3000000000000022,0.0,0.0,0.021000000000000157,0.0,21.5,Normal,Normal,Normal
2026-03-03 10:00:00,ph_drift,6.3,25.46,7.46,0.142,0.076,45.89,1.712,852.7,99.0,28.67,76.07,21888.0,0.49999999999999994,-0.8660254037844387,0.8758917051442429,0.48250774176121847,0.0,0.0,0.0,0.0,0.0,0.5000000000000022,0.0,0.0,0.035000000000000156,0.0,35.8,Warning,Normal,Normal
2026-03-03 11:00:00,ph_drift,6.26,25.64,7.34,0.137,0.07,45.62,1.695,852.8,99.0,28.94,73.93,26859.0,0.258819045102521,-0.9659258262890682,0.8758917051442429,0.48250774176121847,0.0,0.0,0.0,0.0,0.0,0.7000000000000022,0.0,0.0,0.049000000000000155,0.0,50.2,Warning,Normal,Normal
2026-03-03 12:00:00,ph_drift,6.22,25.7,7.32,0.122,0.076,46.02,1.703,859.6,99.0,29.75,72.93,28638.0,1.2246467991473532e-16,-1.0,0.8758917051442429,0.48250774176121847,0.0,0.0,0.0,0.0,0.0,0.9000000000000022,0.0,0.0,0.06300000000000017,0.0,64.5,Warning,pH tidak stabil,pH tidak stabil
2026-03-03 13:00:00,ph_drift,6.21,25.84,7.2,0.147,0.062,46.06,1.703,856.7,99.0,29.4,72.76,36088.0,-0.2588190451025208,-0.9659258262890683,0.8758917051442429,0.48250774176121847,0.0,0.0,0.0,0.0,0.0,0.9500000000000011,0.0,0.0,0.06650000000000009,0.0,68.1,Warning,pH tidak stabil,pH tidak stabil
2026-03-03 14:00:00,ph_drift,6.19,25.92,7.29,0.106,0.071,45.83,1.714,849.5,99.0,28.91,75.04,31068.0,-0.4999999999999997,-0.8660254037844388,0.8758917051442429,0.48250774176121847,0.0,0.0,0.0,0.0,0.0,1.0,0.0,0.0,0.07,0.0,71.7,Critical,pH tidak stabil,pH tidak stabil
2026-03-03 15:00:00,ph_drift,6.18,25.95,7.5,0.101,0.066,45.29,1.715,868.8,99.0,26.82,77.24,22306.0,-0.7071067811865471,-0.7071067811865479,0.8758917051442429,0.48250774176121847,0.0,0.0,0.0,0.0,0.0,1.0,0.0,0.0,0.07,0.0,71.7,Critical,pH tidak stabil,pH tidak stabil
2026-03-03 16:00:00,ph_drift,6.16,25.92,7.57,0.117,0.07,46.24,1.713,859.8,99.0,26.37,77.81,12561.0,-0.8660254037844385,-0.5000000000000004,0.8758917051442429,0.48250774176121847,0.0,0.0,0.0,0.0,0.0,1.0,0.0,0.0,0.07,0.0,71.7,Critical,pH tidak stabil,pH tidak stabil
2026-03-03 17:00:00,ph_drift,6.14,25.82,7.73,0.243,0.067,45.65,1.7,844.2,99.0,24.73,82.53,4371.0,-0.9659258262890683,-0.25881904510252063,0.8758917051442429,0.48250774176121847,0.0,0.0,0.0,0.0,0.0,1.0,0.0,0.0,0.07,0.2530000000000001,71.8,Critical,pH tidak stabil,pH tidak stabil
2026-03-03 18:00:00,ph_drift,6.11,25.67,7.73,0.192,0.056,45.71,1.704,850.9,99.0,23.99,83.92,614.0,-1.0,-1.8369701987210297e-16,0.8758917051442429,0.48250774176121847,0.0,0.0,0.0,0.0,0.0,1.0,0.0,0.0,0.07,0.3920000000000002,71.9,Critical,pH tidak stabil,pH tidak stabil
2026-03-03 19:00:00,ph_drift,6.1,25.6,7.8,0.179,0.067,46.38,1.723,858.3,99.0,23.98,87.79,58.0,-0.9659258262890684,0.2588190451025203,0.8758917051442429,0.48250774176121847,0.0,0.0,0.0,0.0,0.0,1.0,0.0,0.0,0.07,0.7790000000000006,72.1,Critical,pH tidak stabil,pH tidak stabil
2026-03-03 20:00:00,ph_drift,6.09,25.5,7.79,0.151,0.067,46.67,1.719,854.4,99.0,24.05,88.99,48.0,-0.8660254037844386,0.5000000000000001,0.8758917051442429,0.48250774176121847,0.0,0.0,0.0,0.0,0.0,1.0,0.0,0.0,0.07,0.8989999999999995,72.2,Critical,pH tidak stabil,pH tidak stabil
2026-03-03 21:00:00,ph_drift,6.1,25.46,7.78,0.154,0.071,46.73,1.717,857.1,99.0,23.53,86.17,59.0,-0.7071067811865477,0.7071067811865474,0.8758917051442429,0.48250774176121847,0.0,0.0,0.0,0.0,0.0,1.0,0.0,0.0,0.07,0.6170000000000002,72.0,Critical,pH tidak stabil,pH tidak stabil
2026-03-03 22:00:00,ph_drift,6.08,25.44,7.8,0.104,0.068,46.2,1.747,864.6,99.0,23.22,88.67,58.0,-0.5000000000000004,0.8660254037844384,0.8758917051442429,0.48250774176121847,0.0,0.0,0.0,0.0,0.0,1.0,0.0,0.0,0.07,0.8670000000000002,72.1,Critical,pH tidak stabil,pH tidak stabil
2026-03-03 23:00:00,ph_drift,6.09,25.47,7.73,0.118,0.059,46.02,1.719,857.4,99.0,24.21,91.0,26.0,-0.25881904510252157,0.9659258262890681,0.8758917051442429,0.48250774176121847,0.0,0.0,0.0,0.0,0.0,1.0,0.0,0.0,0.07,1.0,72.2,Critical,pH tidak stabil,pH tidak stabil
2026-03-04 00:00:00,ph_drift,6.09,25.41,7.81,0.109,0.057,45.73,1.745,875.1,99.0,23.56,88.82,3.0,0.0,1.0,0.8840675099433636,0.4673592171580022,0.0,0.0,0.0,0.0,0.0,1.0,0.0,0.0,0.07,0.8819999999999993,72.1,Critical,pH tidak stabil,pH tidak stabil
2026-03-04 01:00:00,ph_drift,6.1,25.38,7.79,0.1,0.064,46.41,1.739,868.9,99.0,24.29,88.42,14.0,0.25881904510252074,0.9659258262890683,0.8840675099433636,0.4673592171580022,0.0,0.0,0.0,0.0,0.0,1.0,0.0,0.0,0.07,0.8420000000000002,72.1,Critical,pH tidak stabil,pH tidak stabil
2026-03-04 02:00:00,ph_drift,6.1,25.35,7.83,0.105,0.053,45.68,1.746,884.2,99.0,24.19,87.97,42.0,0.49999999999999994,0.8660254037844387,0.8840675099433636,0.4673592171580022,0.0,0.0,0.0,0.0,0.0,1.0,0.0,0.0,0.07,0.7969999999999999,72.1,Critical,pH tidak stabil,pH tidak stabil
2026-03-04 03:00:00,ph_drift,6.11,25.32,7.7,0.116,0.056,46.64,1.73,874.9,99.0,24.16,88.97,20.0,0.7071067811865476,0.7071067811865476,0.8840675099433636,0.4673592171580022,0.0,0.0,0.0,0.0,0.0,1.0,0.0,0.0,0.07,0.8969999999999999,72.2,Critical,pH tidak stabil,pH tidak stabil
2026-03-04 04:00:00,ph_drift,6.13,25.26,7.73,0.118,0.062,46.51,1.755,875.9,99.0,24.68,87.31,70.0,0.8660254037844386,0.5000000000000001,0.8840675099433636,0.4673592171580022,0.0,0.0,0.0,0.0,0.0,1.0,0.0,0.0,0.07,0.7310000000000002,72.1,Critical,pH tidak stabil,pH tidak stabil
2026-03-04 05:00:00,ph_drift,6.13,25.3,7.73,0.12,0.067,46.36,1.763,869.7,99.0,24.35,87.46,13.0,0.9659258262890683,0.25881904510252074,0.8840675099433636,0.4673592171580022,0.0,0.0,0.0,0.0,0.0,1.0,0.0,0.0,0.07,0.7459999999999993,72.1,Critical,pH tidak stabil,pH tidak stabil
2026-03-04 06:00:00,ph_drift,6.15,25.3,7.7,0.137,0.073,45.58,1.779,888.4,99.0,24.58,87.54,39.0,1.0,6.123233995736766e-17,0.8840675099433636,0.4673592171580022,0.0,0.0,0.0,0.0,0.0,1.0,0.0,0.0,0.07,0.7540000000000007,72.1,Critical,pH tidak stabil,pH tidak stabil
2026-03-04 07:00:00,ph_drift,6.16,25.28,7.81,0.25,0.06,46.72,1.775,885.4,99.0,24.97,82.56,4621.0,0.9659258262890683,-0.25881904510252063,0.8840675099433636,0.4673592171580022,0.0,0.0,0.0,0.0,0.0,1.0,0.0,0.0,0.07,0.2560000000000002,71.8,Critical,pH tidak stabil,pH tidak stabil
2026-03-04 08:00:00,ph_drift,6.19,25.32,7.61,0.233,0.086,45.84,1.765,885.0,99.0,26.54,76.11,13615.0,0.8660254037844387,-0.4999999999999998,0.8840675099433636,0.4673592171580022,0.0,0.0,0.0,0.0,0.0,1.0,0.0,0.0,0.07,0.0,71.7,Critical,pH tidak stabil,pH tidak stabil
2026-03-04 09:00:00,ph_drift,6.2,25.41,7.58,0.194,0.075,45.96,1.777,879.9,99.0,28.03,79.42,21966.0,0.7071067811865476,-0.7071067811865475,0.8840675099433636,0.4673592171580022,0.0,0.0,0.0,0.0,0.0,1.0,0.0,0.0,0.07,0.0,71.7,Critical,pH tidak stabil,pH tidak stabil
2026-03-04 10:00:00,ph_drift,6.21,25.54,7.43,0.151,0.068,46.32,1.734,869.6,99.0,29.54,73.45,30829.0,0.49999999999999994,-0.8660254037844387,0.8840675099433636,0.4673592171580022,0.0,0.0,0.0,0.0,0.0,0.9500000000000011,0.0,0.0,0.06650000000000009,0.0,68.1,Warning,pH tidak stabil,pH tidak stabil
2026-03-04 11:00:00,ph_drift,6.23,25.7,7.32,0.192,0.059,46.26,1.752,854.4,99.0,30.19,73.72,35914.0,0.258819045102521,-0.9659258262890682,0.8840675099433636,0.4673592171580022,0.0,0.0,0.0,0.0,0.0,0.8499999999999989,0.0,0.0,0.05949999999999993,0.0,60.9,Warning,Normal,Normal
2026-03-04 12:00:00,ph_drift,6.26,25.97,7.35,0.166,0.063,46.37,1.758,885.8,99.0,30.81,70.53,37943.0,1.2246467991473532e-16,-1.0,0.8840675099433636,0.4673592171580022,0.0,0.0,0.0,0.0,0.0,0.7000000000000022,0.0,0.0,0.049000000000000155,0.0,50.2,Warning,Normal,Normal
2026-03-04 13:00:00,ph_drift,6.31,26.12,7.24,0.144,0.07,46.14,1.778,899.9,99.0,30.05,72.42,29911.0,-0.2588190451025208,-0.9659258262890683,0.8840675099433636,0.4673592171580022,0.0,0.0,0.0,0.0,0.0,0.45000000000000334,0.0,0.0,0.031500000000000236,0.0,32.2,Warning,Normal,Normal
2026-03-04 14:00:00,ph_drift,6.33,26.17,7.38,0.14,0.067,45.97,1.786,887.1,99.0,29.77,74.48,26539.0,-0.4999999999999997,-0.8660254037844388,0.8840675099433636,0.4673592171580022,0.0,0.0,0.0,0.0,0.0,0.3500000000000011,0.0,0.0,0.024500000000000077,0.0,25.1,Normal,Normal,Normal
2026-03-04 15:00:00,ph_drift,6.39,26.28,7.39,0.125,0.052,45.34,1.762,879.1,99.0,28.31,75.87,18782.0,-0.7071067811865471,-0.7071067811865479,0.8840675099433636,0.4673592171580022,0.0,0.0,0.0,0.0,0.0,0.05000000000000333,0.0,0.0,0.003500000000000234,0.0,3.6,Normal,Normal,Normal
2026-03-04 16:00:00,ph_drift,6.44,26.4,7.45,0.116,0.07,44.94,1.785,891.2,99.0,27.05,79.96,11434.0,-0.8660254037844385,-0.5000000000000004,0.8840675099433636,0.4673592171580022,0.0,0.0,0.0,0.0,0.0,0.0,0.0,0.0,0.0,0.0,0.0,Normal,Normal,Normal
2026-03-04 17:00:00,ph_drift,6.49,26.37,7.43,0.246,0.056,45.41,1.796,895.0,99.0,25.7,79.4,3898.0,-0.9659258262890683,-0.25881904510252063,0.8840675099433636,0.4673592171580022,0.0,0.0,0.0,0.0,0.0,0.0,0.0,0.0,0.0,0.0,0.0,Normal,Normal,Normal
2026-03-04 18:00:00,ph_drift,6.52,26.29,7.58,0.207,0.077,44.91,1.791,909.0,99.0,25.26,82.07,386.0,-1.0,-1.8369701987210297e-16,0.8840675099433636,0.4673592171580022,0.0,0.0,0.0,0.0,0.045,0.0,0.0,0.0,0.0,0.20699999999999932,7.2,Normal,Normal,Normal
2026-03-04 19:00:00,ph_drift,6.56,26.18,7.55,0.19,0.064,45.63,1.806,913.6,99.0,25.46,84.93,16.0,-0.9659258262890684,0.2588190451025203,0.8840675099433636,0.4673592171580022,0.0,0.0,0.0,0.0,0.06800000000000012,0.0,0.0,0.0,0.0,0.49300000000000066,17.1,Normal,Normal,Normal
2026-03-04 20:00:00,ph_drift,6.61,26.09,7.66,0.159,0.071,45.19,1.787,901.6,99.0,24.49,87.5,33.0,-0.8660254037844386,0.5000000000000001,0.8840675099433636,0.4673592171580022,0.0,0.0,0.0,0.0,0.008000000000000113,0.0,0.0,0.0,0.0,0.75,25.7,Normal,Normal,Normal
2026-03-04 21:00:00,ph_drift,6.67,26.11,7.66,0.143,0.063,45.63,1.806,891.5,99.0,24.46,86.41,80.0,-0.7071067811865477,0.7071067811865474,0.8840675099433636,0.4673592171580022,0.0,0.0,0.0,0.0,0.015000000000000008,0.0,0.0,0.0,0.0,0.6409999999999997,22.0,Normal,Normal,Normal
2026-03-04 22:00:00,ph_drift,6.71,26.11,7.68,0.129,0.053,44.85,1.778,896.4,99.0,25.37,84.89,66.0,-0.5000000000000004,0.8660254037844384,0.8840675099433636,0.4673592171580022,0.0,0.0,0.0,0.0,0.0,0.0,0.0,0.0,0.0,0.48900000000000005,16.8,Normal,Normal,Normal
2026-03-04 23:00:00,ph_drift,6.76,26.05,7.52,0.114,0.052,45.33,1.801,890.5,99.0,25.11,87.14,45.0,-0.25881904510252157,0.9659258262890681,0.8840675099433636,0.4673592171580022,0.0,0.0,0.0,0.0,0.002499999999999724,0.0,0.0,0.0,0.0,0.7140000000000001,24.5,Normal,Normal,Normal
2026-03-05 00:00:00,ph_drift,6.8,26.04,7.68,0.12,0.052,44.71,1.787,896.9,99.0,25.03,89.12,14.0,0.0,1.0,0.8919813464595485,0.45207220393230435,0.0,0.0,0.0,0.0,0.0,0.0,0.0,0.0,0.0,0.9120000000000005,31.3,Warning,Normal,Normal
2026-03-05 01:00:00,low_water_level,6.85,25.96,7.63,0.133,0.06,44.78,1.782,893.4,99.0,25.53,86.09,55.0,0.25881904510252074,0.9659258262890683,0.8919813464595485,0.45207220393230435,0.0,0.0,0.0,0.0,0.0,0.0,0.0,0.0,0.0,0.6090000000000003,20.9,Normal,Normal,Normal
2026-03-05 02:00:00,low_water_level,6.86,25.99,7.43,0.124,0.057,44.49,1.779,898.9,99.0,25.46,87.17,37.0,0.49999999999999994,0.8660254037844387,0.8919813464595485,0.45207220393230435,0.0,0.0,0.0,0.0,0.0,0.0,0.0,0.0,0.0,0.7170000000000002,24.6,Normal,Normal,Normal
2026-03-05 03:00:00,low_water_level,6.86,26.0,7.67,0.125,0.066,44.17,1.761,893.3,99.0,25.2,88.39,32.0,0.7071067811865476,0.7071067811865476,0.8919813464595485,0.45207220393230435,0.0,0.0,0.0,0.0,0.0,0.0,0.0,0.0,0.0,0.8390000000000001,28.8,Normal,Normal,Normal
2026-03-05 04:00:00,low_water_level,6.87,25.91,7.7,0.113,0.065,44.72,1.781,895.7,98.32,25.55,85.0,58.0,0.8660254037844386,0.5000000000000001,0.8919813464595485,0.45207220393230435,0.0,0.0,0.0,0.0,0.0,0.0,0.0,0.0,0.0,0.5,17.2,Normal,Normal,Normal
2026-03-05 05:00:00,low_water_level,6.87,25.86,7.66,0.091,0.047,44.08,1.781,877.3,95.61,25.21,86.85,44.0,0.9659258262890683,0.25881904510252074,0.8919813464595485,0.45207220393230435,0.0,0.0,0.0,0.0,0.0,0.0,0.0,0.0,0.0,0.6849999999999994,23.5,Normal,Normal,Normal
2026-03-05 06:00:00,low_water_level,6.85,25.8,7.59,0.093,0.061,44.23,1.742,895.4,92.95,25.19,88.11,24.0,1.0,6.123233995736766e-17,0.8919813464595485,0.45207220393230435,0.0,0.0,0.0,0.0,0.0,0.0,0.0,0.0,0.0,0.8109999999999999,27.8,Normal,Normal,Normal
2026-03-05 07:00:00,low_water_level,6.85,25.82,7.69,0.209,0.076,43.85,1.755,871.8,90.34,26.41,80.58,4038.0,0.9659258262890683,-0.25881904510252063,0.8919813464595485,0.45207220393230435,0.0,0.0,0.0,0.0,0.0,0.0,0.0,0.0,0.0,0.05799999999999983,2.0,Normal,Normal,Normal
2026-03-05 08:00:00,low_water_level,6.85,25.85,7.52,0.201,0.075,44.77,1.759,876.2,87.77,27.64,76.89,11198.0,0.8660254037844387,-0.4999999999999998,0.8919813464595485,0.45207220393230435,0.0,0.0,0.0,0.0,0.0,0.0,0.0,0.0,0.0,0.0,0.0,Normal,Normal,Normal
2026-03-05 09:00:00,low_water_level,6.86,25.89,7.5,0.206,0.077,43.9,1.742,866.3,85.31,28.56,75.59,18396.0,0.7071067811865476,-0.7071067811865475,0.8919813464595485,0.45207220393230435,0.0,0.0,0.0,0.0,0.0,0.0,0.0,0.0,0.0,0.0,0.0,Normal,Normal,Normal
2026-03-05 10:00:00,low_water_level,6.86,25.99,7.32,0.175,0.061,44.32,1.739,868.8,82.86,29.88,75.45,25801.0,0.49999999999999994,-0.8660254037844387,0.8919813464595485,0.45207220393230435,0.0,0.0,0.0,0.0,0.0,0.0,0.0,0.0,0.0,0.0,0.0,Normal,Normal,Normal
2026-03-05 11:00:00,low_water_level,6.87,26.1,7.33,0.168,0.081,44.13,1.769,872.5,80.5,30.98,73.38,30421.0,0.258819045102521,-0.9659258262890682,0.8919813464595485,0.45207220393230435,0.0,0.0,0.0,0.0,0.0,0.0,0.0,0.0,0.0,0.0,0.0,Normal,Normal,Normal
2026-03-05 12:00:00,low_water_level,6.88,26.13,7.4,0.161,0.081,44.67,1.751,873.4,78.27,31.55,72.9,33329.0,1.2246467991473532e-16,-1.0,0.8919813464595485,0.45207220393230435,0.0,0.0,0.0,0.0,0.0,0.0,0.0865000000000002,0.0,0.003460000000000008,0.0,5.6,Normal,Normal,Normal
2026-03-05 13:00:00,low_water_level,6.89,26.22,7.2,0.139,0.054,44.47,1.725,876.7,76.12,31.01,71.62,34414.0,-0.2588190451025208,-0.9659258262890683,0.8919813464595485,0.45207220393230435,0.0,0.0,0.0,0.0,0.0,0.0,0.19399999999999978,0.0,0.007759999999999992,0.0,12.6,Normal,Normal,Normal
2026-03-05 14:00:00,low_water_level,6.9,26.28,7.34,0.137,0.085,44.6,1.723,862.5,74.07,29.9,73.39,28241.0,-0.4999999999999997,-0.8660254037844388,0.8919813464595485,0.45207220393230435,0.0,0.0,0.0,0.0,0.0,0.0,0.2965000000000003,0.0,0.011860000000000013,0.0,19.3,Normal,Normal,Normal
2026-03-05 15:00:00,low_water_level,6.91,26.32,7.28,0.133,0.082,44.69,1.749,878.8,72.18,28.69,75.93,21153.0,-0.7071067811865471,-0.7071067811865479,0.8919813464595485,0.45207220393230435,0.0,0.0,0.0,0.0,0.0,0.0,0.3909999999999997,0.0,0.015639999999999987,0.0,25.5,Normal,Normal,Normal
2026-03-05 16:00:00,low_water_level,6.92,26.31,7.41,0.109,0.074,44.15,1.778,884.3,70.45,27.46,78.05,12263.0,-0.8660254037844385,-0.5000000000000004,0.8919813464595485,0.45207220393230435,0.0,0.0,0.0,0.0,0.0,0.0,0.47749999999999987,0.0,0.019099999999999995,0.0,31.1,Warning,Normal,Normal
2026-03-05 17:00:00,low_water_level,6.93,26.28,7.57,0.243,0.066,43.94,1.747,859.2,68.9,26.16,80.04,4769.0,-0.9659258262890683,-0.25881904510252063,0.8919813464595485,0.45207220393230435,0.0,0.0,0.0,0.0,0.0,0.0,0.5549999999999997,0.0,0.02219999999999999,0.0040000000000006255,36.1,Warning,Normal,Normal
2026-03-05 18:00:00,low_water_level,6.93,26.22,7.52,0.219,0.057,44.02,1.741,873.0,67.43,24.7,85.32,0.0,-1.0,-1.8369701987210297e-16,0.8919813464595485,0.45207220393230435,0.0,0.0,0.0,0.0,0.0,0.0,0.6284999999999996,0.0,0.025139999999999985,0.5319999999999994,41.2,Warning,Normal,Normal
2026-03-05 19:00:00,low_water_level,6.91,26.24,7.58,0.189,0.063,43.79,1.72,859.8,66.17,24.9,89.52,27.0,-0.9659258262890684,0.2588190451025203,0.8919813464595485,0.45207220393230435,0.0,0.0,0.0,0.0,0.0,0.0,0.6914999999999999,0.0,0.027659999999999997,0.9519999999999996,45.5,Warning,Normal,Normal
2026-03-05 20:00:00,low_water_level,6.93,26.23,7.55,0.148,0.066,43.48,1.737,862.7,65.03,24.69,88.34,17.0,-0.8660254037844386,0.5000000000000001,0.8919813464595485,0.45207220393230435,0.0,0.0,0.0,0.0,0.0,0.0,0.7484999999999999,0.0,0.029939999999999998,0.8340000000000003,49.2,Warning,Normal,Normal
2026-03-05 21:00:00,low_water_level,6.94,26.16,7.59,0.159,0.072,42.98,1.757,873.1,64.04,25.11,88.47,46.0,-0.7071067811865477,0.7071067811865474,0.8919813464595485,0.45207220393230435,0.0,0.0,0.0,0.0,0.0,0.0,0.7979999999999997,0.0,0.03191999999999999,0.8469999999999999,52.4,Warning,Normal,Normal
2026-03-05 22:00:00,low_water_level,6.93,26.15,7.5,0.142,0.069,42.74,1.74,870.5,63.18,25.11,86.88,42.0,-0.5000000000000004,0.8660254037844384,0.8919813464595485,0.45207220393230435,0.0,0.0,0.0,0.0,0.0,0.0,0.841,0.0,0.033639999999999996,0.6879999999999995,55.1,Warning,Normal,Normal
2026-03-05 23:00:00,low_water_level,6.93,26.13,7.7,0.14,0.076,42.85,1.785,882.9,62.45,25.06,87.52,44.0,-0.25881904510252157,0.9659258262890681,0.8919813464595485,0.45207220393230435,0.0,0.0,0.0,0.0,0.0,0.0,0.8774999999999998,0.0,0.03509999999999999,0.7519999999999996,57.5,Warning,Level air rendah,Level air rendah
2026-03-06 00:00:00,low_water_level,6.93,26.04,7.65,0.156,0.055,43.18,1.791,896.4,61.87,25.29,88.54,47.0,0.0,1.0,0.8996308696522433,0.43665123195606403,0.0,0.0,0.0,0.0,0.0,0.0,0.9065000000000001,0.0,0.03626000000000001,0.8540000000000006,59.5,Warning,Level air rendah,Level air rendah
2026-03-06 01:00:00,low_water_level,6.94,26.0,7.57,0.137,0.066,42.49,1.756,890.7,61.55,24.98,87.59,22.0,0.25881904510252074,0.9659258262890683,0.8996308696522433,0.43665123195606403,0.0,0.0,0.0,0.0,0.0,0.0,0.9225000000000001,0.0,0.0369,0.7590000000000003,60.5,Warning,Level air rendah,Level air rendah
2026-03-06 02:00:00,low_water_level,6.94,25.95,7.63,0.129,0.061,43.54,1.732,867.9,61.34,24.76,87.15,38.0,0.49999999999999994,0.8660254037844387,0.8996308696522433,0.43665123195606403,0.0,0.0,0.0,0.0,0.0,0.0,0.9329999999999998,0.0,0.03731999999999999,0.7150000000000005,61.1,Warning,Level air rendah,Level air rendah
2026-03-06 03:00:00,low_water_level,6.94,26.02,7.57,0.116,0.055,43.4,1.751,862.6,61.3,25.73,85.36,17.0,0.7071067811865476,0.7071067811865476,0.8996308696522433,0.43665123195606403,0.0,0.0,0.0,0.0,0.0,0.0,0.9350000000000002,0.0,0.03740000000000001,0.5359999999999999,61.2,Warning,Level air rendah,Level air rendah
2026-03-06 04:00:00,low_water_level,6.93,25.96,7.64,0.108,0.058,43.07,1.736,861.4,61.42,25.58,85.86,69.0,0.8660254037844386,0.5000000000000001,0.8996308696522433,0.43665123195606403,0.0,0.0,0.0,0.0,0.0,0.0,0.9289999999999999,0.0,0.03716,0.586,60.8,Warning,Level air rendah,Level air rendah
2026-03-06 05:00:00,low_water_level,6.92,25.94,7.71,0.114,0.052,43.03,1.745,871.5,61.67,24.7,86.56,28.0,0.9659258262890683,0.25881904510252074,0.8996308696522433,0.43665123195606403,0.0,0.0,0.0,0.0,0.0,0.0,0.9164999999999999,0.0,0.03666,0.6560000000000002,60.0,Warning,Level air rendah,Level air rendah
2026-03-06 06:00:00,low_water_level,6.93,25.95,7.63,0.092,0.069,43.38,1.738,881.7,62.12,24.35,87.37,59.0,1.0,6.123233995736766e-17,0.8996308696522433,0.43665123195606403,0.0,0.0,0.0,0.0,0.0,0.0,0.8940000000000001,0.0,0.03576000000000001,0.7370000000000004,58.6,Warning,Level air rendah,Level air rendah
2026-03-06 07:00:00,low_water_level,6.93,25.89,7.67,0.237,0.083,43.59,1.756,881.5,62.75,25.85,80.36,4179.0,0.9659258262890683,-0.25881904510252063,0.8996308696522433,0.43665123195606403,0.0,0.0,0.0,0.0,0.0,0.0,0.8625,0.0,0.0345,0.03599999999999994,56.2,Warning,Level air rendah,Level air rendah
2026-03-06 08:00:00,oxygen_stress,6.93,25.9,7.11,0.202,0.073,42.81,1.762,888.6,63.46,27.45,77.54,12945.0,0.8660254037844387,-0.4999999999999998,0.8996308696522433,0.43665123195606403,0.0,0.0,0.0,0.0,0.0,0.0,0.827,0.0,0.03308,0.0,53.8,Warning,Normal,Normal
2026-03-06 09:00:00,oxygen_stress,6.93,26.06,6.8,0.2,0.086,43.25,1.752,882.8,64.35,28.55,74.83,20504.0,0.7071067811865476,-0.7071067811865475,0.8996308696522433,0.43665123195606403,0.0,0.0,0.0,0.0,0.0,0.0,0.7825000000000003,0.0,0.031300000000000015,0.0,50.9,Warning,Normal,Normal
2026-03-06 10:00:00,oxygen_stress,6.93,26.19,6.29,0.184,0.057,42.74,1.777,877.8,65.42,30.44,70.52,28911.0,0.49999999999999994,-0.8660254037844387,0.8996308696522433,0.43665123195606403,0.0,0.0,0.0,0.0,0.0,0.0,0.7289999999999999,0.0,0.029159999999999995,0.0,47.5,Warning,Normal,Normal
2026-03-06 11:00:00,oxygen_stress,6.93,26.35,6.11,0.158,0.067,42.97,1.73,855.2,66.66,30.42,72.8,33502.0,0.258819045102521,-0.9659258262890682,0.8996308696522433,0.43665123195606403,0.0,0.0,0.0,0.0,0.0,0.0,0.6670000000000001,0.0,0.026680000000000006,0.0,43.4,Warning,Normal,Normal
2026-03-06 12:00:00,oxygen_stress,6.92,26.48,5.74,0.125,0.065,43.12,1.756,873.8,68.04,31.16,73.43,35591.0,1.2246467991473532e-16,-1.0,0.8996308696522433,0.43665123195606403,0.0,0.0,0.0,0.0,0.0,0.0,0.5979999999999996,0.0,0.023919999999999986,0.0,38.9,Warning,Normal,Normal
2026-03-06 13:00:00,oxygen_stress,6.94,26.58,5.64,0.122,0.062,43.52,1.739,870.0,69.48,30.18,72.99,26339.0,-0.2588190451025208,-0.9659258262890683,0.8996308696522433,0.43665123195606403,0.0,0.0,0.0,0.0,0.0,0.0,0.5259999999999998,0.0,0.021039999999999993,0.0,34.2,Warning,Normal,Normal
2026-03-06 14:00:00,oxygen_stress,6.95,26.65,5.49,0.094,0.058,43.83,1.752,880.3,71.07,30.07,75.41,23223.0,-0.4999999999999997,-0.8660254037844388,0.8996308696522433,0.43665123195606403,0.0,0.0,0.0,0.0,0.0,0.0,0.44650000000000034,0.0,0.017860000000000015,0.0,29.1,Normal,Normal,Normal
2026-03-06 15:00:00,oxygen_stress,6.96,26.6,5.33,0.129,0.059,43.36,1.749,869.6,72.88,28.4,76.04,16913.0,-0.7071067811865471,-0.7071067811865479,0.8996308696522433,0.43665123195606403,0.0,0.0,0.0,0.0,0.0,0.0,0.3560000000000002,0.0,0.014240000000000008,0.0,23.2,Normal,Normal,Normal
2026-03-06 16:00:00,oxygen_stress,6.95,26.54,5.26,0.091,0.08,42.79,1.759,860.7,74.79,26.84,78.45,9805.0,-0.8660254037844385,-0.5000000000000004,0.8996308696522433,0.43665123195606403,0.0,0.0,0.0,0.0,0.0,0.0,0.2604999999999997,0.0,0.010419999999999987,0.0,17.0,Normal,Normal,Normal
2026-03-06 17:00:00,oxygen_stress,6.94,26.41,5.26,0.206,0.062,42.74,1.771,875.9,76.82,25.77,81.27,4042.0,-0.9659258262890683,-0.25881904510252063,0.8996308696522433,0.43665123195606403,0.0,0.0,0.0,0.0,0.0,0.0,0.15900000000000034,0.0,0.006360000000000013,0.1269999999999996,10.4,Normal,Normal,Normal
2026-03-06 18:00:00,oxygen_stress,6.94,26.33,5.2,0.182,0.064,43.34,1.765,882.7,78.93,25.51,83.9,159.0,-1.0,-1.8369701987210297e-16,0.8996308696522433,0.43665123195606403,0.0,0.0,0.0,0.0,0.0,0.0,0.05349999999999966,0.0,0.0021399999999999865,0.39000000000000057,13.5,Normal,Normal,Normal
2026-03-06 19:00:00,oxygen_stress,6.93,26.31,4.86,0.165,0.061,43.98,1.776,880.5,81.13,24.72,87.45,49.0,-0.9659258262890684,0.2588190451025203,0.8996308696522433,0.43665123195606403,0.0,0.13999999999999968,0.0,0.0,0.0,0.0,0.0,0.0,0.041999999999999905,0.7450000000000003,26.2,Normal,Normal,Normal
2026-03-06 20:00:00,oxygen_stress,6.93,26.19,4.8,0.169,0.06,42.53,1.754,886.0,83.49,25.39,86.3,51.0,-0.8660254037844386,0.5000000000000001,0.8996308696522433,0.43665123195606403,0.0,0.20000000000000018,0.0,0.0,0.0,0.0,0.0,0.0,0.06000000000000005,0.6299999999999997,22.5,Normal,Normal,Normal
2026-03-06 21:00:00,oxygen_stress,6.95,26.04,5.1,0.149,0.072,43.05,1.781,885.4,85.96,24.29,88.91,73.0,-0.7071067811865477,0.7071067811865474,0.8996308696522433,0.43665123195606403,0.0,0.0,0.0,0.0,0.0,0.0,0.0,0.0,0.0,0.8909999999999997,30.6,Warning,Normal,Normal
2026-03-06 22:00:00,oxygen_stress,6.95,25.94,5.01,0.14,0.068,43.14,1.759,868.3,88.43,25.38,86.69,40.0,-0.5000000000000004,0.8660254037844384,0.8996308696522433,0.43665123195606403,0.0,0.0,0.0,0.0,0.0,0.0,0.0,0.0,0.0,0.6689999999999998,23.0,Normal,Normal,Normal
2026-03-06 23:00:00,oxygen_stress,6.94,25.91,5.01,0.137,0.05,43.02,1.765,877.2,90.97,25.2,87.19,49.0,-0.25881904510252157,0.9659258262890681,0.8996308696522433,0.43665123195606403,0.0,0.0,0.0,0.0,0.0,0.0,0.0,0.0,0.0,0.7189999999999998,24.7,Normal,Normal,Normal
2026-03-07 00:00:00,oxygen_stress,6.95,25.92,5.07,0.116,0.07,42.92,1.769,890.0,93.56,24.79,88.37,28.0,0.0,1.0,0.9070138128026359,0.4211008707960896,0.0,0.0,0.0,0.0,0.0,0.0,0.0,0.0,0.0,0.8370000000000004,28.7,Normal,Normal,Normal
2026-03-07 01:00:00,oxygen_stress,6.95,25.87,5.18,0.123,0.064,43.04,1.741,881.3,96.3,24.61,87.17,27.0,0.25881904510252074,0.9659258262890683,0.9070138128026359,0.4211008707960896,0.0,0.0,0.0,0.0,0.0,0.0,0.0,0.0,0.0,0.7170000000000002,24.6,Normal,Normal,Normal
2026-03-07 02:00:00,oxygen_stress,6.95,25.82,5.33,0.096,0.064,43.24,1.725,875.7,99.0,24.36,84.94,87.0,0.49999999999999994,0.8660254037844387,0.9070138128026359,0.4211008707960896,0.0,0.0,0.0,0.0,0.0,0.0,0.0,0.0,0.0,0.4939999999999998,16.9,Normal,Normal,Normal
2026-03-07 03:00:00,oxygen_stress,6.93,25.76,5.42,0.07,0.059,43.64,1.747,868.5,99.0,24.37,85.96,60.0,0.7071067811865476,0.7071067811865476,0.9070138128026359,0.4211008707960896,0.0,0.0,0.0,0.0,0.0,0.0,0.0,0.0,0.0,0.5959999999999994,20.4,Normal,Normal,Normal
2026-03-07 04:00:00,oxygen_stress,6.93,25.71,5.54,0.079,0.058,43.35,1.746,859.0,99.0,24.34,89.16,38.0,0.8660254037844386,0.5000000000000001,0.9070138128026359,0.4211008707960896,0.0,0.0,0.0,0.0,0.0,0.0,0.0,0.0,0.0,0.9159999999999997,31.4,Warning,Normal,Normal
2026-03-07 05:00:00,oxygen_stress,6.94,25.75,5.88,0.08,0.053,42.96,1.734,874.4,99.0,25.15,85.43,43.0,0.9659258262890683,0.25881904510252074,0.9070138128026359,0.4211008707960896,0.0,0.0,0.0,0.0,0.0,0.0,0.0,0.0,0.0,0.5430000000000007,18.6,Normal,Normal,Normal
2026-03-07 06:00:00,oxygen_stress,6.95,25.78,6.02,0.083,0.068,43.23,1.765,867.0,99.0,25.52,88.4,102.0,1.0,6.123233995736766e-17,0.9070138128026359,0.4211008707960896,0.0,0.0,0.0,0.0,0.0,0.0,0.0,0.0,0.0,0.8400000000000005,28.8,Normal,Normal,Normal
2026-03-07 07:00:00,oxygen_stress,6.95,25.7,6.24,0.21,0.05,43.5,1.772,890.8,99.0,25.49,82.71,3409.0,0.9659258262890683,-0.25881904510252063,0.9070138128026359,0.4211008707960896,0.0,0.0,0.0,0.0,0.0,0.0,0.0,0.0,0.0,0.27099999999999935,9.3,Normal,Normal,Normal
2026-03-07 08:00:00,oxygen_stress,6.94,25.8,6.52,0.161,0.066,43.24,1.74,875.5,99.0,26.88,81.68,9184.0,0.8660254037844387,-0.4999999999999998,0.9070138128026359,0.4211008707960896,0.0,0.0,0.0,0.0,0.0,0.0,0.0,0.0,0.0,0.16800000000000068,5.8,Normal,Normal,Normal
2026-03-07 09:00:00,oxygen_stress,6.95,25.77,6.64,0.149,0.074,43.77,1.746,880.0,99.0,28.67,73.56,16755.0,0.7071067811865476,-0.7071067811865475,0.9070138128026359,0.4211008707960896,0.0,0.0,0.0,0.0,0.0,0.0,0.0,0.0,0.0,0.0,0.0,Normal,Normal,Normal
2026-03-07 10:00:00,oxygen_stress,6.96,25.85,6.89,0.146,0.078,43.38,1.75,858.2,99.0,29.5,74.67,23794.0,0.49999999999999994,-0.8660254037844387,0.9070138128026359,0.4211008707960896,0.0,0.0,0.0,0.0,0.0,0.0,0.0,0.0,0.0,0.0,0.0,Normal,Normal,Normal
2026-03-07 11:00:00,oxygen_stress,6.96,26.02,7.18,0.141,0.058,43.37,1.777,876.7,99.0,29.89,74.76,26860.0,0.258819045102521,-0.9659258262890682,0.9070138128026359,0.4211008707960896,0.0,0.0,0.0,0.0,0.0,0.0,0.0,0.0,0.0,0.0,0.0,Normal,Normal,Normal
2026-03-07 12:00:00,oxygen_stress,6.97,26.11,7.27,0.133,0.064,43.48,1.772,889.8,99.0,30.66,73.06,27936.0,1.2246467991473532e-16,-1.0,0.9070138128026359,0.4211008707960896,0.0,0.0,0.0,0.0,0.0,0.0,0.0,0.0,0.0,0.0,0.0,Normal,Normal,Normal
2026-03-07 13:00:00,normal,6.97,26.2,7.01,0.113,0.056,43.34,1.788,890.1,99.0,30.24,76.06,31381.0,-0.2588190451025208,-0.9659258262890683,0.9070138128026359,0.4211008707960896,0.0,0.0,0.0,0.0,0.0,0.0,0.0,0.0,0.0,0.0,0.0,Normal,Normal,Normal
2026-03-07 14:00:00,normal,6.96,26.25,7.3,0.084,0.055,43.33,1.756,886.1,99.0,28.99,75.19,26407.0,-0.4999999999999997,-0.8660254037844388,0.9070138128026359,0.4211008707960896,0.0,0.0,0.0,0.0,0.0,0.0,0.0,0.0,0.0,0.0,0.0,Normal,Normal,Normal
2026-03-07 15:00:00,normal,6.96,26.31,7.38,0.095,0.048,43.27,1.772,901.5,99.0,28.06,77.84,19719.0,-0.7071067811865471,-0.7071067811865479,0.9070138128026359,0.4211008707960896,0.0,0.0,0.0,0.0,0.0075,0.0,0.0,0.0,0.0,0.0,0.5,Normal,Normal,Normal
2026-03-07 16:00:00,normal,6.95,26.31,7.38,0.104,0.06,43.77,1.779,882.0,99.0,26.41,80.46,11533.0,-0.8660254037844385,-0.5000000000000004,0.9070138128026359,0.4211008707960896,0.0,0.0,0.0,0.0,0.0,0.0,0.0,0.0,0.0,0.045999999999999375,1.6,Normal,Normal,Normal
2026-03-07 17:00:00,normal,6.95,26.28,7.67,0.186,0.057,43.57,1.755,895.3,99.0,24.66,82.0,3713.0,-0.9659258262890683,-0.25881904510252063,0.9070138128026359,0.4211008707960896,0.0,0.0,0.0,0.0,0.0,0.0,0.0,0.0,0.0,0.2,6.9,Normal,Normal,Normal
2026-03-07 18:00:00,normal,6.95,26.19,7.67,0.183,0.06,43.75,1.77,878.7,99.0,23.69,83.16,1105.0,-1.0,-1.8369701987210297e-16,0.9070138128026359,0.4211008707960896,0.0,0.0,0.0,0.0,0.0,0.0,0.0,0.0,0.0,0.31599999999999967,10.8,Normal,Normal,Normal
2026-03-07 19:00:00,normal,6.97,26.09,7.6,0.136,0.072,43.16,1.766,875.2,99.0,24.58,87.81,11.0,-0.9659258262890684,0.2588190451025203,0.9070138128026359,0.4211008707960896,0.0,0.0,0.0,0.0,0.0,0.0,0.0,0.0,0.0,0.7810000000000002,26.8,Normal,Normal,Normal
2026-03-07 20:00:00,normal,6.97,25.95,7.62,0.116,0.063,43.61,1.772,887.6,99.0,24.21,88.57,31.0,-0.8660254037844386,0.5000000000000001,0.9070138128026359,0.4211008707960896,0.0,0.0,0.0,0.0,0.0,0.0,0.0,0.0,0.0,0.8569999999999993,29.4,Normal,Normal,Normal
2026-03-07 21:00:00,normal,6.95,25.88,7.64,0.09,0.056,43.27,1.765,878.3,99.0,24.51,88.69,62.0,-0.7071067811865477,0.7071067811865474,0.9070138128026359,0.4211008707960896,0.0,0.0,0.0,0.0,0.0,0.0,0.0,0.0,0.0,0.8689999999999998,29.8,Normal,Normal,Normal
2026-03-07 22:00:00,normal,6.93,25.79,7.6,0.091,0.06,42.31,1.801,894.5,99.0,22.83,90.89,83.0,-0.5000000000000004,0.8660254037844384,0.9070138128026359,0.4211008707960896,0.0,0.0,0.0,0.0,0.002499999999999724,0.0,0.0,0.0,0.0,1.0,34.3,Warning,Normal,Normal
2026-03-07 23:00:00,normal,6.92,25.67,7.76,0.094,0.049,42.87,1.765,883.9,99.0,23.17,89.63,47.0,-0.25881904510252157,0.9659258262890681,0.9070138128026359,0.4211008707960896,0.0,0.0,0.0,0.0,0.0,0.0,0.0,0.0,0.0,0.9629999999999995,33.0,Warning,Normal,Normal
2026-03-08 00:00:00,normal,6.92,25.59,7.77,0.107,0.052,43.19,1.774,873.4,99.0,23.62,90.63,31.0,0.0,1.0,0.9141279881853337,0.40542572835999735,0.0,0.0,0.0,0.0,0.0,0.0,0.0,0.0,0.0,1.0,34.3,Warning,Normal,Normal
2026-03-08 01:00:00,normal,6.93,25.56,7.65,0.097,0.052,42.75,1.776,875.2,99.0,24.27,84.29,71.0,0.25881904510252074,0.9659258262890683,0.9141279881853337,0.40542572835999735,0.0,0.0,0.0,0.0,0.0,0.0,0.0,0.0,0.0,0.4290000000000006,14.7,Normal,Normal,Normal
2026-03-08 02:00:00,normal,6.93,25.5,7.57,0.096,0.056,42.4,1.738,864.1,99.0,23.31,87.47,71.0,0.49999999999999994,0.8660254037844387,0.9141279881853337,0.40542572835999735,0.0,0.0,0.0,0.0,0.0,0.0,0.0,0.0,0.0,0.7469999999999999,25.6,Normal,Normal,Normal
2026-03-08 03:00:00,normal,6.93,25.56,7.71,0.103,0.068,42.37,1.754,885.7,99.0,23.99,87.62,73.0,0.7071067811865476,0.7071067811865476,0.9141279881853337,0.40542572835999735,0.0,0.0,0.0,0.0,0.0,0.0,0.0,0.0,0.0,0.7620000000000005,26.1,Normal,Normal,Normal
2026-03-08 04:00:00,fish_stress_combo,6.92,25.85,7.47,0.129,0.086,42.58,1.72,868.3,99.0,23.41,87.33,36.0,0.8660254037844386,0.5000000000000001,0.9141279881853337,0.40542572835999735,0.0,0.0,0.0,0.0,0.0,0.0,0.0,0.0,0.0,0.7329999999999999,25.1,Normal,Normal,Normal
2026-03-08 05:00:00,fish_stress_combo,6.94,26.08,7.33,0.176,0.093,42.18,1.73,872.7,99.0,25.14,84.37,22.0,0.9659258262890683,0.25881904510252074,0.9141279881853337,0.40542572835999735,0.0,0.0,0.0,0.0,0.0,0.0,0.0,0.0,0.0,0.43700000000000044,15.0,Normal,Normal,Normal
2026-03-08 06:00:00,fish_stress_combo,6.93,26.45,7.16,0.202,0.113,42.0,1.747,863.9,99.0,24.96,87.33,23.0,1.0,6.123233995736766e-17,0.9141279881853337,0.40542572835999735,0.0,0.0,0.0,0.0,0.0,0.0,0.0,0.0,0.0,0.7329999999999999,25.1,Normal,Normal,Normal
2026-03-08 07:00:00,fish_stress_combo,6.94,26.72,6.86,0.368,0.146,42.32,1.741,872.8,99.0,25.79,78.54,5235.0,0.9659258262890683,-0.25881904510252063,0.9141279881853337,0.40542572835999735,0.0,0.0,0.0,0.0,0.0,0.0,0.0,0.0,0.0,0.0,0.0,Normal,Normal,Normal
2026-03-08 08:00:00,fish_stress_combo,6.93,27.11,6.35,0.333,0.167,42.32,1.762,888.2,99.0,27.9,73.24,11966.0,0.8660254037844387,-0.4999999999999998,0.9141279881853337,0.40542572835999735,0.0,0.0,0.0,0.0,0.0,0.0,0.0,0.0,0.0,0.0,0.0,Normal,Normal,Normal
2026-03-08 09:00:00,fish_stress_combo,6.95,27.55,6.15,0.333,0.174,42.6,1.739,872.0,99.0,29.96,68.96,19729.0,0.7071067811865476,-0.7071067811865475,0.9141279881853337,0.40542572835999735,0.0,0.0,0.0,0.0,0.0,0.0,0.0,0.0,0.0,0.0,0.0,Normal,Normal,Normal
2026-03-08 10:00:00,fish_stress_combo,6.96,27.94,5.72,0.327,0.202,42.22,1.764,863.9,99.0,31.7,68.15,26365.0,0.49999999999999994,-0.8660254037844387,0.9141279881853337,0.40542572835999735,0.0,0.0,0.0,0.0,0.0,0.0,0.0,0.0,0.0,0.0,0.0,Normal,Normal,Normal
2026-03-08 11:00:00,fish_stress_combo,6.96,28.32,5.55,0.329,0.213,42.26,1.749,859.9,99.0,33.58,62.61,30686.0,0.258819045102521,-0.9659258262890682,0.9141279881853337,0.40542572835999735,0.0,0.0,0.0,0.0,0.0,0.0,0.0,0.0,0.0,0.5266666666666661,18.1,Normal,Normal,Normal
2026-03-08 12:00:00,fish_stress_combo,6.95,28.67,5.34,0.354,0.24,42.25,1.729,858.7,99.0,33.57,61.29,33740.0,1.2246467991473532e-16,-1.0,0.9141279881853337,0.40542572835999735,0.0,0.0,0.0,0.0,0.0,0.0,0.0,0.0,0.0,0.5233333333333334,18.0,Normal,Normal,Normal
2026-03-08 13:00:00,fish_stress_combo,6.95,29.01,4.91,0.362,0.26,41.8,1.716,855.0,99.0,33.54,60.1,34867.0,-0.2588190451025208,-0.9659258262890683,0.9141279881853337,0.40542572835999735,0.0,0.08999999999999986,0.0,0.0,0.0,0.0,0.0,0.0,0.026999999999999958,0.5133333333333331,18.0,Normal,Normal,Normal
2026-03-08 14:00:00,fish_stress_combo,6.98,29.38,4.92,0.368,0.267,42.13,1.733,872.5,99.0,32.95,61.03,29462.0,-0.4999999999999997,-0.8660254037844388,0.9141279881853337,0.40542572835999735,0.0,0.08000000000000007,0.0,0.0,0.0,0.0,0.0,0.0,0.02400000000000002,0.3166666666666676,11.2,Normal,Normal,Normal
2026-03-08 15:00:00,fish_stress_combo,6.99,29.65,4.7,0.398,0.307,41.99,1.745,877.5,99.0,32.18,61.37,21745.0,-0.7071067811865471,-0.7071067811865479,0.9141279881853337,0.40542572835999735,0.0,0.2999999999999998,0.0,0.0,0.0,0.0,0.0,0.0,0.08999999999999994,0.05999999999999991,23.9,Normal,Normal,Normal
2026-03-08 16:00:00,fish_stress_combo,6.98,29.83,4.58,0.408,0.337,41.68,1.712,861.0,99.0,31.36,61.06,12842.0,-0.8660254037844385,-0.5000000000000004,0.9141279881853337,0.40542572835999735,0.0,0.41999999999999993,0.0,0.0,0.0,0.0,0.0,0.0,0.12599999999999997,0.0,33.4,Warning,Normal,Normal
2026-03-08 17:00:00,fish_stress_combo,6.97,30.02,4.15,0.568,0.362,42.12,1.738,861.8,99.0,29.66,62.22,3948.0,-0.9659258262890683,-0.25881904510252063,0.9141279881853337,0.40542572835999735,0.0,0.8499999999999996,0.1359999999999999,0.0,0.0,0.0,0.0,0.009999999999999787,0.46439999999999987,0.0,68.8,Warning,Normal,Normal
2026-03-08 18:00:00,fish_stress_combo,6.98,30.13,3.84,0.541,0.364,42.1,1.755,890.0,99.0,29.73,63.68,15.0,-1.0,-1.8369701987210297e-16,0.9141279881853337,0.40542572835999735,0.0,1.0,0.08200000000000007,0.0,0.0,0.0,0.0,0.0649999999999995,0.5106999999999999,0.0,80.7,Critical,DO rendah,DO rendah
2026-03-08 19:00:00,fish_stress_combo,6.97,30.2,3.82,0.528,0.386,42.37,1.738,853.5,99.0,29.57,69.25,30.0,-0.9659258262890684,0.2588190451025203,0.9141279881853337,0.40542572835999735,0.0,1.0,0.05600000000000005,0.0,0.0,0.0,0.0,0.09999999999999964,0.5131999999999999,0.0,80.7,Critical,DO rendah,DO rendah
2026-03-08 20:00:00,fish_stress_combo,6.98,30.2,3.79,0.525,0.408,41.45,1.708,856.7,99.0,29.47,69.67,63.0,-0.8660254037844386,0.5000000000000001,0.9141279881853337,0.40542572835999735,0.0,1.0,0.050000000000000044,0.0,0.0,0.0,0.0,0.09999999999999964,0.5119999999999999,0.0,80.7,Critical,DO rendah,DO rendah
2026-03-08 21:00:00,fish_stress_combo,6.98,30.32,3.74,0.526,0.411,42.65,1.707,844.9,99.0,30.25,66.2,38.0,-0.7071067811865477,0.7071067811865474,0.9141279881853337,0.40542572835999735,0.0,1.0,0.052000000000000046,0.0,0.0,0.0,0.0,0.16000000000000014,0.5256000000000001,0.0,80.9,Critical,DO rendah,DO rendah
2026-03-08 22:00:00,fish_stress_combo,6.97,30.39,3.67,0.528,0.437,42.83,1.734,854.6,99.0,30.2,68.72,14.0,-0.5000000000000004,0.8660254037844384,0.9141279881853337,0.40542572835999735,0.0,1.0,0.05600000000000005,0.0,0.0,0.0,0.0,0.19500000000000028,0.5341,0.0,81.0,Critical,DO rendah,DO rendah
2026-03-08 23:00:00,fish_stress_combo,6.98,30.4,3.77,0.518,0.44,42.67,1.731,852.3,99.0,30.09,68.49,70.0,-0.25881904510252157,0.9659258262890681,0.9141279881853337,0.40542572835999735,0.0,1.0,0.03600000000000003,0.0,0.0,0.0,0.0,0.1999999999999993,0.5311999999999999,0.0,81.0,Critical,DO rendah,DO rendah
2026-03-09 00:00:00,fish_stress_combo,6.99,30.39,3.66,0.513,0.449,43.33,1.711,873.2,99.0,30.42,65.39,74.0,0.0,1.0,0.9209712877166346,0.38963044953078796,0.0,1.0,0.026000000000000023,0.0,0.0,0.0,0.0,0.19500000000000028,0.5281,0.0,80.9,Critical,DO rendah,DO rendah
2026-03-09 01:00:00,fish_stress_combo,6.96,30.46,3.5,0.52,0.445,42.08,1.745,855.8,99.0,29.85,67.6,39.0,0.25881904510252074,0.9659258262890683,0.9209712877166346,0.38963044953078796,0.0,1.0,0.040000000000000036,0.0,0.0,0.0,0.0,0.23000000000000043,0.5386000000000001,0.0,81.1,Critical,DO rendah,DO rendah
2026-03-09 02:00:00,fish_stress_combo,6.96,30.49,3.55,0.498,0.452,42.62,1.7,845.4,99.0,30.05,67.02,36.0,0.49999999999999994,0.8660254037844387,0.9209712877166346,0.38963044953078796,0.0,1.0,0.0,0.0,0.0,0.0,0.0,0.24499999999999922,0.5338999999999998,0.0,81.0,Critical,DO rendah,DO rendah
2026-03-09 03:00:00,fish_stress_combo,6.97,30.48,3.36,0.487,0.454,42.57,1.697,855.8,99.0,29.43,65.78,31.0,0.7071067811865476,0.7071067811865476,0.9209712877166346,0.38963044953078796,0.0,1.0,0.0,0.0,0.0,0.0,0.0,0.2400000000000002,0.5328,0.0,81.0,Critical,DO rendah,DO rendah
2026-03-09 04:00:00,fish_stress_combo,6.97,30.52,3.6,0.472,0.46,42.71,1.678,822.3,99.0,30.37,64.54,37.0,0.8660254037844386,0.5000000000000001,0.9209712877166346,0.38963044953078796,0.0,1.0,0.0,0.0,0.0,0.0,0.0,0.2599999999999998,0.5371999999999999,0.0,81.0,Critical,DO rendah,DO rendah
2026-03-09 05:00:00,fish_stress_combo,6.97,30.42,3.68,0.481,0.464,42.7,1.674,837.7,99.0,30.11,67.3,71.0,0.9659258262890683,0.25881904510252074,0.9209712877166346,0.38963044953078796,0.0,1.0,0.0,0.0,0.0,0.0,0.0,0.21000000000000085,0.5262000000000002,0.0,80.9,Critical,DO rendah,DO rendah
2026-03-09 06:00:00,fish_stress_combo,6.95,30.42,3.58,0.48,0.453,42.25,1.699,851.7,99.0,29.76,69.53,61.0,1.0,6.123233995736766e-17,0.9209712877166346,0.38963044953078796,0.0,1.0,0.0,0.0,0.0,0.0,0.0,0.21000000000000085,0.5262000000000002,0.0,80.9,Critical,DO rendah,DO rendah
2026-03-09 07:00:00,fish_stress_combo,6.94,30.31,3.73,0.602,0.455,42.42,1.667,833.8,99.0,30.36,63.0,4691.0,0.9659258262890683,-0.25881904510252063,0.9209712877166346,0.38963044953078796,0.0,1.0,0.20399999999999996,0.0,0.0,0.0,0.0,0.15499999999999936,0.5548999999999998,0.0,81.5,Critical,DO rendah,DO rendah
2026-03-09 08:00:00,fish_stress_combo,6.94,30.16,3.57,0.573,0.465,42.62,1.671,817.9,99.0,31.32,57.64,12487.0,0.8660254037844387,-0.4999999999999998,0.9209712877166346,0.38963044953078796,0.0,1.0,0.1459999999999999,0.0,0.0,0.0,0.0,0.08000000000000007,0.5267999999999999,0.0,81.0,Critical,DO rendah,DO rendah
2026-03-09 09:00:00,fish_stress_combo,6.93,30.06,3.6,0.533,0.454,42.63,1.661,826.6,99.0,32.2,57.24,21055.0,0.7071067811865476,-0.7071067811865475,0.9209712877166346,0.38963044953078796,0.0,1.0,0.06600000000000006,0.0,0.0,0.0,0.0,0.02999999999999936,0.49979999999999986,0.06666666666666761,80.6,Critical,DO rendah,DO rendah
2026-03-09 10:00:00,fish_stress_combo,6.91,29.95,3.69,0.503,0.457,42.3,1.656,829.4,99.0,33.6,54.74,29643.0,0.49999999999999994,-0.8660254037844387,0.9209712877166346,0.38963044953078796,0.0,1.0,0.006000000000000005,0.0,0.0,0.0,0.0,0.0,0.30119999999999997,0.5333333333333338,79.8,Critical,DO rendah,DO rendah
2026-03-09 11:00:00,fish_stress_combo,6.92,29.98,3.58,0.481,0.44,42.34,1.663,833.7,99.0,34.26,56.67,34831.0,0.258819045102521,-0.9659258262890682,0.9209712877166346,0.38963044953078796,0.0,1.0,0.0,0.0,0.0,0.0,0.0,0.0,0.3,0.7533333333333326,79.9,Critical,DO rendah,DO rendah
2026-03-09 12:00:00,fish_stress_combo,6.89,29.95,3.77,0.451,0.435,42.27,1.658,837.6,99.0,34.69,53.73,36895.0,1.2246467991473532e-16,-1.0,0.9209712877166346,0.38963044953078796,0.0,1.0,0.0,0.0,0.0,0.0,0.0,0.0,0.3,0.896666666666666,80.0,Critical,DO rendah,DO rendah
2026-03-09 13:00:00,fish_stress_combo,6.9,29.84,4.44,0.47,0.406,42.33,1.661,833.6,99.0,34.1,59.21,26701.0,-0.2588190451025208,-0.9659258262890683,0.9209712877166346,0.38963044953078796,0.0,0.5599999999999996,0.0,0.0,0.0,0.0,0.0,0.0,0.16799999999999987,0.7000000000000005,44.9,Warning,Normal,Normal
2026-03-09 14:00:00,fish_stress_combo,6.9,29.63,4.57,0.394,0.386,41.92,1.689,850.5,99.0,32.94,59.98,22732.0,-0.4999999999999997,-0.8660254037844388,0.9209712877166346,0.38963044953078796,0.0,0.4299999999999997,0.0,0.0,0.0,0.0,0.0,0.0,0.12899999999999992,0.3133333333333326,34.4,Warning,Normal,Normal
2026-03-09 15:00:00,fish_stress_combo,6.89,29.44,4.8,0.401,0.385,42.07,1.686,845.8,99.0,31.25,62.12,16505.0,-0.7071067811865471,-0.7071067811865479,0.9209712877166346,0.38963044953078796,0.0,0.20000000000000018,0.0,0.0,0.0,0.0,0.0,0.0,0.06000000000000005,0.0,15.9,Normal,Normal,Normal
2026-03-09 16:00:00,fish_stress_combo,6.91,29.2,5.1,0.36,0.363,41.94,1.694,849.0,99.0,29.02,66.1,10017.0,-0.8660254037844385,-0.5000000000000004,0.9209712877166346,0.38963044953078796,0.0,0.0,0.0,0.0,0.0,0.0,0.0,0.0,0.0,0.0,0.0,Normal,Normal,Normal
2026-03-09 17:00:00,fish_stress_combo,6.93,28.89,4.94,0.488,0.36,42.11,1.719,850.1,99.0,27.66,69.04,3213.0,-0.9659258262890683,-0.25881904510252063,0.9209712877166346,0.38963044953078796,0.0,0.05999999999999961,0.0,0.0,0.0,0.0,0.0,0.0,0.01799999999999988,0.0,4.8,Normal,Normal,Normal
2026-03-09 18:00:00,fish_stress_combo,6.93,28.59,5.67,0.431,0.337,43.37,1.71,856.1,99.0,26.9,69.93,0.0,-1.0,-1.8369701987210297e-16,0.9209712877166346,0.38963044953078796,0.0,0.0,0.0,0.0,0.0,0.0,0.0,0.0,0.0,0.0,0.0,Normal,Normal,Normal
2026-03-09 19:00:00,fish_stress_combo,6.92,28.2,5.65,0.383,0.325,42.43,1.704,860.1,99.0,25.95,77.97,24.0,-0.9659258262890684,0.2588190451025203,0.9209712877166346,0.38963044953078796,0.0,0.0,0.0,0.0,0.0,0.0,0.0,0.0,0.0,0.0,0.0,Normal,Normal,Normal
2026-03-09 20:00:00,feeding_ammonia,6.93,27.86,6.1,0.437,0.294,42.29,1.714,855.1,99.0,25.43,79.63,39.0,-0.8660254037844386,0.5000000000000001,0.9209712877166346,0.38963044953078796,0.0,0.0,0.0,0.0,0.0,0.0,0.0,0.0,0.0,0.0,0.0,Normal,Normal,Normal
2026-03-09 21:00:00,feeding_ammonia,6.92,27.52,5.83,0.496,0.28,43.34,1.701,849.6,99.0,24.86,82.02,45.0,-0.7071067811865477,0.7071067811865474,0.9209712877166346,0.38963044953078796,0.0,0.0,0.0,0.0,0.0,0.0,0.0,0.0,0.0,0.2019999999999996,6.9,Normal,Normal,Normal
2026-03-09 22:00:00,feeding_ammonia,6.93,27.08,6.21,0.563,0.242,42.75,1.721,851.7,99.0,24.65,82.35,54.0,-0.5000000000000004,0.8660254037844384,0.9209712877166346,0.38963044953078796,0.0,0.0,0.1259999999999999,0.0,0.0,0.0,0.0,0.0,0.02519999999999998,0.23499999999999943,10.1,Normal,Normal,Normal
2026-03-09 23:00:00,feeding_ammonia,6.93,26.67,6.36,0.634,0.222,42.74,1.71,876.6,99.0,23.5,84.39,57.0,-0.25881904510252157,0.9659258262890681,0.9209712877166346,0.38963044953078796,0.0,0.0,0.268,0.0,0.0,0.0,0.0,0.0,0.05360000000000001,0.43900000000000006,21.4,Normal,Normal,Normal
2026-03-10 00:00:00,feeding_ammonia,6.93,26.36,6.65,0.68,0.196,42.79,1.723,864.1,99.0,24.4,84.59,64.0,0.0,1.0,0.9275416835791966,0.37371971479046906,0.0,0.0,0.3600000000000001,0.0,0.0,0.0,0.0,0.0,0.07200000000000002,0.45900000000000035,28.7,Normal,Normal,Normal
2026-03-10 01:00:00,feeding_ammonia,6.92,25.93,6.86,0.731,0.174,43.05,1.714,852.7,99.0,23.71,87.11,36.0,0.25881904510252074,0.9659258262890683,0.9275416835791966,0.37371971479046906,0.0,0.0,0.46199999999999997,0.0,0.0,0.0,0.0,0.0,0.0924,0.711,36.9,Warning,Normal,Normal
2026-03-10 02:00:00,feeding_ammonia,6.91,25.53,7.22,0.762,0.137,43.48,1.685,854.8,99.0,23.1,88.91,18.0,0.49999999999999994,0.8660254037844387,0.9275416835791966,0.37371971479046906,0.0,0.0,0.524,0.0,0.0,0.0,0.0,0.0,0.1048,0.8909999999999997,41.9,Warning,Normal,Normal
2026-03-10 03:00:00,feeding_ammonia,6.91,25.24,7.4,0.79,0.106,43.13,1.715,860.3,99.0,23.22,88.86,34.0,0.7071067811865476,0.7071067811865476,0.9275416835791966,0.37371971479046906,0.0,0.0,0.5800000000000001,0.0,0.0,0.0,0.0,0.0,0.11600000000000002,0.8859999999999999,46.3,Warning,Normal,Normal
2026-03-10 04:00:00,feeding_ammonia,6.91,25.3,7.49,0.811,0.126,42.45,1.715,860.9,99.0,22.12,87.01,40.0,0.8660254037844386,0.5000000000000001,0.9275416835791966,0.37371971479046906,0.0,0.0,0.6220000000000001,0.0,0.0,0.0,0.0,0.0,0.12440000000000002,0.7010000000000005,49.5,Warning,Normal,Normal
2026-03-10 05:00:00,feeding_ammonia,6.9,25.31,7.35,0.826,0.165,43.31,1.725,856.6,99.0,22.33,89.99,53.0,0.9659258262890683,0.25881904510252074,0.9275416835791966,0.37371971479046906,0.0,0.0,0.6519999999999999,0.0,0.0,0.0,0.0,0.0,0.1304,0.9989999999999994,52.1,Warning,Normal,Normal
2026-03-10 06:00:00,feeding_ammonia,6.9,25.25,7.34,0.811,0.184,43.16,1.737,857.7,99.0,22.34,90.16,53.0,1.0,6.123233995736766e-17,0.9275416835791966,0.37371971479046906,0.0,0.0,0.6220000000000001,0.0,0.0,0.0,0.0,0.0,0.12440000000000002,1.0,49.7,Warning,Normal,Normal
2026-03-10 07:00:00,feeding_ammonia,6.9,25.22,7.38,0.926,0.218,42.37,1.741,863.9,99.0,23.24,81.37,2968.0,0.9659258262890683,-0.25881904510252063,0.9275416835791966,0.37371971479046906,0.0,0.0,0.8520000000000001,0.0,0.0,0.0,0.0,0.0,0.17040000000000002,0.13700000000000045,67.4,Warning,Amonia tinggi,Amonia tinggi
2026-03-10 08:00:00,feeding_ammonia,6.89,25.29,7.2,0.872,0.231,42.74,1.735,876.4,99.0,24.17,82.83,10213.0,0.8660254037844387,-0.4999999999999998,0.9275416835791966,0.37371971479046906,0.0,0.0,0.744,0.0,0.0,0.0,0.0,0.0,0.14880000000000002,0.2829999999999998,58.9,Warning,Normal,Normal
2026-03-10 09:00:00,feeding_ammonia,6.88,25.29,7.09,0.802,0.245,43.0,1.735,868.0,99.0,26.35,79.46,16569.0,0.7071067811865476,-0.7071067811865475,0.9275416835791966,0.37371971479046906,0.0,0.0,0.6040000000000001,0.0,0.0,0.0,0.0,0.0,0.12080000000000002,0.0,47.7,Warning,Normal,Normal
2026-03-10 10:00:00,feeding_ammonia,6.89,25.39,7.1,0.724,0.245,41.89,1.747,867.6,99.0,27.17,77.31,23139.0,0.49999999999999994,-0.8660254037844387,0.9275416835791966,0.37371971479046906,0.0,0.0,0.44799999999999995,0.0,0.0,0.0,0.0,0.0,0.0896,0.0,35.4,Warning,Normal,Normal
2026-03-10 11:00:00,feeding_ammonia,6.9,25.49,6.87,0.618,0.253,42.23,1.712,885.2,99.0,28.18,77.39,27020.0,0.258819045102521,-0.9659258262890682,0.9275416835791966,0.37371971479046906,0.0,0.0,0.236,0.0,0.0,0.0,0.0,0.0,0.0472,0.0,18.6,Normal,Normal,Normal
2026-03-10 12:00:00,feeding_ammonia,6.9,25.6,6.79,0.544,0.254,42.59,1.739,868.0,99.0,28.2,76.67,28491.0,1.2246467991473532e-16,-1.0,0.9275416835791966,0.37371971479046906,0.0,0.0,0.08800000000000008,0.0,0.0,0.0,0.0,0.0,0.017600000000000015,0.0,7.0,Normal,Normal,Normal
2026-03-10 13:00:00,feeding_ammonia,6.89,25.83,7.2,0.452,0.266,41.27,1.71,845.9,99.0,28.76,77.09,29082.0,-0.2588190451025208,-0.9659258262890683,0.9275416835791966,0.37371971479046906,0.0,0.0,0.0,0.0,0.0,0.0,0.0,0.0,0.0,0.0,0.0,Normal,Normal,Normal
2026-03-10 14:00:00,feeding_ammonia,6.88,25.95,7.26,0.346,0.266,41.81,1.684,847.8,99.0,27.64,74.9,23804.0,-0.4999999999999997,-0.8660254037844388,0.9275416835791966,0.37371971479046906,0.0,0.0,0.0,0.0,0.0,0.0,0.0,0.0,0.0,0.0,0.0,Normal,Normal,Normal
2026-03-10 15:00:00,feeding_ammonia,6.88,25.96,7.17,0.205,0.262,42.28,1.714,855.3,99.0,26.75,78.06,17686.0,-0.7071067811865471,-0.7071067811865479,0.9275416835791966,0.37371971479046906,0.0,0.0,0.0,0.0,0.0,0.0,0.0,0.0,0.0,0.0,0.0,Normal,Normal,Normal
2026-03-10 16:00:00,feeding_ammonia,6.85,25.87,7.29,0.079,0.253,42.43,1.735,858.1,99.0,23.85,81.02,10184.0,-0.8660254037844385,-0.5000000000000004,0.9275416835791966,0.37371971479046906,0.0,0.0,0.0,0.0,0.0,0.0,0.0,0.0,0.0,0.1019999999999996,3.5,Normal,Normal,Normal
2026-03-10 17:00:00,normal,6.84,25.76,7.63,0.22,0.237,42.16,1.696,859.0,99.0,23.1,84.71,4165.0,-0.9659258262890683,-0.25881904510252063,0.9275416835791966,0.37371971479046906,0.0,0.0,0.0,0.0,0.0,0.0,0.0,0.0,0.0,0.47099999999999936,16.2,Normal,Normal,Normal
2026-03-10 18:00:00,normal,6.81,25.69,7.66,0.196,0.235,42.5,1.703,851.4,99.0,22.32,83.83,0.0,-1.0,-1.8369701987210297e-16,0.9275416835791966,0.37371971479046906,0.0,0.0,0.0,0.0,0.0,0.0,0.0,0.0,0.0,0.38299999999999984,13.1,Normal,Normal,Normal
2026-03-10 19:00:00,normal,6.82,25.54,7.75,0.162,0.196,42.13,1.707,850.4,99.0,22.89,88.76,76.0,-0.9659258262890684,0.2588190451025203,0.9275416835791966,0.37371971479046906,0.0,0.0,0.0,0.0,0.0,0.0,0.0,0.0,0.0,0.8760000000000006,30.1,Warning,Normal,Normal
2026-03-10 20:00:00,normal,6.84,25.42,7.89,0.14,0.177,42.38,1.693,848.9,99.0,22.51,89.73,33.0,-0.8660254037844386,0.5000000000000001,0.9275416835791966,0.37371971479046906,0.0,0.0,0.0,0.0,0.0,0.0,0.0,0.0,0.0,0.9730000000000004,33.4,Warning,Normal,Normal
2026-03-10 21:00:00,normal,6.85,25.42,7.71,0.126,0.151,41.78,1.7,855.3,99.0,22.67,91.7,64.0,-0.7071067811865477,0.7071067811865474,0.9275416835791966,0.37371971479046906,0.0,0.0,0.0,0.0,0.0,0.0,0.0,0.0,0.0,1.0,34.3,Warning,Normal,Normal
2026-03-10 22:00:00,normal,6.84,25.41,7.74,0.119,0.115,42.35,1.73,853.5,99.0,22.26,89.57,13.0,-0.5000000000000004,0.8660254037844384,0.9275416835791966,0.37371971479046906,0.0,0.0,0.0,0.0,0.0,0.0,0.0,0.0,0.0,0.9569999999999993,32.8,Warning,Normal,Normal
2026-03-10 23:00:00,normal,6.86,25.29,7.75,0.115,0.084,42.55,1.743,879.0,99.0,22.19,89.83,0.0,-0.25881904510252157,0.9659258262890681,0.9275416835791966,0.37371971479046906,0.0,0.0,0.0,0.0,0.0,0.0,0.0,0.0,0.0,0.9829999999999999,33.7,Warning,Normal,Normal
2026-03-11 00:00:00,normal,6.87,25.23,7.8,0.108,0.061,42.42,1.744,867.9,99.0,22.29,89.29,89.0,0.0,1.0,0.9338372288229252,0.35769823883312546,0.0,0.0,0.0,0.0,0.0,0.0,0.0,0.0,0.0,0.9290000000000006,31.9,Warning,Normal,Normal
2026-03-11 01:00:00,normal,6.87,25.15,7.78,0.103,0.054,42.7,1.752,878.4,99.0,22.83,91.53,36.0,0.25881904510252074,0.9659258262890683,0.9338372288229252,0.35769823883312546,0.0,0.0,0.0,0.0,0.0,0.0,0.0,0.0,0.0,1.0,34.3,Warning,Normal,Normal
2026-03-11 02:00:00,normal,6.87,25.13,7.85,0.117,0.043,42.19,1.733,872.4,99.0,22.65,89.41,71.0,0.49999999999999994,0.8660254037844387,0.9338372288229252,0.35769823883312546,0.0,0.0,0.0,0.0,0.0,0.0,0.0,0.0,0.0,0.9409999999999996,32.3,Warning,Normal,Normal
2026-03-11 03:00:00,normal,6.88,25.1,7.8,0.102,0.057,42.72,1.744,851.8,99.0,22.49,90.44,68.0,0.7071067811865476,0.7071067811865476,0.9338372288229252,0.35769823883312546,0.0,0.0,0.0,0.0,0.0,0.0,0.0,0.0,0.0,1.0,34.3,Warning,Normal,Normal
2026-03-11 04:00:00,normal,6.88,25.12,7.8,0.082,0.054,42.32,1.726,880.7,99.0,22.49,88.91,21.0,0.8660254037844386,0.5000000000000001,0.9338372288229252,0.35769823883312546,0.0,0.0,0.0,0.0,0.0,0.0,0.0,0.0,0.0,0.8909999999999997,30.6,Warning,Normal,Normal
2026-03-11 05:00:00,normal,6.87,25.11,7.77,0.077,0.057,42.43,1.748,868.4,99.0,22.99,88.08,20.0,0.9659258262890683,0.25881904510252074,0.9338372288229252,0.35769823883312546,0.0,0.0,0.0,0.0,0.0,0.0,0.0,0.0,0.0,0.8079999999999998,27.7,Normal,Normal,Normal
2026-03-11 06:00:00,normal,6.88,25.05,7.7,0.066,0.074,42.97,1.719,878.3,99.0,22.68,89.98,10.0,1.0,6.123233995736766e-17,0.9338372288229252,0.35769823883312546,0.0,0.0,0.0,0.0,0.0,0.0,0.0,0.0,0.0,0.9980000000000004,34.2,Warning,Normal,Normal
2026-03-11 07:00:00,normal,6.89,25.1,7.81,0.203,0.063,42.24,1.754,878.3,99.0,23.68,78.96,4162.0,0.9659258262890683,-0.25881904510252063,0.9338372288229252,0.35769823883312546,0.0,0.0,0.0,0.0,0.0,0.0,0.0,0.0,0.0,0.0,0.0,Normal,Normal,Normal
2026-03-11 08:00:00,normal,6.89,25.07,7.77,0.187,0.048,42.71,1.764,881.9,99.0,24.81,81.5,9998.0,0.8660254037844387,-0.4999999999999998,0.9338372288229252,0.35769823883312546,0.0,0.0,0.0,0.0,0.0,0.0,0.0,0.0,0.0,0.15,5.1,Normal,Normal,Normal
2026-03-11 09:00:00,normal,6.89,25.1,7.63,0.172,0.076,42.59,1.762,895.6,99.0,26.4,76.84,17766.0,0.7071067811865476,-0.7071067811865475,0.9338372288229252,0.35769823883312546,0.0,0.0,0.0,0.0,0.0,0.0,0.0,0.0,0.0,0.0,0.0,Normal,Normal,Normal
2026-03-11 10:00:00,normal,6.89,25.24,7.55,0.162,0.067,42.25,1.806,912.7,99.0,27.34,77.04,24484.0,0.49999999999999994,-0.8660254037844387,0.9338372288229252,0.35769823883312546,0.0,0.0,0.0,0.0,0.06350000000000022,0.0,0.0,0.0,0.0,0.0,4.4,Normal,Normal,Normal
2026-03-11 11:00:00,normal,6.89,25.29,7.56,0.172,0.079,42.57,1.786,907.2,99.0,28.58,74.44,28136.0,0.258819045102521,-0.9659258262890682,0.9338372288229252,0.35769823883312546,0.0,0.0,0.0,0.0,0.036000000000000226,0.0,0.0,0.0,0.0,0.0,2.5,Normal,Normal,Normal
2026-03-11 12:00:00,normal,6.89,25.46,7.44,0.156,0.064,41.81,1.776,885.9,99.0,28.74,76.06,30811.0,1.2246467991473532e-16,-1.0,0.9338372288229252,0.35769823883312546,0.0,0.0,0.0,0.0,0.0,0.0,0.0,0.0,0.0,0.0,0.0,Normal,Normal,Normal
2026-03-11 13:00:00,normal,6.89,25.51,7.47,0.14,0.071,41.51,1.75,881.1,99.0,28.83,74.86,27558.0,-0.2588190451025208,-0.9659258262890683,0.9338372288229252,0.35769823883312546,0.0,0.0,0.0,0.0,0.0,0.0,0.0,0.0,0.0,0.0,0.0,Normal,Normal,Normal
2026-03-11 14:00:00,normal,6.89,25.61,7.35,0.12,0.075,41.39,1.758,886.4,99.0,27.48,77.37,22705.0,-0.4999999999999997,-0.8660254037844388,0.9338372288229252,0.35769823883312546,0.0,0.0,0.0,0.0,0.0,0.0,0.0,0.0,0.0,0.0,0.0,Normal,Normal,Normal
2026-03-11 15:00:00,normal,6.89,25.71,7.58,0.116,0.064,41.89,1.764,870.5,99.0,26.5,80.29,16192.0,-0.7071067811865471,-0.7071067811865479,0.9338372288229252,0.35769823883312546,0.0,0.0,0.0,0.0,0.0,0.0,0.0,0.0,0.0,0.029000000000000626,1.0,Normal,Normal,Normal
2026-03-11 16:00:00,normal,6.9,25.64,7.6,0.091,0.082,41.94,1.756,881.4,99.0,25.26,81.92,10242.0,-0.8660254037844385,-0.5000000000000004,0.9338372288229252,0.35769823883312546,0.0,0.0,0.0,0.0,0.0,0.0,0.0,0.0,0.0,0.19200000000000017,6.6,Normal,Normal,Normal
2026-03-11 17:00:00,normal,6.9,25.66,7.65,0.23,0.06,41.84,1.738,877.3,99.0,23.4,84.31,3955.0,-0.9659258262890683,-0.25881904510252063,0.9338372288229252,0.35769823883312546,0.0,0.0,0.0,0.0,0.0,0.0,0.0,0.0,0.0,0.4310000000000002,14.8,Normal,Normal,Normal
2026-03-11 18:00:00,normal,6.89,25.56,7.74,0.19,0.072,41.89,1.742,873.0,99.0,23.02,82.6,127.0,-1.0,-1.8369701987210297e-16,0.9338372288229252,0.35769823883312546,0.0,0.0,0.0,0.0,0.0,0.0,0.0,0.0,0.0,0.25999999999999945,8.9,Normal,Normal,Normal
2026-03-11 19:00:00,normal,6.89,25.52,7.73,0.172,0.07,41.67,1.729,870.7,99.0,23.29,86.46,38.0,-0.9659258262890684,0.2588190451025203,0.9338372288229252,0.35769823883312546,0.0,0.0,0.0,0.0,0.0,0.0,0.0,0.0,0.0,0.6459999999999994,22.2,Normal,Normal,Normal
2026-03-11 20:00:00,normal,6.87,25.52,7.82,0.132,0.071,42.1,1.725,872.8,99.0,22.55,88.63,45.0,-0.8660254037844386,0.5000000000000001,0.9338372288229252,0.35769823883312546,0.0,0.0,0.0,0.0,0.0,0.0,0.0,0.0,0.0,0.8629999999999995,29.6,Normal,Normal,Normal
2026-03-11 21:00:00,normal,6.88,25.4,7.9,0.129,0.066,41.47,1.722,857.8,99.0,22.55,88.99,37.0,-0.7071067811865477,0.7071067811865474,0.9338372288229252,0.35769823883312546,0.0,0.0,0.0,0.0,0.0,0.0,0.0,0.0,0.0,0.8989999999999995,30.8,Warning,Normal,Normal
2026-03-11 22:00:00,normal,6.89,25.47,7.75,0.136,0.071,41.81,1.732,861.8,99.0,22.73,92.76,35.0,-0.5000000000000004,0.8660254037844384,0.9338372288229252,0.35769823883312546,0.0,0.0,0.0,0.0,0.0,0.0,0.0,0.0,0.0,1.0,34.3,Warning,Normal,Normal
2026-03-11 23:00:00,normal,6.89,25.41,7.69,0.141,0.068,41.42,1.738,874.6,99.0,22.18,89.91,51.0,-0.25881904510252157,0.9659258262890681,0.9338372288229252,0.35769823883312546,0.0,0.0,0.0,0.0,0.0,0.0,0.0,0.0,0.0,0.9909999999999997,34.0,Warning,Normal,Normal
2026-03-12 00:00:00,normal,6.89,25.36,7.69,0.122,0.054,41.41,1.763,874.3,99.0,22.79,88.98,57.0,0.0,1.0,0.9398560579418954,0.3415707691678556,0.0,0.0,0.0,0.0,0.0,0.0,0.0,0.0,0.0,0.8980000000000004,30.8,Warning,Normal,Normal
2026-03-12 01:00:00,normal,6.89,25.28,7.71,0.129,0.063,41.58,1.753,885.7,99.0,22.51,89.67,19.0,0.25881904510252074,0.9659258262890683,0.9398560579418954,0.3415707691678556,0.0,0.0,0.0,0.0,0.0,0.0,0.0,0.0,0.0,0.9670000000000002,33.2,Warning,Normal,Normal
2026-03-12 02:00:00,biofilter_nitrite,6.89,25.2,7.89,0.141,0.103,41.69,1.727,869.2,99.0,22.98,87.92,88.0,0.49999999999999994,0.8660254037844387,0.9398560579418954,0.3415707691678556,0.0,0.0,0.0,0.0,0.0,0.0,0.0,0.0,0.0,0.7920000000000001,27.2,Normal,Normal,Normal
2026-03-12 03:00:00,biofilter_nitrite,6.9,25.16,7.75,0.131,0.138,41.75,1.717,868.6,99.0,23.56,89.31,43.0,0.7071067811865476,0.7071067811865476,0.9398560579418954,0.3415707691678556,0.0,0.0,0.0,0.0,0.0,0.0,0.0,0.0,0.0,0.9310000000000003,31.9,Warning,Normal,Normal
2026-03-12 04:00:00,biofilter_nitrite,6.89,25.11,7.84,0.142,0.198,41.92,1.706,862.8,99.0,23.7,87.88,80.0,0.8660254037844386,0.5000000000000001,0.9398560579418954,0.3415707691678556,0.0,0.0,0.0,0.0,0.0,0.0,0.0,0.0,0.0,0.7879999999999996,27.0,Normal,Normal,Normal
2026-03-12 05:00:00,biofilter_nitrite,6.87,25.13,7.74,0.138,0.238,41.72,1.705,852.4,99.0,22.93,90.24,93.0,0.9659258262890683,0.25881904510252074,0.9398560579418954,0.3415707691678556,0.0,0.0,0.0,0.0,0.0,0.0,0.0,0.0,0.0,1.0,34.3,Warning,Normal,Normal
2026-03-12 06:00:00,biofilter_nitrite,6.86,25.08,7.84,0.141,0.282,41.59,1.704,864.1,99.0,23.12,88.58,63.0,1.0,6.123233995736766e-17,0.9398560579418954,0.3415707691678556,0.0,0.0,0.0,0.0,0.0,0.0,0.0,0.0,0.0,0.8579999999999999,29.4,Normal,Normal,Normal
2026-03-12 07:00:00,biofilter_nitrite,6.88,25.17,7.62,0.299,0.333,41.64,1.716,844.5,99.0,24.32,82.2,3821.0,0.9659258262890683,-0.25881904510252063,0.9398560579418954,0.3415707691678556,0.0,0.0,0.0,0.0,0.0,0.0,0.0,0.0,0.0,0.22000000000000028,7.5,Normal,Normal,Normal
2026-03-12 08:00:00,biofilter_nitrite,6.88,25.19,7.35,0.28,0.383,41.76,1.68,848.9,99.0,25.63,77.55,9798.0,0.8660254037844387,-0.4999999999999998,0.9398560579418954,0.3415707691678556,0.0,0.0,0.0,0.0,0.0,0.0,0.0,0.0,0.0,0.0,0.0,Normal,Normal,Normal
2026-03-12 09:00:00,biofilter_nitrite,6.86,25.26,7.53,0.274,0.424,41.23,1.657,834.1,99.0,26.93,74.8,17274.0,0.7071067811865476,-0.7071067811865475,0.9398560579418954,0.3415707691678556,0.0,0.0,0.0,0.0,0.0,0.0,0.0,0.0,0.0,0.0,0.0,Normal,Normal,Normal
2026-03-12 10:00:00,biofilter_nitrite,6.87,25.34,7.38,0.248,0.463,42.1,1.667,837.5,99.0,28.83,77.42,23055.0,0.49999999999999994,-0.8660254037844387,0.9398560579418954,0.3415707691678556,0.0,0.0,0.0,0.0,0.0,0.0,0.0,0.0,0.0,0.0,0.0,Normal,Normal,Normal
2026-03-12 11:00:00,biofilter_nitrite,6.87,25.49,7.19,0.248,0.504,41.72,1.652,821.5,99.0,28.98,75.01,26266.0,0.258819045102521,-0.9659258262890682,0.9398560579418954,0.3415707691678556,0.0,0.0,0.0,0.008000000000000007,0.0,0.0,0.0,0.0,0.0013600000000000014,0.0,0.6,Normal,Normal,Normal
2026-03-12 12:00:00,biofilter_nitrite,6.87,25.6,7.27,0.268,0.524,41.83,1.669,847.4,99.0,29.03,73.68,28389.0,1.2246467991473532e-16,-1.0,0.9398560579418954,0.3415707691678556,0.0,0.0,0.0,0.04800000000000004,0.0,0.0,0.0,0.0,0.008160000000000008,0.0,3.8,Normal,Normal,Normal
2026-03-12 13:00:00,biofilter_nitrite,6.86,25.69,7.26,0.246,0.565,42.16,1.633,822.0,99.0,29.63,75.5,30345.0,-0.2588190451025208,-0.9659258262890683,0.9398560579418954,0.3415707691678556,0.0,0.0,0.0,0.1299999999999999,0.0,0.0,0.0,0.0,0.022099999999999984,0.0,10.2,Normal,Normal,Normal
2026-03-12 14:00:00,biofilter_nitrite,6.86,25.82,7.25,0.271,0.605,41.06,1.667,826.4,99.0,29.17,74.86,25037.0,-0.4999999999999997,-0.8660254037844388,0.9398560579418954,0.3415707691678556,0.0,0.0,0.0,0.20999999999999996,0.0,0.0,0.0,0.0,0.035699999999999996,0.0,16.5,Normal,Normal,Normal
2026-03-12 15:00:00,biofilter_nitrite,6.86,25.89,7.37,0.282,0.655,41.48,1.651,821.2,99.0,27.4,78.06,17959.0,-0.7071067811865471,-0.7071067811865479,0.9398560579418954,0.3415707691678556,0.0,0.0,0.0,0.31000000000000005,0.0,0.0,0.0,0.0,0.05270000000000001,0.0,24.4,Normal,Normal,Normal
2026-03-12 16:00:00,biofilter_nitrite,6.85,25.94,7.4,0.257,0.678,41.59,1.631,808.0,99.0,26.2,79.85,11002.0,-0.8660254037844385,-0.5000000000000004,0.9398560579418954,0.3415707691678556,0.0,0.0,0.0,0.3560000000000001,0.0,0.0,0.0,0.0,0.06052000000000002,0.0,28.0,Normal,Normal,Normal
2026-03-12 17:00:00,biofilter_nitrite,6.84,25.9,7.52,0.41,0.707,41.52,1.622,816.6,99.0,24.53,81.43,3257.0,-0.9659258262890683,-0.25881904510252063,0.9398560579418954,0.3415707691678556,0.0,0.0,0.0,0.4139999999999999,0.0,0.0,0.0,0.0,0.07038,0.14300000000000068,32.7,Warning,Normal,Normal
2026-03-12 18:00:00,biofilter_nitrite,6.84,25.85,7.49,0.394,0.736,42.11,1.61,809.6,99.0,24.42,81.15,420.0,-1.0,-1.8369701987210297e-16,0.9398560579418954,0.3415707691678556,0.0,0.0,0.0,0.472,0.0,0.0,0.0,0.0,0.08024,0.11500000000000057,37.2,Warning,Normal,Normal
2026-03-12 19:00:00,biofilter_nitrite,6.84,25.87,7.55,0.391,0.768,42.16,1.605,791.9,99.0,24.12,87.3,50.0,-0.9659258262890684,0.2588190451025203,0.9398560579418954,0.3415707691678556,0.0,0.0,0.0,0.536,0.0,0.0,0.0,0.0,0.09112,0.7299999999999998,42.6,Warning,Normal,Normal
2026-03-12 20:00:00,biofilter_nitrite,6.85,25.88,7.5,0.352,0.808,42.38,1.612,794.7,99.0,24.55,88.6,11.0,-0.8660254037844386,0.5000000000000001,0.9398560579418954,0.3415707691678556,0.0,0.0,0.0,0.6160000000000001,0.0,0.0,0.0,0.0,0.10472000000000002,0.8599999999999994,49.0,Warning,Normal,Normal
2026-03-12 21:00:00,biofilter_nitrite,6.84,25.79,7.68,0.385,0.806,42.14,1.611,807.9,99.0,24.63,87.43,44.0,-0.7071067811865477,0.7071067811865474,0.9398560579418954,0.3415707691678556,0.0,0.0,0.0,0.6120000000000001,0.0,0.0,0.0,0.0,0.10404000000000002,0.7430000000000007,48.6,Warning,Normal,Normal
2026-03-12 22:00:00,biofilter_nitrite,6.83,25.75,7.45,0.363,0.822,42.45,1.594,796.0,99.0,23.93,87.38,22.0,-0.5000000000000004,0.8660254037844384,0.9398560579418954,0.3415707691678556,0.0,0.0,0.0,0.6439999999999999,0.0,0.0,0.0,0.0,0.10948,0.7379999999999995,51.1,Warning,Normal,Normal
2026-03-12 23:00:00,biofilter_nitrite,6.84,25.68,7.53,0.34,0.833,42.66,1.608,801.9,99.0,24.73,87.79,27.0,-0.25881904510252157,0.9659258262890681,0.9398560579418954,0.3415707691678556,0.0,0.0,0.0,0.6659999999999999,0.0,0.0,0.0,0.0,0.11322,0.7790000000000006,52.9,Warning,Normal,Normal
2026-03-13 00:00:00,biofilter_nitrite,6.84,25.63,7.64,0.341,0.844,43.23,1.623,811.9,99.0,24.52,87.97,21.0,0.0,1.0,0.9455963874271426,0.3253420847119801,0.0,0.0,0.0,0.688,0.0,0.0,0.0,0.0,0.11696,0.7969999999999999,54.6,Warning,Normal,Normal
2026-03-13 01:00:00,biofilter_nitrite,6.85,25.59,7.68,0.337,0.843,43.0,1.603,798.7,99.0,24.03,86.6,45.0,0.25881904510252074,0.9659258262890683,0.9455963874271426,0.3253420847119801,0.0,0.0,0.0,0.6859999999999999,0.0,0.0,0.0,0.0,0.11662,0.6599999999999995,54.4,Warning,Normal,Normal
2026-03-13 02:00:00,biofilter_nitrite,6.86,25.55,7.6,0.307,0.861,42.87,1.57,810.2,99.0,24.42,87.18,61.0,0.49999999999999994,0.8660254037844387,0.9455963874271426,0.3253420847119801,0.0,0.0,0.0,0.722,0.0,0.0,0.0,0.0,0.12274,0.7180000000000006,57.3,Warning,Normal,Normal
2026-03-13 03:00:00,biofilter_nitrite,6.85,25.52,7.54,0.346,0.855,43.4,1.599,794.4,99.0,24.48,86.98,43.0,0.7071067811865476,0.7071067811865476,0.9455963874271426,0.3253420847119801,0.0,0.0,0.0,0.71,0.0,0.0,0.0,0.0,0.1207,0.6980000000000004,56.3,Warning,Normal,Normal
2026-03-13 04:00:00,biofilter_nitrite,6.86,25.49,7.53,0.341,0.865,42.93,1.628,811.3,99.0,24.27,87.55,56.0,0.8660254037844386,0.5000000000000001,0.9455963874271426,0.3253420847119801,0.0,0.0,0.0,0.73,0.0,0.0,0.0,0.0,0.1241,0.7549999999999997,57.9,Warning,Normal,Normal
2026-03-13 05:00:00,biofilter_nitrite,6.85,25.53,7.66,0.321,0.87,43.12,1.642,817.8,99.0,25.14,87.98,35.0,0.9659258262890683,0.25881904510252074,0.9455963874271426,0.3253420847119801,0.0,0.0,0.0,0.74,0.0,0.0,0.0,0.0,0.1258,0.7980000000000004,58.7,Warning,Normal,Normal
2026-03-13 06:00:00,biofilter_nitrite,6.88,25.5,7.61,0.317,0.855,43.03,1.617,809.9,99.0,25.16,85.04,40.0,1.0,6.123233995736766e-17,0.9455963874271426,0.3253420847119801,0.0,0.0,0.0,0.71,0.0,0.0,0.0,0.0,0.1207,0.5040000000000007,56.2,Warning,Normal,Normal
2026-03-13 07:00:00,hot_greenhouse,6.87,25.88,7.43,0.444,0.862,43.98,1.66,806.0,99.0,25.85,77.83,4047.0,0.9659258262890683,-0.25881904510252063,0.9455963874271426,0.3253420847119801,0.0,0.0,0.0,0.724,0.0,0.0,0.0,0.0,0.12308000000000001,0.0,57.0,Warning,Normal,Normal
2026-03-13 08:00:00,hot_greenhouse,6.88,26.21,7.31,0.418,0.856,43.98,1.64,831.8,99.0,27.64,73.92,11122.0,0.8660254037844387,-0.4999999999999998,0.9455963874271426,0.3253420847119801,0.0,0.0,0.0,0.712,0.0,0.0,0.0,0.0,0.12104000000000001,0.0,56.1,Warning,Normal,Normal
2026-03-13 09:00:00,hot_greenhouse,6.89,26.56,7.24,0.376,0.851,44.21,1.654,814.7,99.0,29.48,72.39,17455.0,0.7071067811865476,-0.7071067811865475,0.9455963874271426,0.3253420847119801,0.0,0.0,0.0,0.702,0.0,0.0,0.0,0.0,0.11934,0.0,55.3,Warning,Normal,Normal
2026-03-13 10:00:00,hot_greenhouse,6.88,26.96,6.93,0.352,0.83,43.57,1.66,821.7,99.0,31.07,69.42,25133.0,0.49999999999999994,-0.8660254037844387,0.9455963874271426,0.3253420847119801,0.0,0.0,0.0,0.6599999999999999,0.0,0.0,0.0,0.0,0.1122,0.0,52.0,Warning,Normal,Normal
2026-03-13 11:00:00,hot_greenhouse,6.86,27.44,6.98,0.361,0.807,43.53,1.656,835.2,99.0,32.31,68.7,29088.0,0.258819045102521,-0.9659258262890682,0.9455963874271426,0.3253420847119801,0.0,0.0,0.0,0.6140000000000001,0.0,0.0,0.0,0.0,0.10438000000000003,0.1033333333333341,48.4,Warning,Normal,Normal
2026-03-13 12:00:00,hot_greenhouse,6.86,27.87,6.73,0.321,0.799,44.03,1.681,832.5,99.0,33.06,63.51,31134.0,1.2246467991473532e-16,-1.0,0.9455963874271426,0.3253420847119801,0.0,0.0,0.0,0.5980000000000001,0.0,0.0,0.0,0.0,0.10166000000000003,0.3533333333333341,47.3,Warning,Normal,Normal
2026-03-13 13:00:00,hot_greenhouse,6.86,28.24,6.67,0.328,0.741,44.43,1.68,831.8,99.0,33.23,64.42,30436.0,-0.2588190451025208,-0.9659258262890683,0.9455963874271426,0.3253420847119801,0.0,0.0,0.0,0.482,0.0,0.0,0.0,0.0,0.08194,0.409999999999999,38.2,Warning,Normal,Normal
2026-03-13 14:00:00,hot_greenhouse,6.83,28.64,6.65,0.311,0.72,43.21,1.675,834.3,99.0,32.21,65.9,25140.0,-0.4999999999999997,-0.8660254037844388,0.9455963874271426,0.3253420847119801,0.0,0.0,0.0,0.43999999999999995,0.0,0.0,0.0,0.0,0.07479999999999999,0.07000000000000028,34.7,Warning,Normal,Normal
2026-03-13 15:00:00,hot_greenhouse,6.82,28.89,6.7,0.265,0.702,43.0,1.649,819.8,99.0,32.07,65.33,18454.0,-0.7071067811865471,-0.7071067811865479,0.9455963874271426,0.3253420847119801,0.0,0.0,0.0,0.4039999999999999,0.0,0.0,0.0,0.0,0.06867999999999999,0.023333333333333428,31.8,Warning,Normal,Normal
2026-03-13 16:00:00,hot_greenhouse,6.83,29.11,6.69,0.246,0.678,43.67,1.679,826.3,99.0,29.68,66.82,10473.0,-0.8660254037844385,-0.5000000000000004,0.9455963874271426,0.3253420847119801,0.0,0.0,0.0,0.3560000000000001,0.0,0.0,0.0,0.0,0.06052000000000002,0.0,28.0,Normal,Normal,Normal
2026-03-13 17:00:00,hot_greenhouse,6.84,29.19,6.71,0.365,0.654,43.62,1.682,845.0,99.0,29.57,70.34,3208.0,-0.9659258262890683,-0.25881904510252063,0.9455963874271426,0.3253420847119801,0.0,0.0,0.0,0.30800000000000005,0.0,0.0,0.0,0.0,0.05236000000000001,0.0,24.3,Normal,Normal,Normal
2026-03-13 18:00:00,hot_greenhouse,6.85,29.31,6.67,0.334,0.615,44.06,1.673,851.2,99.0,28.76,69.06,343.0,-1.0,-1.8369701987210297e-16,0.9455963874271426,0.3253420847119801,0.0,0.0,0.0,0.22999999999999998,0.0,0.0,0.0,0.0,0.0391,0.0,18.1,Normal,Normal,Normal
2026-03-13 19:00:00,hot_greenhouse,6.86,29.41,6.73,0.311,0.573,44.69,1.67,846.6,99.0,29.1,70.99,55.0,-0.9659258262890684,0.2588190451025203,0.9455963874271426,0.3253420847119801,0.0,0.0,0.0,0.1459999999999999,0.0,0.0,0.0,0.0,0.024819999999999984,0.0,11.5,Normal,Normal,Normal
2026-03-13 20:00:00,hot_greenhouse,6.83,29.59,6.69,0.251,0.543,43.9,1.691,838.4,99.0,29.86,69.06,58.0,-0.8660254037844386,0.5000000000000001,0.9455963874271426,0.3253420847119801,0.0,0.0,0.0,0.08600000000000008,0.0,0.0,0.0,0.0,0.014620000000000013,0.0,6.8,Normal,Normal,Normal
2026-03-13 21:00:00,hot_greenhouse,6.84,29.76,6.61,0.237,0.504,43.19,1.708,853.5,99.0,29.7,69.97,29.0,-0.7071067811865477,0.7071067811865474,0.9455963874271426,0.3253420847119801,0.0,0.0,0.0,0.008000000000000007,0.0,0.0,0.0,0.0,0.0013600000000000014,0.0,0.6,Normal,Normal,Normal
2026-03-13 22:00:00,hot_greenhouse,6.84,29.86,6.66,0.217,0.451,44.42,1.697,842.2,99.0,29.77,71.84,57.0,-0.5000000000000004,0.8660254037844384,0.9455963874271426,0.3253420847119801,0.0,0.0,0.0,0.0,0.0,0.0,0.0,0.0,0.0,0.0,0.0,Normal,Normal,Normal
2026-03-13 23:00:00,hot_greenhouse,6.84,29.98,6.68,0.201,0.405,44.13,1.67,847.4,99.0,30.53,70.7,45.0,-0.25881904510252157,0.9659258262890681,0.9455963874271426,0.3253420847119801,0.0,0.0,0.0,0.0,0.0,0.0,0.0,0.0,0.0,0.0,0.0,Normal,Normal,Normal
2026-03-14 00:00:00,hot_greenhouse,6.83,29.96,6.65,0.185,0.365,44.39,1.671,837.3,99.0,29.64,70.71,36.0,0.0,1.0,0.9510565162951535,0.30901699437494745,0.0,0.0,0.0,0.0,0.0,0.0,0.0,0.0,0.0,0.0,0.0,Normal,Normal,Normal
2026-03-14 01:00:00,hot_greenhouse,6.82,30.03,6.72,0.156,0.312,44.13,1.682,842.2,99.0,29.73,68.82,46.0,0.25881904510252074,0.9659258262890683,0.9510565162951535,0.30901699437494745,0.0,0.0,0.0,0.0,0.0,0.0,0.0,0.015000000000000568,0.003300000000000125,0.0,1.1,Normal,Normal,Normal
2026-03-14 02:00:00,hot_greenhouse,6.83,29.98,6.73,0.143,0.275,44.83,1.688,841.7,99.0,29.5,70.99,76.0,0.49999999999999994,0.8660254037844387,0.9510565162951535,0.30901699437494745,0.0,0.0,0.0,0.0,0.0,0.0,0.0,0.0,0.0,0.0,0.0,Normal,Normal,Normal
2026-03-14 03:00:00,hot_greenhouse,6.81,29.94,6.71,0.118,0.222,44.65,1.72,842.7,99.0,29.7,70.92,38.0,0.7071067811865476,0.7071067811865476,0.9510565162951535,0.30901699437494745,0.0,0.0,0.0,0.0,0.0,0.0,0.0,0.0,0.0,0.0,0.0,Normal,Normal,Normal
2026-03-14 04:00:00,hot_greenhouse,6.83,29.85,6.88,0.094,0.173,44.56,1.708,840.1,99.0,30.36,69.42,21.0,0.8660254037844386,0.5000000000000001,0.9510565162951535,0.30901699437494745,0.0,0.0,0.0,0.0,0.0,0.0,0.0,0.0,0.0,0.0,0.0,Normal,Normal,Normal
2026-03-14 05:00:00,hot_greenhouse,6.82,29.68,6.82,0.097,0.131,44.2,1.693,835.3,99.0,29.69,71.08,20.0,0.9659258262890683,0.25881904510252074,0.9510565162951535,0.30901699437494745,0.0,0.0,0.0,0.0,0.0,0.0,0.0,0.0,0.0,0.0,0.0,Normal,Normal,Normal
2026-03-14 06:00:00,hot_greenhouse,6.82,29.54,6.92,0.084,0.07,44.48,1.711,860.1,99.0,28.82,70.26,104.0,1.0,6.123233995736766e-17,0.9510565162951535,0.30901699437494745,0.0,0.0,0.0,0.0,0.0,0.0,0.0,0.0,0.0,0.0,0.0,Normal,Normal,Normal
2026-03-14 07:00:00,hot_greenhouse,6.82,29.43,6.86,0.233,0.079,44.86,1.726,860.9,99.0,29.73,66.45,3496.0,0.9659258262890683,-0.25881904510252063,0.9510565162951535,0.30901699437494745,0.0,0.0,0.0,0.0,0.0,0.0,0.0,0.0,0.0,0.0,0.0,Normal,Normal,Normal
2026-03-14 08:00:00,hot_greenhouse,6.82,29.31,6.89,0.202,0.089,45.01,1.725,862.6,99.0,31.36,63.97,10571.0,0.8660254037844387,-0.4999999999999998,0.9510565162951535,0.30901699437494745,0.0,0.0,0.0,0.0,0.0,0.0,0.0,0.0,0.0,0.0,0.0,Normal,Normal,Normal
2026-03-14 09:00:00,hot_greenhouse,6.8,29.24,6.64,0.166,0.095,45.13,1.722,854.7,99.0,33.1,61.23,17920.0,0.7071067811865476,-0.7071067811865475,0.9510565162951535,0.30901699437494745,0.0,0.0,0.0,0.0,0.0,0.0,0.0,0.0,0.0,0.36666666666666714,12.6,Normal,Normal,Normal
2026-03-14 10:00:00,hot_greenhouse,6.82,29.13,6.87,0.155,0.088,45.05,1.726,869.1,99.0,33.66,58.7,25698.0,0.49999999999999994,-0.8660254037844387,0.9510565162951535,0.30901699437494745,0.0,0.0,0.0,0.0,0.0,0.0,0.0,0.0,0.0,0.5533333333333322,19.0,Normal,Normal,Normal
2026-03-14 11:00:00,hot_greenhouse,6.83,29.13,6.59,0.139,0.062,44.59,1.702,846.5,99.0,34.81,59.22,30682.0,0.258819045102521,-0.9659258262890682,0.9510565162951535,0.30901699437494745,0.0,0.0,0.0,0.0,0.0,0.0,0.0,0.0,0.0,0.9366666666666674,32.1,Warning,Normal,Normal
2026-03-14 12:00:00,hot_greenhouse,6.85,29.01,6.71,0.155,0.068,45.26,1.701,847.8,99.0,34.3,58.67,31330.0,1.2246467991473532e-16,-1.0,0.9510565162951535,0.30901699437494745,0.0,0.0,0.0,0.0,0.0,0.0,0.0,0.0,0.0,0.7666666666666657,26.3,Normal,Normal,Normal
2026-03-14 13:00:00,hot_greenhouse,6.86,28.98,6.72,0.131,0.052,44.75,1.687,845.0,99.0,33.89,60.84,27672.0,-0.2588190451025208,-0.9659258262890683,0.9510565162951535,0.30901699437494745,0.0,0.0,0.0,0.0,0.0,0.0,0.0,0.0,0.0,0.6300000000000002,21.6,Normal,Normal,Normal
2026-03-14 14:00:00,hot_greenhouse,6.88,28.77,6.77,0.1,0.057,45.1,1.715,864.8,99.0,32.62,65.61,24667.0,-0.4999999999999997,-0.8660254037844388,0.9510565162951535,0.30901699437494745,0.0,0.0,0.0,0.0,0.0,0.0,0.0,0.0,0.0,0.2066666666666658,7.1,Normal,Normal,Normal
2026-03-14 15:00:00,hot_greenhouse,6.88,28.56,7.15,0.123,0.069,44.73,1.693,850.6,99.0,31.01,66.96,17416.0,-0.7071067811865471,-0.7071067811865479,0.9510565162951535,0.30901699437494745,0.0,0.0,0.0,0.0,0.0,0.0,0.0,0.0,0.0,0.0,0.0,Normal,Normal,Normal
2026-03-14 16:00:00,hot_greenhouse,6.89,28.34,7.29,0.083,0.076,45.18,1.708,853.9,99.0,28.77,69.2,9600.0,-0.8660254037844385,-0.5000000000000004,0.9510565162951535,0.30901699437494745,0.0,0.0,0.0,0.0,0.0,0.0,0.0,0.0,0.0,0.0,0.0,Normal,Normal,Normal
2026-03-14 17:00:00,hot_greenhouse,6.91,27.99,7.17,0.219,0.057,43.79,1.742,867.2,99.0,27.15,73.36,3218.0,-0.9659258262890683,-0.25881904510252063,0.9510565162951535,0.30901699437494745,0.0,0.0,0.0,0.0,0.0,0.0,0.0,0.0,0.0,0.0,0.0,Normal,Normal,Normal
2026-03-14 18:00:00,hot_greenhouse,6.92,27.58,7.38,0.21,0.088,44.37,1.741,861.8,99.0,25.75,77.53,17.0,-1.0,-1.8369701987210297e-16,0.9510565162951535,0.30901699437494745,0.0,0.0,0.0,0.0,0.0,0.0,0.0,0.0,0.0,0.0,0.0,Normal,Normal,Normal
2026-03-14 19:00:00,hot_greenhouse,6.94,27.22,7.5,0.184,0.072,43.84,1.725,869.6,99.0,25.8,84.31,34.0,-0.9659258262890684,0.2588190451025203,0.9510565162951535,0.30901699437494745,0.0,0.0,0.0,0.0,0.0,0.0,0.0,0.0,0.0,0.4310000000000002,14.8,Normal,Normal,Normal
2026-03-14 20:00:00,hot_greenhouse,6.93,26.9,7.52,0.164,0.071,44.46,1.726,867.8,99.0,25.62,80.88,59.0,-0.8660254037844386,0.5000000000000001,0.9510565162951535,0.30901699437494745,0.0,0.0,0.0,0.0,0.0,0.0,0.0,0.0,0.0,0.08799999999999955,3.0,Normal,Normal,Normal
2026-03-14 21:00:00,hot_greenhouse,6.92,26.52,7.59,0.157,0.058,44.42,1.735,850.8,99.0,24.62,84.35,24.0,-0.7071067811865477,0.7071067811865474,0.9510565162951535,0.30901699437494745,0.0,0.0,0.0,0.0,0.0,0.0,0.0,0.0,0.0,0.43499999999999944,14.9,Normal,Normal,Normal
2026-03-14 22:00:00,hot_greenhouse,6.92,26.16,7.63,0.155,0.07,44.44,1.751,866.7,99.0,23.81,87.04,19.0,-0.5000000000000004,0.8660254037844384,0.9510565162951535,0.30901699437494745,0.0,0.0,0.0,0.0,0.0,0.0,0.0,0.0,0.0,0.7040000000000006,24.2,Normal,Normal,Normal
2026-03-14 23:00:00,hot_greenhouse,6.93,25.82,7.63,0.156,0.054,44.56,1.745,877.3,99.0,23.92,87.31,26.0,-0.25881904510252157,0.9659258262890681,0.9510565162951535,0.30901699437494745,0.0,0.0,0.0,0.0,0.0,0.0,0.0,0.0,0.0,0.7310000000000002,25.1,Normal,Normal,Normal
2026-03-15 00:00:00,normal,6.94,25.79,7.76,0.129,0.065,43.74,1.729,862.0,99.0,23.52,90.25,18.0,0.0,1.0,0.9562348265919056,0.29260033563334836,0.0,0.0,0.0,0.0,0.0,0.0,0.0,0.0,0.0,1.0,34.3,Warning,Normal,Normal
2026-03-15 01:00:00,normal,6.93,25.71,7.7,0.138,0.068,44.47,1.71,870.2,99.0,23.98,87.26,36.0,0.25881904510252074,0.9659258262890683,0.9562348265919056,0.29260033563334836,0.0,0.0,0.0,0.0,0.0,0.0,0.0,0.0,0.0,0.7260000000000005,24.9,Normal,Normal,Normal
2026-03-15 02:00:00,low_nutrient,6.93,25.65,7.59,0.1,0.065,40.77,1.661,826.3,99.0,24.06,87.54,45.0,0.49999999999999994,0.8660254037844387,0.9562348265919056,0.29260033563334836,0.0,0.0,0.0,0.0,0.0,0.0,0.0,0.0,0.0,0.7540000000000007,25.9,Normal,Normal,Normal
2026-03-15 03:00:00,low_nutrient,6.95,25.65,7.84,0.105,0.06,38.31,1.579,795.0,99.0,23.99,89.41,15.0,0.7071067811865476,0.7071067811865476,0.9562348265919056,0.29260033563334836,0.0,0.0,0.0,0.0,0.0,0.0,0.0,0.0,0.0,0.9409999999999996,32.3,Warning,Normal,Normal
2026-03-15 04:00:00,low_nutrient,6.93,25.71,7.61,0.115,0.066,34.99,1.492,760.9,99.0,24.06,86.22,36.0,0.8660254037844386,0.5000000000000001,0.9562348265919056,0.29260033563334836,0.0,0.0,0.0,0.0,0.0,0.0,0.0,0.0,0.0,0.6219999999999999,21.3,Normal,Normal,Normal
2026-03-15 05:00:00,low_nutrient,6.94,25.6,7.69,0.125,0.068,31.96,1.46,735.8,99.0,23.25,89.42,44.0,0.9659258262890683,0.25881904510252074,0.9562348265919056,0.29260033563334836,0.0,0.0,0.0,0.0,0.0,0.0,0.0,0.0,0.0,0.9420000000000002,32.3,Warning,Normal,Normal
2026-03-15 06:00:00,low_nutrient,6.94,25.56,7.7,0.134,0.072,28.78,1.388,687.0,99.0,24.13,90.95,4.0,1.0,6.123233995736766e-17,0.9562348265919056,0.29260033563334836,0.0,0.0,0.0,0.0,0.0,0.0,0.0,0.0,0.0,1.0,34.3,Warning,Normal,Normal
2026-03-15 07:00:00,low_nutrient,6.94,25.49,7.78,0.245,0.078,26.16,1.323,660.1,99.0,24.29,81.47,3403.0,0.9659258262890683,-0.25881904510252063,0.9562348265919056,0.29260033563334836,0.0,0.0,0.0,0.0,0.0,0.0,0.0,0.0,0.0,0.14699999999999988,5.0,Normal,Normal,Normal
2026-03-15 08:00:00,low_nutrient,6.95,25.51,7.87,0.22,0.062,23.52,1.249,628.5,99.0,25.48,80.53,10696.0,0.8660254037844387,-0.4999999999999998,0.9562348265919056,0.29260033563334836,0.0,0.0,0.0,0.0,0.0,0.0,0.0,0.0,0.0,0.053000000000000116,1.8,Normal,Normal,Normal
2026-03-15 09:00:00,low_nutrient,6.93,25.54,7.62,0.181,0.083,20.81,1.2,594.9,99.0,27.48,78.4,16922.0,0.7071067811865476,-0.7071067811865475,0.9562348265919056,0.29260033563334836,0.0,0.0,0.0,0.0,0.0,0.0,0.0,0.0,0.0,0.0,0.0,Normal,Normal,Normal
2026-03-15 10:00:00,low_nutrient,6.94,25.64,7.55,0.173,0.079,18.05,1.11,573.7,99.0,28.7,74.71,24386.0,0.49999999999999994,-0.8660254037844387,0.9562348265919056,0.29260033563334836,0.0,0.0,0.0,0.0,0.19499999999999992,0.0,0.0,0.0,0.0,0.0,13.6,Normal,Normal,Normal
2026-03-15 11:00:00,low_nutrient,6.95,25.75,7.44,0.134,0.062,15.78,1.094,530.5,99.0,29.19,75.85,27603.0,0.258819045102521,-0.9659258262890682,0.9562348265919056,0.29260033563334836,0.0,0.0,0.0,0.0,0.42200000000000004,0.0,0.0,0.0,0.0,0.0,29.4,Normal,Normal,Normal
2026-03-15 12:00:00,low_nutrient,6.95,25.94,7.44,0.137,0.075,13.8,1.009,509.3,99.0,29.83,73.33,29251.0,1.2246467991473532e-16,-1.0,0.9562348265919056,0.29260033563334836,0.0,0.0,0.0,0.0,0.6199999999999999,0.0,0.0,0.0,0.0,0.0,43.2,Warning,Normal,Normal
2026-03-15 13:00:00,low_nutrient,6.95,26.05,7.3,0.125,0.054,10.9,0.991,495.6,99.0,29.91,71.46,27208.0,-0.2588190451025208,-0.9659258262890683,0.9562348265919056,0.29260033563334836,0.0,0.0,0.0,0.0,0.9099999999999999,0.0,0.0,0.0,0.0,0.0,63.4,Warning,Nutrisi rendah,Nutrisi rendah
2026-03-15 14:00:00,low_nutrient,6.95,26.1,7.43,0.092,0.051,8.61,0.949,482.7,99.0,28.75,73.3,22112.0,-0.4999999999999997,-0.8660254037844388,0.9562348265919056,0.29260033563334836,0.0,0.0,0.0,0.0,1.0,0.0,0.0,0.0,0.0,0.0,69.7,Warning,Nutrisi rendah,Nutrisi rendah
2026-03-15 15:00:00,low_nutrient,6.94,26.14,7.59,0.116,0.062,7.14,0.92,467.7,99.0,27.49,78.27,16529.0,-0.7071067811865471,-0.7071067811865479,0.9562348265919056,0.29260033563334836,0.0,0.0,0.0,0.0,1.0,0.0,0.0,0.0,0.0,0.0,69.7,Warning,Nutrisi rendah,Nutrisi rendah
2026-03-15 16:00:00,low_nutrient,6.96,26.12,7.51,0.092,0.059,5.3,0.892,447.1,99.0,25.44,79.46,10085.0,-0.8660254037844385,-0.5000000000000004,0.9562348265919056,0.29260033563334836,0.0,0.0,0.0,0.0,1.0,0.0,0.0,0.0,0.0,0.0,69.7,Warning,Nutrisi rendah,Nutrisi rendah
2026-03-15 17:00:00,low_nutrient,6.97,26.05,7.69,0.225,0.063,5.0,0.866,419.3,99.0,24.33,83.21,3441.0,-0.9659258262890683,-0.25881904510252063,0.9562348265919056,0.29260033563334836,0.0,0.0,0.0,0.0,1.0,0.0,0.0,0.0,0.0,0.3209999999999994,69.9,Warning,Nutrisi rendah,Nutrisi rendah
2026-03-15 18:00:00,low_nutrient,6.95,25.96,7.62,0.176,0.066,5.0,0.839,431.7,99.0,24.03,83.18,0.0,-1.0,-1.8369701987210297e-16,0.9562348265919056,0.29260033563334836,0.0,0.0,0.0,0.0,1.0,0.0,0.0,0.0,0.0,0.31800000000000067,69.9,Warning,Nutrisi rendah,Nutrisi rendah
2026-03-15 19:00:00,low_nutrient,6.96,25.85,7.55,0.15,0.068,5.0,0.852,410.1,99.0,23.61,86.65,41.0,-0.9659258262890684,0.2588190451025203,0.9562348265919056,0.29260033563334836,0.0,0.0,0.0,0.0,1.0,0.0,0.0,0.0,0.0,0.6650000000000006,70.1,Critical,Nutrisi rendah,Nutrisi rendah
2026-03-15 20:00:00,low_nutrient,6.96,25.82,7.73,0.172,0.071,5.0,0.818,412.4,99.0,23.67,87.06,72.0,-0.8660254037844386,0.5000000000000001,0.9562348265919056,0.29260033563334836,0.0,0.0,0.0,0.0,1.0,0.0,0.0,0.0,0.0,0.7060000000000002,70.1,Critical,Nutrisi rendah,Nutrisi rendah
2026-03-15 21:00:00,low_nutrient,6.95,25.76,7.76,0.139,0.058,5.0,0.797,414.5,99.0,23.6,85.97,111.0,-0.7071067811865477,0.7071067811865474,0.9562348265919056,0.29260033563334836,0.0,0.0,0.0,0.0,1.0,0.0,0.0,0.0,0.0,0.5969999999999999,70.1,Critical,Nutrisi rendah,Nutrisi rendah
2026-03-15 22:00:00,low_nutrient,6.96,25.82,7.72,0.122,0.078,5.0,0.812,399.5,99.0,23.78,87.97,25.0,-0.5000000000000004,0.8660254037844384,0.9562348265919056,0.29260033563334836,0.0,0.0,0.0,0.0,1.0,0.0,0.0,0.0,0.0,0.7969999999999999,70.2,Critical,Nutrisi rendah,Nutrisi rendah
2026-03-15 23:00:00,low_nutrient,6.95,25.78,7.72,0.139,0.057,5.0,0.814,401.6,99.0,23.58,89.43,20.0,-0.25881904510252157,0.9659258262890681,0.9562348265919056,0.29260033563334836,0.0,0.0,0.0,0.0,1.0,0.0,0.0,0.0,0.0,0.9430000000000007,70.2,Critical,Nutrisi rendah,Nutrisi rendah
2026-03-16 00:00:00,low_nutrient,6.93,25.67,7.78,0.115,0.071,5.0,0.816,413.2,99.0,23.47,86.31,70.0,0.0,1.0,0.9611297838723007,0.27609697309746883,0.0,0.0,0.0,0.0,1.0,0.0,0.0,0.0,0.0,0.6310000000000002,70.1,Critical,Nutrisi rendah,Nutrisi rendah
2026-03-16 01:00:00,low_nutrient,6.93,25.66,7.79,0.116,0.053,5.0,0.806,405.6,99.0,23.15,89.62,66.0,0.25881904510252074,0.9659258262890683,0.9611297838723007,0.27609697309746883,0.0,0.0,0.0,0.0,1.0,0.0,0.0,0.0,0.0,0.9620000000000004,70.3,Critical,Nutrisi rendah,Nutrisi rendah
2026-03-16 02:00:00,low_nutrient,6.95,25.56,7.72,0.077,0.06,5.0,0.814,426.7,99.0,23.27,89.47,72.0,0.49999999999999994,0.8660254037844387,0.9611297838723007,0.27609697309746883,0.0,0.0,0.0,0.0,1.0,0.0,0.0,0.0,0.0,0.9469999999999998,70.3,Critical,Nutrisi rendah,Nutrisi rendah
2026-03-16 03:00:00,low_nutrient,6.95,25.55,7.66,0.109,0.055,5.0,0.845,439.7,99.0,23.47,87.8,46.0,0.7071067811865476,0.7071067811865476,0.9611297838723007,0.27609697309746883,0.0,0.0,0.0,0.0,1.0,0.0,0.0,0.0,0.0,0.7799999999999997,70.2,Critical,Nutrisi rendah,Nutrisi rendah
2026-03-16 04:00:00,low_nutrient,6.95,25.51,7.68,0.107,0.056,5.0,0.89,433.0,99.0,23.86,87.61,32.0,0.8660254037844386,0.5000000000000001,0.9611297838723007,0.27609697309746883,0.0,0.0,0.0,0.0,1.0,0.0,0.0,0.0,0.0,0.7609999999999999,70.1,Critical,Nutrisi rendah,Nutrisi rendah
2026-03-16 05:00:00,low_nutrient,6.98,25.48,7.63,0.098,0.062,6.22,0.915,467.2,99.0,23.19,89.18,29.0,0.9659258262890683,0.25881904510252074,0.9611297838723007,0.27609697309746883,0.0,0.0,0.0,0.0,1.0,0.0,0.0,0.0,0.0,0.9180000000000007,70.2,Critical,Nutrisi rendah,Nutrisi rendah
2026-03-16 06:00:00,low_nutrient,6.97,25.47,7.76,0.102,0.071,9.09,0.968,475.3,99.0,23.23,90.06,69.0,1.0,6.123233995736766e-17,0.9611297838723007,0.27609697309746883,0.0,0.0,0.0,0.0,1.0,0.0,0.0,0.0,0.0,1.0,70.3,Critical,Nutrisi rendah,Nutrisi rendah
2026-03-16 07:00:00,low_nutrient,6.97,25.43,7.66,0.235,0.063,10.9,0.996,499.7,99.0,23.86,82.63,4301.0,0.9659258262890683,-0.25881904510252063,0.9611297838723007,0.27609697309746883,0.0,0.0,0.0,0.0,0.9099999999999999,0.0,0.0,0.0,0.0,0.26299999999999957,63.6,Warning,Nutrisi rendah,Nutrisi rendah
2026-03-16 08:00:00,low_nutrient,6.97,25.47,7.71,0.196,0.068,11.93,1.055,527.9,99.0,25.65,82.92,9452.0,0.8660254037844387,-0.4999999999999998,0.9611297838723007,0.27609697309746883,0.0,0.0,0.0,0.0,0.807,0.0,0.0,0.0,0.0,0.29200000000000015,56.4,Warning,Normal,Normal
2026-03-16 09:00:00,low_nutrient,6.95,25.62,7.52,0.145,0.075,15.08,1.098,554.9,99.0,27.32,77.67,17107.0,0.7071067811865476,-0.7071067811865475,0.9611297838723007,0.27609697309746883,0.0,0.0,0.0,0.0,0.492,0.0,0.0,0.0,0.0,0.0,34.3,Warning,Normal,Normal
2026-03-16 10:00:00,low_nutrient,6.95,25.7,7.48,0.134,0.076,16.68,1.149,583.7,99.0,28.06,75.44,22345.0,0.49999999999999994,-0.8660254037844387,0.9611297838723007,0.27609697309746883,0.0,0.0,0.0,0.0,0.332,0.0,0.0,0.0,0.0,0.0,23.1,Normal,Normal,Normal
2026-03-16 11:00:00,low_nutrient,6.94,25.7,7.33,0.127,0.069,18.8,1.234,620.1,99.0,28.9,76.68,26339.0,0.258819045102521,-0.9659258262890682,0.9611297838723007,0.27609697309746883,0.0,0.0,0.0,0.0,0.11999999999999993,0.0,0.0,0.0,0.0,0.0,8.4,Normal,Normal,Normal
2026-03-16 12:00:00,low_nutrient,6.95,25.79,7.37,0.106,0.047,22.42,1.283,639.6,99.0,28.92,75.43,28272.0,1.2246467991473532e-16,-1.0,0.9611297838723007,0.27609697309746883,0.0,0.0,0.0,0.0,0.0,0.0,0.0,0.0,0.0,0.0,0.0,Normal,Normal,Normal
2026-03-16 13:00:00,low_nutrient,6.93,25.87,7.25,0.115,0.06,24.61,1.344,673.7,99.0,28.69,72.53,36371.0,-0.2588190451025208,-0.9659258262890683,0.9611297838723007,0.27609697309746883,0.0,0.0,0.0,0.0,0.0,0.0,0.0,0.0,0.0,0.0,0.0,Normal,Normal,Normal
2026-03-16 14:00:00,low_nutrient,6.92,25.9,7.29,0.096,0.054,26.33,1.383,696.1,99.0,27.75,75.88,30685.0,-0.4999999999999997,-0.8660254037844388,0.9611297838723007,0.27609697309746883,0.0,0.0,0.0,0.0,0.0,0.0,0.0,0.0,0.0,0.0,0.0,Normal,Normal,Normal
2026-03-16 15:00:00,low_nutrient,6.94,25.88,7.48,0.117,0.069,30.54,1.452,726.0,99.0,26.59,75.34,22487.0,-0.7071067811865471,-0.7071067811865479,0.9611297838723007,0.27609697309746883,0.0,0.0,0.0,0.0,0.0,0.0,0.0,0.0,0.0,0.0,0.0,Normal,Normal,Normal
2026-03-16 16:00:00,low_nutrient,6.96,25.78,7.62,0.082,0.062,33.2,1.51,762.6,99.0,24.65,80.88,13336.0,-0.8660254037844385,-0.5000000000000004,0.9611297838723007,0.27609697309746883,0.0,0.0,0.0,0.0,0.0,0.0,0.0,0.0,0.0,0.08799999999999955,3.0,Normal,Normal,Normal
2026-03-16 17:00:00,low_nutrient,6.96,25.7,7.75,0.23,0.059,36.15,1.572,794.4,99.0,23.5,81.09,5293.0,-0.9659258262890683,-0.25881904510252063,0.9611297838723007,0.27609697309746883,0.0,0.0,0.0,0.0,0.0,0.0,0.0,0.0,0.0,0.10900000000000035,3.7,Normal,Normal,Normal
2026-03-16 18:00:00,low_nutrient,6.96,25.66,7.69,0.215,0.063,39.07,1.657,828.3,99.0,22.06,84.87,361.0,-1.0,-1.8369701987210297e-16,0.9611297838723007,0.27609697309746883,0.0,0.0,0.0,0.0,0.0,0.0,0.0,0.0,0.0,0.48700000000000043,16.7,Normal,Normal,Normal
2026-03-16 19:00:00,low_nutrient,6.93,25.64,7.72,0.186,0.063,42.54,1.748,859.9,99.0,23.19,88.93,68.0,-0.9659258262890684,0.2588190451025203,0.9611297838723007,0.27609697309746883,0.0,0.0,0.0,0.0,0.0,0.0,0.0,0.0,0.0,0.8930000000000007,30.6,Warning,Normal,Normal
2026-03-16 20:00:00,normal,6.93,25.6,7.86,0.152,0.08,41.92,1.705,868.0,99.0,21.9,93.65,81.0,-0.8660254037844386,0.5000000000000001,0.9611297838723007,0.27609697309746883,0.0,0.0,0.0,0.0,0.0,0.0,0.0,0.0,0.0,1.0,34.3,Warning,Normal,Normal
2026-03-16 21:00:00,normal,6.93,25.59,7.73,0.165,0.059,42.26,1.738,858.4,99.0,22.96,90.11,16.0,-0.7071067811865477,0.7071067811865474,0.9611297838723007,0.27609697309746883,0.0,0.0,0.0,0.0,0.0,0.0,0.0,0.0,0.0,1.0,34.3,Warning,Normal,Normal
2026-03-16 22:00:00,normal,6.94,25.54,7.42,0.12,0.081,43.05,1.737,860.5,99.0,22.1,89.07,57.0,-0.5000000000000004,0.8660254037844384,0.9611297838723007,0.27609697309746883,0.0,0.0,0.0,0.0,0.0,0.0,0.0,0.0,0.0,0.9069999999999994,31.1,Warning,Normal,Normal
2026-03-16 23:00:00,normal,6.93,25.51,7.61,0.114,0.068,43.53,1.758,879.4,99.0,23.32,88.43,36.0,-0.25881904510252157,0.9659258262890681,0.9611297838723007,0.27609697309746883,0.0,0.0,0.0,0.0,0.0,0.0,0.0,0.0,0.0,0.8430000000000006,28.9,Normal,Normal,Normal
2026-03-17 00:00:00,normal,6.93,25.49,7.79,0.109,0.06,42.65,1.754,862.3,99.0,22.72,89.42,50.0,0.0,1.0,0.9657399376548549,0.2595117970697999,0.0,0.0,0.0,0.0,0.0,0.0,0.0,0.0,0.0,0.9420000000000002,32.3,Warning,Normal,Normal
2026-03-17 01:00:00,normal,6.91,25.43,7.63,0.118,0.06,42.68,1.753,898.5,99.0,22.88,87.54,4.0,0.25881904510252074,0.9659258262890683,0.9657399376548549,0.2595117970697999,0.0,0.0,0.0,0.0,0.0,0.0,0.0,0.0,0.0,0.7540000000000007,25.9,Normal,Normal,Normal
2026-03-17 02:00:00,normal,6.93,25.35,7.6,0.098,0.055,42.63,1.783,882.8,99.0,22.79,87.16,37.0,0.49999999999999994,0.8660254037844387,0.9657399376548549,0.2595117970697999,0.0,0.0,0.0,0.0,0.0,0.0,0.0,0.0,0.0,0.7159999999999996,24.6,Normal,Normal,Normal
2026-03-17 03:00:00,normal,6.94,25.3,7.8,0.097,0.06,42.7,1.773,880.2,99.0,22.8,88.67,40.0,0.7071067811865476,0.7071067811865476,0.9657399376548549,0.2595117970697999,0.0,0.0,0.0,0.0,0.0,0.0,0.0,0.0,0.0,0.8670000000000002,29.7,Normal,Normal,Normal
2026-03-17 04:00:00,normal,6.93,25.3,7.89,0.087,0.05,42.46,1.774,887.4,99.0,22.69,88.8,50.0,0.8660254037844386,0.5000000000000001,0.9657399376548549,0.2595117970697999,0.0,0.0,0.0,0.0,0.0,0.0,0.0,0.0,0.0,0.8799999999999997,30.2,Warning,Normal,Normal
2026-03-17 05:00:00,ph_drift,7.09,25.19,7.82,0.089,0.063,43.21,1.742,879.5,99.0,22.36,90.21,23.0,0.9659258262890683,0.25881904510252074,0.9657399376548549,0.2595117970697999,0.0,0.0,0.0,0.0,0.0,0.0,0.0,0.0,0.0,1.0,34.3,Warning,Normal,Normal
2026-03-17 06:00:00,ph_drift,7.23,25.19,7.84,0.09,0.069,42.72,1.773,876.7,99.0,22.66,89.73,58.0,1.0,6.123233995736766e-17,0.9657399376548549,0.2595117970697999,0.0,0.0,0.0,0.0,0.0,0.0,0.0,0.0,0.0,0.9730000000000004,33.4,Warning,Normal,Normal
2026-03-17 07:00:00,ph_drift,7.37,25.16,7.7,0.218,0.062,42.79,1.735,855.6,99.0,23.08,84.49,4608.0,0.9659258262890683,-0.25881904510252063,0.9657399376548549,0.2595117970697999,0.0,0.0,0.0,0.0,0.0,0.0,0.0,0.0,0.0,0.4489999999999995,15.4,Normal,Normal,Normal
2026-03-17 08:00:00,ph_drift,7.5,25.12,7.8,0.189,0.061,43.64,1.738,881.7,99.0,24.37,83.48,12988.0,0.8660254037844387,-0.4999999999999998,0.9657399376548549,0.2595117970697999,0.0,0.0,0.0,0.0,0.0,0.0,0.0,0.0,0.0,0.3480000000000004,11.9,Normal,Normal,Normal
2026-03-17 09:00:00,ph_drift,7.63,25.16,7.69,0.188,0.071,42.92,1.743,858.9,99.0,25.92,76.44,21479.0,0.7071067811865476,-0.7071067811865475,0.9657399376548549,0.2595117970697999,0.0,0.0,0.0,0.0,0.0,0.1500000000000011,0.0,0.0,0.010500000000000079,0.0,10.7,Normal,Normal,Normal
2026-03-17 10:00:00,ph_drift,7.75,25.3,7.42,0.171,0.07,42.23,1.748,865.0,99.0,27.88,76.26,29597.0,0.49999999999999994,-0.8660254037844387,0.9657399376548549,0.2595117970697999,0.0,0.0,0.0,0.0,0.0,0.7500000000000011,0.0,0.0,0.05250000000000008,0.0,53.7,Warning,Normal,Normal
2026-03-17 11:00:00,ph_drift,7.81,25.41,7.28,0.155,0.067,42.89,1.748,876.4,99.0,28.5,73.67,36418.0,0.258819045102521,-0.9659258262890682,0.9657399376548549,0.2595117970697999,0.0,0.0,0.0,0.0,0.0,1.0,0.0,0.0,0.07,0.0,71.7,Critical,pH tidak stabil,pH tidak stabil
2026-03-17 12:00:00,ph_drift,7.9,25.56,7.46,0.146,0.084,42.52,1.744,872.9,99.0,28.31,75.58,37414.0,1.2246467991473532e-16,-1.0,0.9657399376548549,0.2595117970697999,0.0,0.0,0.0,0.0,0.0,1.0,0.0,0.0,0.07,0.0,71.7,Critical,pH tidak stabil,pH tidak stabil
2026-03-17 13:00:00,ph_drift,7.97,25.69,7.43,0.149,0.065,43.05,1.726,874.4,99.0,28.13,75.63,34909.0,-0.2588190451025208,-0.9659258262890683,0.9657399376548549,0.2595117970697999,0.0,0.0,0.0,0.0,0.0,1.0,0.0,0.0,0.07,0.0,71.7,Critical,pH tidak stabil,pH tidak stabil
2026-03-17 14:00:00,ph_drift,8.01,25.7,7.57,0.13,0.07,42.68,1.755,885.5,99.0,27.12,73.59,29331.0,-0.4999999999999997,-0.8660254037844388,0.9657399376548549,0.2595117970697999,0.0,0.0,0.0,0.0,0.0,1.0,0.0,0.0,0.07,0.0,71.7,Critical,pH tidak stabil,pH tidak stabil
2026-03-17 15:00:00,ph_drift,8.05,25.76,7.42,0.132,0.058,42.72,1.788,896.0,99.0,25.95,80.2,21695.0,-0.7071067811865471,-0.7071067811865479,0.9657399376548549,0.2595117970697999,0.0,0.0,0.0,0.0,0.0,1.0,0.0,0.0,0.07,0.020000000000000285,71.7,Critical,pH tidak stabil,pH tidak stabil
2026-03-17 16:00:00,ph_drift,8.07,25.74,7.6,0.129,0.075,42.91,1.723,868.0,99.0,24.93,80.44,12667.0,-0.8660254037844385,-0.5000000000000004,0.9657399376548549,0.2595117970697999,0.0,0.0,0.0,0.0,0.0,1.0,0.0,0.0,0.07,0.043999999999999775,71.7,Critical,pH tidak stabil,pH tidak stabil
2026-03-17 17:00:00,ph_drift,8.06,25.8,7.67,0.243,0.083,42.37,1.733,852.6,99.0,23.62,84.65,4583.0,-0.9659258262890683,-0.25881904510252063,0.9657399376548549,0.2595117970697999,0.0,0.0,0.0,0.0,0.0,1.0,0.0,0.0,0.07,0.4650000000000006,71.9,Critical,pH tidak stabil,pH tidak stabil
2026-03-17 18:00:00,ph_drift,8.01,25.69,7.72,0.219,0.071,42.73,1.727,872.5,99.0,22.6,83.12,0.0,-1.0,-1.8369701987210297e-16,0.9657399376548549,0.2595117970697999,0.0,0.0,0.0,0.0,0.0,1.0,0.0,0.0,0.07,0.31200000000000044,71.8,Critical,pH tidak stabil,pH tidak stabil
2026-03-17 19:00:00,ph_drift,7.98,25.62,7.64,0.213,0.078,43.03,1.73,850.8,99.0,22.94,88.92,45.0,-0.9659258262890684,0.2588190451025203,0.9657399376548549,0.2595117970697999,0.0,0.0,0.0,0.0,0.0,1.0,0.0,0.0,0.07,0.8920000000000001,72.1,Critical,pH tidak stabil,pH tidak stabil
2026-03-17 20:00:00,ph_drift,7.93,25.55,7.77,0.184,0.081,42.82,1.71,853.3,99.0,22.57,89.17,44.0,-0.8660254037844386,0.5000000000000001,0.9657399376548549,0.2595117970697999,0.0,0.0,0.0,0.0,0.0,1.0,0.0,0.0,0.07,0.9170000000000001,72.2,Critical,pH tidak stabil,pH tidak stabil
2026-03-17 21:00:00,ph_drift,7.87,25.43,7.92,0.141,0.073,43.17,1.73,864.3,99.0,22.38,90.51,77.0,-0.7071067811865477,0.7071067811865474,0.9657399376548549,0.2595117970697999,0.0,0.0,0.0,0.0,0.0,1.0,0.0,0.0,0.07,1.0,72.2,Critical,pH tidak stabil,pH tidak stabil
2026-03-17 22:00:00,ph_drift,7.76,25.34,7.71,0.135,0.049,42.81,1.716,861.2,99.0,22.69,86.51,21.0,-0.5000000000000004,0.8660254037844384,0.9657399376548549,0.2595117970697999,0.0,0.0,0.0,0.0,0.0,0.8,0.0,0.0,0.05600000000000001,0.6510000000000005,57.7,Warning,Normal,Normal
2026-03-17 23:00:00,ph_drift,7.66,25.25,7.69,0.134,0.072,42.46,1.707,856.5,99.0,22.33,88.57,40.0,-0.25881904510252157,0.9659258262890681,0.9657399376548549,0.2595117970697999,0.0,0.0,0.0,0.0,0.0,0.3000000000000022,0.0,0.0,0.021000000000000157,0.8569999999999993,30.2,Warning,Normal,Normal
2026-03-18 00:00:00,ph_drift,7.53,25.2,7.86,0.111,0.055,42.95,1.721,857.9,99.0,22.21,91.46,74.0,0.0,1.0,0.9700639218515071,0.2428497220959356,0.0,0.0,0.0,0.0,0.0,0.0,0.0,0.0,0.0,1.0,34.3,Warning,Normal,Normal
2026-03-18 01:00:00,ph_drift,7.42,25.19,7.81,0.114,0.056,42.72,1.73,872.2,99.0,22.17,90.92,15.0,0.25881904510252074,0.9659258262890683,0.9700639218515071,0.2428497220959356,0.0,0.0,0.0,0.0,0.0,0.0,0.0,0.0,0.0,1.0,34.3,Warning,Normal,Normal
2026-03-18 02:00:00,ph_drift,7.28,25.14,7.86,0.12,0.058,43.01,1.758,868.0,99.0,21.83,90.29,49.0,0.49999999999999994,0.8660254037844387,0.9700639218515071,0.2428497220959356,0.0,0.0,0.0,0.0,0.0,0.0,0.0,0.0,0.0,1.0,34.3,Warning,Normal,Normal
2026-03-18 03:00:00,ph_drift,7.16,24.99,8.0,0.099,0.058,42.59,1.745,858.4,99.0,22.16,87.72,54.0,0.7071067811865476,0.7071067811865476,0.9700639218515071,0.2428497220959356,0.0,0.0,0.0,0.0,0.0,0.0,0.0,0.0,0.0,0.7719999999999999,26.5,Normal,Normal,Normal
2026-03-18 04:00:00,ph_drift,7.0,25.0,7.73,0.106,0.052,42.64,1.738,862.9,99.0,22.64,88.75,54.0,0.8660254037844386,0.5000000000000001,0.9700639218515071,0.2428497220959356,0.0,0.0,0.0,0.0,0.0,0.0,0.0,0.0,0.0,0.875,30.0,Warning,Normal,Normal
2026-03-18 05:00:00,ph_drift,6.86,25.01,7.83,0.087,0.047,42.91,1.746,877.1,99.0,21.35,90.45,44.0,0.9659258262890683,0.25881904510252074,0.9700639218515071,0.2428497220959356,0.0,0.0,0.0,0.0,0.0,0.0,0.0,0.0,0.0,1.0,34.3,Warning,Normal,Normal
2026-03-18 06:00:00,normal,6.85,24.98,7.87,0.115,0.063,42.51,1.748,876.4,99.0,21.32,91.33,62.0,1.0,6.123233995736766e-17,0.9700639218515071,0.2428497220959356,0.0,0.0,0.0,0.0,0.0,0.0,0.0,0.0,0.0,1.0,34.3,Warning,Normal,Normal
2026-03-18 07:00:00,normal,6.86,25.02,7.74,0.239,0.078,43.02,1.746,873.0,99.0,22.43,84.63,4448.0,0.9659258262890683,-0.25881904510252063,0.9700639218515071,0.2428497220959356,0.0,0.0,0.0,0.0,0.0,0.0,0.0,0.0,0.0,0.4629999999999995,15.9,Normal,Normal,Normal
2026-03-18 08:00:00,normal,6.87,25.03,7.67,0.204,0.064,42.19,1.729,859.2,99.0,24.14,79.97,12477.0,0.8660254037844387,-0.4999999999999998,0.9700639218515071,0.2428497220959356,0.0,0.0,0.0,0.0,0.0,0.0,0.0,0.0,0.0,0.0,0.0,Normal,Normal,Normal
2026-03-18 09:00:00,normal,6.87,25.08,7.5,0.161,0.061,43.03,1.731,879.0,99.0,25.39,78.65,21603.0,0.7071067811865476,-0.7071067811865475,0.9700639218515071,0.2428497220959356,0.0,0.0,0.0,0.0,0.0,0.0,0.0,0.0,0.0,0.0,0.0,Normal,Normal,Normal
2026-03-18 10:00:00,normal,6.85,25.17,7.51,0.156,0.054,41.96,1.74,874.1,99.0,26.47,79.77,28650.0,0.49999999999999994,-0.8660254037844387,0.9700639218515071,0.2428497220959356,0.0,0.0,0.0,0.0,0.0,0.0,0.0,0.0,0.0,0.0,0.0,Normal,Normal,Normal
2026-03-18 11:00:00,normal,6.86,25.32,7.52,0.127,0.07,42.04,1.721,871.5,99.0,27.48,75.95,34569.0,0.258819045102521,-0.9659258262890682,0.9700639218515071,0.2428497220959356,0.0,0.0,0.0,0.0,0.0,0.0,0.0,0.0,0.0,0.0,0.0,Normal,Normal,Normal
2026-03-18 12:00:00,normal,6.87,25.47,7.31,0.133,0.051,43.05,1.744,855.3,99.0,28.02,75.72,37282.0,1.2246467991473532e-16,-1.0,0.9700639218515071,0.2428497220959356,0.0,0.0,0.0,0.0,0.0,0.0,0.0,0.0,0.0,0.0,0.0,Normal,Normal,Normal
2026-03-18 13:00:00,normal,6.86,25.56,7.53,0.13,0.057,42.01,1.739,862.8,99.0,28.02,75.13,32594.0,-0.2588190451025208,-0.9659258262890683,0.9700639218515071,0.2428497220959356,0.0,0.0,0.0,0.0,0.0,0.0,0.0,0.0,0.0,0.0,0.0,Normal,Normal,Normal
2026-03-18 14:00:00,normal,6.87,25.57,7.46,0.095,0.06,42.56,1.76,870.5,99.0,27.03,76.17,27523.0,-0.4999999999999997,-0.8660254037844388,0.9700639218515071,0.2428497220959356,0.0,0.0,0.0,0.0,0.0,0.0,0.0,0.0,0.0,0.0,0.0,Normal,Normal,Normal
2026-03-18 15:00:00,normal,6.86,25.67,7.56,0.12,0.066,42.57,1.754,886.3,99.0,25.53,79.75,19796.0,-0.7071067811865471,-0.7071067811865479,0.9700639218515071,0.2428497220959356,0.0,0.0,0.0,0.0,0.0,0.0,0.0,0.0,0.0,0.0,0.0,Normal,Normal,Normal
2026-03-18 16:00:00,normal,6.86,25.64,7.61,0.105,0.084,42.42,1.727,891.9,99.0,23.77,82.22,11940.0,-0.8660254037844385,-0.5000000000000004,0.9700639218515071,0.2428497220959356,0.0,0.0,0.0,0.0,0.0,0.0,0.0,0.0,0.0,0.2219999999999999,7.6,Normal,Normal,Normal
2026-03-18 17:00:00,normal,6.85,25.61,7.65,0.225,0.064,42.33,1.756,885.2,99.0,22.56,86.58,3877.0,-0.9659258262890683,-0.25881904510252063,0.9700639218515071,0.2428497220959356,0.0,0.0,0.0,0.0,0.0,0.0,0.0,0.0,0.0,0.6579999999999998,22.6,Normal,Normal,Normal
2026-03-18 18:00:00,normal,6.85,25.44,7.81,0.221,0.064,42.27,1.758,866.5,99.0,22.34,81.83,22.0,-1.0,-1.8369701987210297e-16,0.9700639218515071,0.2428497220959356,0.0,0.0,0.0,0.0,0.0,0.0,0.0,0.0,0.0,0.18299999999999983,6.3,Normal,Normal,Normal
2026-03-18 19:00:00,low_water_level,6.85,25.42,7.78,0.19,0.066,42.45,1.726,868.5,99.0,21.85,89.06,79.0,-0.9659258262890684,0.2588190451025203,0.9700639218515071,0.2428497220959356,0.0,0.0,0.0,0.0,0.0,0.0,0.0,0.0,0.0,0.9060000000000002,31.1,Warning,Normal,Normal
2026-03-18 20:00:00,low_water_level,6.86,25.32,7.72,0.176,0.062,42.87,1.759,854.1,99.0,21.9,89.52,57.0,-0.8660254037844386,0.5000000000000001,0.9700639218515071,0.2428497220959356,0.0,0.0,0.0,0.0,0.0,0.0,0.0,0.0,0.0,0.9519999999999996,32.7,Warning,Normal,Normal
2026-03-18 21:00:00,low_water_level,6.89,25.22,7.72,0.151,0.07,43.04,1.734,863.7,99.0,21.76,89.25,52.0,-0.7071067811865477,0.7071067811865474,0.9700639218515071,0.2428497220959356,0.0,0.0,0.0,0.0,0.0,0.0,0.0,0.0,0.0,0.925,31.7,Warning,Normal,Normal
2026-03-18 22:00:00,low_water_level,6.9,25.09,7.83,0.146,0.069,42.63,1.717,872.4,99.0,21.74,89.83,59.0,-0.5000000000000004,0.8660254037844384,0.9700639218515071,0.2428497220959356,0.0,0.0,0.0,0.0,0.0,0.0,0.0,0.0,0.0,0.9829999999999999,33.7,Warning,Normal,Normal
2026-03-18 23:00:00,low_water_level,6.9,25.05,7.87,0.12,0.068,42.5,1.727,874.6,99.0,21.47,89.74,39.0,-0.25881904510252157,0.9659258262890681,0.9700639218515071,0.2428497220959356,0.0,0.0,0.0,0.0,0.0,0.0,0.0,0.0,0.0,0.9739999999999995,33.4,Warning,Normal,Normal
2026-03-19 00:00:00,low_water_level,6.91,25.06,7.76,0.139,0.058,42.37,1.737,853.0,99.0,21.61,92.27,50.0,0.0,1.0,0.9741004551724205,0.22611568550828828,0.0,0.0,0.0,0.0,0.0,0.0,0.0,0.0,0.0,1.0,34.3,Warning,Normal,Normal
2026-03-19 01:00:00,low_water_level,6.9,24.98,7.9,0.137,0.057,41.79,1.706,856.8,99.0,22.6,91.09,26.0,0.25881904510252074,0.9659258262890683,0.9741004551724205,0.22611568550828828,0.0,0.0,0.0,0.0,0.0,0.0,0.0,0.0,0.0,1.0,34.3,Warning,Normal,Normal
2026-03-19 02:00:00,low_water_level,6.9,24.95,7.94,0.105,0.074,42.41,1.717,869.6,99.0,22.37,88.48,60.0,0.49999999999999994,0.8660254037844387,0.9741004551724205,0.22611568550828828,0.0,0.0,0.0,0.0,0.0,0.0,0.0,0.0,0.0,0.8480000000000004,29.1,Normal,Normal,Normal
2026-03-19 03:00:00,low_water_level,6.9,24.95,7.79,0.122,0.05,42.93,1.736,867.0,97.49,22.33,91.25,50.0,0.7071067811865476,0.7071067811865476,0.9741004551724205,0.22611568550828828,0.0,0.0,0.0,0.0,0.0,0.0,0.0,0.0,0.0,1.0,34.3,Warning,Normal,Normal
2026-03-19 04:00:00,low_water_level,6.89,24.94,7.86,0.11,0.062,42.88,1.704,858.3,95.23,22.36,89.51,2.0,0.8660254037844386,0.5000000000000001,0.9741004551724205,0.22611568550828828,0.0,0.0,0.0,0.0,0.0,0.0,0.0,0.0,0.0,0.9510000000000005,32.6,Warning,Normal,Normal
2026-03-19 05:00:00,low_water_level,6.88,24.94,7.94,0.109,0.071,42.96,1.72,873.1,93.09,21.65,89.25,57.0,0.9659258262890683,0.25881904510252074,0.9741004551724205,0.22611568550828828,0.0,0.0,0.0,0.0,0.0,0.0,0.0,0.0,0.0,0.925,31.7,Warning,Normal,Normal
2026-03-19 06:00:00,low_water_level,6.89,24.9,7.88,0.092,0.049,42.92,1.71,863.4,97.6,22.74,90.15,17.0,1.0,6.123233995736766e-17,0.9741004551724205,0.22611568550828828,0.0,0.0,0.0,0.0,0.0,0.0,0.0,0.0,0.0,1.0,34.3,Warning,Normal,Normal
2026-03-19 07:00:00,low_water_level,6.9,24.89,7.73,0.225,0.054,43.84,1.707,859.5,95.79,22.4,85.51,4181.0,0.9659258262890683,-0.25881904510252063,0.9741004551724205,0.22611568550828828,0.0,0.0,0.0,0.0,0.0,0.0,0.0,0.0,0.0,0.5510000000000005,18.9,Normal,Normal,Normal
2026-03-19 08:00:00,low_water_level,6.92,24.99,7.59,0.203,0.061,43.55,1.738,862.7,94.04,24.22,82.64,11603.0,0.8660254037844387,-0.4999999999999998,0.9741004551724205,0.22611568550828828,0.0,0.0,0.0,0.0,0.0,0.0,0.0,0.0,0.0,0.26400000000000007,9.1,Normal,Normal,Normal
2026-03-19 09:00:00,low_water_level,6.91,25.04,7.66,0.161,0.059,42.66,1.745,864.5,92.53,24.55,78.77,20687.0,0.7071067811865476,-0.7071067811865475,0.9741004551724205,0.22611568550828828,0.0,0.0,0.0,0.0,0.0,0.0,0.0,0.0,0.0,0.0,0.0,Normal,Normal,Normal
2026-03-19 10:00:00,low_water_level,6.91,25.24,7.56,0.141,0.063,42.91,1.703,875.0,91.23,26.35,78.25,28516.0,0.49999999999999994,-0.8660254037844387,0.9741004551724205,0.22611568550828828,0.0,0.0,0.0,0.0,0.0,0.0,0.0,0.0,0.0,0.0,0.0,Normal,Normal,Normal
2026-03-19 11:00:00,low_water_level,6.91,25.33,7.29,0.133,0.082,42.12,1.733,875.1,90.05,27.29,76.38,32938.0,0.258819045102521,-0.9659258262890682,0.9741004551724205,0.22611568550828828,0.0,0.0,0.0,0.0,0.0,0.0,0.0,0.0,0.0,0.0,0.0,Normal,Normal,Normal
2026-03-19 12:00:00,low_water_level,6.92,25.46,7.32,0.116,0.065,43.14,1.732,865.6,89.09,28.07,75.56,34869.0,1.2246467991473532e-16,-1.0,0.9741004551724205,0.22611568550828828,0.0,0.0,0.0,0.0,0.0,0.0,0.0,0.0,0.0,0.0,0.0,Normal,Normal,Normal
2026-03-19 13:00:00,low_water_level,6.92,25.57,7.62,0.119,0.052,42.11,1.72,868.0,88.25,28.12,74.78,28542.0,-0.2588190451025208,-0.9659258262890683,0.9741004551724205,0.22611568550828828,0.0,0.0,0.0,0.0,0.0,0.0,0.0,0.0,0.0,0.0,0.0,Normal,Normal,Normal
2026-03-19 14:00:00,low_water_level,6.92,25.66,7.62,0.108,0.059,42.65,1.745,857.3,87.68,26.8,75.85,24172.0,-0.4999999999999997,-0.8660254037844388,0.9741004551724205,0.22611568550828828,0.0,0.0,0.0,0.0,0.0,0.0,0.0,0.0,0.0,0.0,0.0,Normal,Normal,Normal
2026-03-19 15:00:00,low_water_level,6.92,25.67,7.58,0.115,0.073,43.01,1.747,844.5,87.35,25.12,79.34,17479.0,-0.7071067811865471,-0.7071067811865479,0.9741004551724205,0.22611568550828828,0.0,0.0,0.0,0.0,0.0,0.0,0.0,0.0,0.0,0.0,0.0,Normal,Normal,Normal
2026-03-19 16:00:00,low_water_level,6.91,25.6,7.62,0.098,0.069,42.78,1.729,871.2,87.21,23.47,82.45,10455.0,-0.8660254037844385,-0.5000000000000004,0.9741004551724205,0.22611568550828828,0.0,0.0,0.0,0.0,0.0,0.0,0.0,0.0,0.0,0.24500000000000027,8.4,Normal,Normal,Normal
2026-03-19 17:00:00,low_water_level,6.91,25.57,7.79,0.224,0.062,42.75,1.707,850.2,87.22,22.37,81.82,3073.0,-0.9659258262890683,-0.25881904510252063,0.9741004551724205,0.22611568550828828,0.0,0.0,0.0,0.0,0.0,0.0,0.0,0.0,0.0,0.18199999999999933,6.2,Normal,Normal,Normal
2026-03-19 18:00:00,low_water_level,6.93,25.48,7.84,0.189,0.073,43.48,1.699,866.8,87.51,22.2,85.71,423.0,-1.0,-1.8369701987210297e-16,0.9741004551724205,0.22611568550828828,0.0,0.0,0.0,0.0,0.0,0.0,0.0,0.0,0.0,0.5709999999999994,19.6,Normal,Normal,Normal
2026-03-19 19:00:00,low_water_level,6.93,25.35,7.76,0.163,0.058,43.75,1.721,852.2,88.06,22.1,91.91,68.0,-0.9659258262890684,0.2588190451025203,0.9741004551724205,0.22611568550828828,0.0,0.0,0.0,0.0,0.0,0.0,0.0,0.0,0.0,1.0,34.3,Warning,Normal,Normal
2026-03-19 20:00:00,low_water_level,6.94,25.29,7.82,0.167,0.069,43.43,1.734,865.9,88.76,22.25,90.39,67.0,-0.8660254037844386,0.5000000000000001,0.9741004551724205,0.22611568550828828,0.0,0.0,0.0,0.0,0.0,0.0,0.0,0.0,0.0,1.0,34.3,Warning,Normal,Normal
2026-03-19 21:00:00,low_water_level,6.95,25.21,7.7,0.159,0.073,43.66,1.734,870.2,89.7,21.53,87.25,57.0,-0.7071067811865477,0.7071067811865474,0.9741004551724205,0.22611568550828828,0.0,0.0,0.0,0.0,0.0,0.0,0.0,0.0,0.0,0.725,24.9,Normal,Normal,Normal
2026-03-19 22:00:00,low_water_level,6.95,25.17,7.84,0.153,0.077,43.27,1.754,884.5,90.77,21.62,92.78,60.0,-0.5000000000000004,0.8660254037844384,0.9741004551724205,0.22611568550828828,0.0,0.0,0.0,0.0,0.0,0.0,0.0,0.0,0.0,1.0,34.3,Warning,Normal,Normal
2026-03-19 23:00:00,low_water_level,6.96,25.15,7.78,0.157,0.05,43.62,1.777,882.2,92.04,21.56,92.17,0.0,-0.25881904510252157,0.9659258262890681,0.9741004551724205,0.22611568550828828,0.0,0.0,0.0,0.0,0.0,0.0,0.0,0.0,0.0,1.0,34.3,Warning,Normal,Normal
2026-03-20 00:00:00,low_water_level,6.96,25.12,7.93,0.141,0.061,43.77,1.747,882.8,93.49,22.34,88.49,16.0,0.0,1.0,0.9778483415056568,0.20931464596304847,0.0,0.0,0.0,0.0,0.0,0.0,0.0,0.0,0.0,0.8489999999999995,29.1,Normal,Normal,Normal
2026-03-20 01:00:00,low_water_level,6.97,25.11,7.94,0.125,0.051,43.7,1.738,861.6,95.1,21.96,90.3,68.0,0.25881904510252074,0.9659258262890683,0.9778483415056568,0.20931464596304847,0.0,0.0,0.0,0.0,0.0,0.0,0.0,0.0,0.0,1.0,34.3,Warning,Normal,Normal
2026-03-20 02:00:00,low_water_level,6.99,25.01,7.87,0.098,0.059,44.08,1.726,862.9,96.93,22.22,89.37,55.0,0.49999999999999994,0.8660254037844387,0.9778483415056568,0.20931464596304847,0.0,0.0,0.0,0.0,0.0,0.0,0.0,0.0,0.0,0.9370000000000005,32.1,Warning,Normal,Normal
2026-03-20 03:00:00,low_water_level,6.99,25.01,7.76,0.064,0.06,44.09,1.732,856.6,98.89,22.48,90.94,22.0,0.7071067811865476,0.7071067811865476,0.9778483415056568,0.20931464596304847,0.0,0.0,0.0,0.0,0.0,0.0,0.0,0.0,0.0,1.0,34.3,Warning,Normal,Normal
2026-03-20 04:00:00,low_water_level,6.98,25.02,7.69,0.053,0.048,44.47,1.717,872.0,99.0,23.08,89.83,96.0,0.8660254037844386,0.5000000000000001,0.9778483415056568,0.20931464596304847,0.0,0.0,0.0,0.0,0.0,0.0,0.0,0.0,0.0,0.9829999999999999,33.7,Warning,Normal,Normal
2026-03-20 05:00:00,low_water_level,6.97,24.94,7.79,0.072,0.052,44.24,1.731,859.5,99.0,22.66,87.85,0.0,0.9659258262890683,0.25881904510252074,0.9778483415056568,0.20931464596304847,0.0,0.0,0.0,0.0,0.0,0.0,0.0,0.0,0.0,0.7849999999999995,26.9,Normal,Normal,Normal
2026-03-20 06:00:00,low_water_level,6.98,24.92,7.84,0.083,0.061,43.86,1.74,856.0,99.0,22.49,88.59,62.0,1.0,6.123233995736766e-17,0.9778483415056568,0.20931464596304847,0.0,0.0,0.0,0.0,0.0,0.0,0.0,0.0,0.0,0.8590000000000003,29.5,Normal,Normal,Normal
2026-03-20 07:00:00,low_water_level,6.98,24.9,7.9,0.237,0.064,45.37,1.725,863.7,99.0,23.52,82.06,4294.0,0.9659258262890683,-0.25881904510252063,0.9778483415056568,0.20931464596304847,0.0,0.0,0.0,0.0,0.0,0.0,0.0,0.0,0.0,0.20600000000000024,7.1,Normal,Normal,Normal
2026-03-20 08:00:00,low_water_level,7.0,24.93,7.67,0.199,0.072,44.98,1.711,856.2,99.0,23.75,83.52,10174.0,0.8660254037844387,-0.4999999999999998,0.9778483415056568,0.20931464596304847,0.0,0.0,0.0,0.0,0.0,0.0,0.0,0.0,0.0,0.3519999999999996,12.1,Normal,Normal,Normal
2026-03-20 09:00:00,low_water_level,6.99,25.06,7.5,0.158,0.072,44.91,1.741,847.2,99.0,26.7,78.58,16985.0,0.7071067811865476,-0.7071067811865475,0.9778483415056568,0.20931464596304847,0.0,0.0,0.0,0.0,0.0,0.0,0.0,0.0,0.0,0.0,0.0,Normal,Normal,Normal
2026-03-20 10:00:00,low_water_level,7.0,25.15,7.49,0.146,0.063,44.36,1.721,857.9,99.0,27.17,77.88,24065.0,0.49999999999999994,-0.8660254037844387,0.9778483415056568,0.20931464596304847,0.0,0.0,0.0,0.0,0.0,0.0,0.0,0.0,0.0,0.0,0.0,Normal,Normal,Normal
2026-03-20 11:00:00,low_water_level,7.0,25.26,7.58,0.11,0.052,44.59,1.703,856.6,99.0,27.93,75.49,27910.0,0.258819045102521,-0.9659258262890682,0.9778483415056568,0.20931464596304847,0.0,0.0,0.0,0.0,0.0,0.0,0.0,0.0,0.0,0.0,0.0,Normal,Normal,Normal
2026-03-20 12:00:00,low_water_level,7.0,25.38,7.49,0.095,0.06,44.7,1.697,854.7,99.0,29.09,75.58,30129.0,1.2246467991473532e-16,-1.0,0.9778483415056568,0.20931464596304847,0.0,0.0,0.0,0.0,0.0,0.0,0.0,0.0,0.0,0.0,0.0,Normal,Normal,Normal
2026-03-20 13:00:00,low_water_level,6.98,25.39,7.46,0.087,0.057,43.93,1.713,851.8,99.0,28.71,73.51,26709.0,-0.2588190451025208,-0.9659258262890683,0.9778483415056568,0.20931464596304847,0.0,0.0,0.0,0.0,0.0,0.0,0.0,0.0,0.0,0.0,0.0,Normal,Normal,Normal
2026-03-20 14:00:00,low_water_level,6.98,25.41,7.44,0.077,0.051,44.27,1.728,859.3,99.0,27.57,78.39,22578.0,-0.4999999999999997,-0.8660254037844388,0.9778483415056568,0.20931464596304847,0.0,0.0,0.0,0.0,0.0,0.0,0.0,0.0,0.0,0.0,0.0,Normal,Normal,Normal
2026-03-20 15:00:00,normal,6.97,25.52,7.61,0.062,0.06,44.44,1.704,852.0,99.0,26.82,77.4,16408.0,-0.7071067811865471,-0.7071067811865479,0.9778483415056568,0.20931464596304847,0.0,0.0,0.0,0.0,0.0,0.0,0.0,0.0,0.0,0.0,0.0,Normal,Normal,Normal
2026-03-20 16:00:00,normal,6.96,25.58,7.58,0.077,0.055,44.73,1.726,868.4,99.0,25.19,81.06,9291.0,-0.8660254037844385,-0.5000000000000004,0.9778483415056568,0.20931464596304847,0.0,0.0,0.0,0.0,0.0,0.0,0.0,0.0,0.0,0.10600000000000023,3.6,Normal,Normal,Normal
2026-03-20 17:00:00,normal,6.96,25.54,7.64,0.2,0.068,44.32,1.717,845.0,99.0,24.08,83.4,3381.0,-0.9659258262890683,-0.25881904510252063,0.9778483415056568,0.20931464596304847,0.0,0.0,0.0,0.0,0.0,0.0,0.0,0.0,0.0,0.3400000000000006,11.7,Normal,Normal,Normal
2026-03-20 18:00:00,oxygen_stress,6.95,25.5,7.57,0.167,0.076,44.52,1.718,852.7,99.0,23.31,83.14,503.0,-1.0,-1.8369701987210297e-16,0.9778483415056568,0.20931464596304847,0.0,0.0,0.0,0.0,0.0,0.0,0.0,0.0,0.0,0.31400000000000006,10.8,Normal,Normal,Normal
2026-03-20 19:00:00,oxygen_stress,6.95,25.43,7.41,0.14,0.062,44.3,1.724,866.1,99.0,23.14,88.87,17.0,-0.9659258262890684,0.2588190451025203,0.9778483415056568,0.20931464596304847,0.0,0.0,0.0,0.0,0.0,0.0,0.0,0.0,0.0,0.8870000000000005,30.4,Warning,Normal,Normal
2026-03-20 20:00:00,oxygen_stress,6.93,25.41,7.11,0.134,0.062,45.19,1.687,850.7,99.0,23.2,88.61,16.0,-0.8660254037844386,0.5000000000000001,0.9778483415056568,0.20931464596304847,0.0,0.0,0.0,0.0,0.0,0.0,0.0,0.0,0.0,0.861,29.5,Normal,Normal,Normal
2026-03-20 21:00:00,oxygen_stress,6.91,25.35,6.94,0.116,0.068,44.29,1.699,854.9,99.0,23.56,86.0,40.0,-0.7071067811865477,0.7071067811865474,0.9778483415056568,0.20931464596304847,0.0,0.0,0.0,0.0,0.0,0.0,0.0,0.0,0.0,0.6,20.6,Normal,Normal,Normal
2026-03-20 22:00:00,oxygen_stress,6.93,25.3,6.78,0.124,0.066,43.68,1.702,863.1,99.0,23.54,89.78,79.0,-0.5000000000000004,0.8660254037844384,0.9778483415056568,0.20931464596304847,0.0,0.0,0.0,0.0,0.0,0.0,0.0,0.0,0.0,0.9780000000000001,33.6,Warning,Normal,Normal
2026-03-20 23:00:00,oxygen_stress,6.93,25.26,6.75,0.125,0.063,44.86,1.716,846.0,99.0,23.35,88.79,26.0,-0.25881904510252157,0.9659258262890681,0.9778483415056568,0.20931464596304847,0.0,0.0,0.0,0.0,0.0,0.0,0.0,0.0,0.0,0.8790000000000007,30.2,Warning,Normal,Normal
2026-03-21 00:00:00,oxygen_stress,6.92,25.24,6.47,0.131,0.057,44.34,1.743,867.2,99.0,23.38,90.0,23.0,0.0,1.0,0.9813064702716093,0.19245158197082998,0.0,0.0,0.0,0.0,0.0,0.0,0.0,0.0,0.0,1.0,34.3,Warning,Normal,Normal
2026-03-21 01:00:00,oxygen_stress,6.91,25.24,6.17,0.107,0.048,44.56,1.732,869.7,99.0,23.55,89.43,58.0,0.25881904510252074,0.9659258262890683,0.9813064702716093,0.19245158197082998,0.0,0.0,0.0,0.0,0.0,0.0,0.0,0.0,0.0,0.9430000000000007,32.4,Warning,Normal,Normal
2026-03-21 02:00:00,oxygen_stress,6.91,25.13,6.13,0.084,0.067,45.12,1.716,863.1,99.0,23.04,90.74,51.0,0.49999999999999994,0.8660254037844387,0.9813064702716093,0.19245158197082998,0.0,0.0,0.0,0.0,0.0,0.0,0.0,0.0,0.0,1.0,34.3,Warning,Normal,Normal
2026-03-21 03:00:00,oxygen_stress,6.91,25.1,6.06,0.085,0.056,45.41,1.723,861.0,99.0,23.36,90.28,60.0,0.7071067811865476,0.7071067811865476,0.9813064702716093,0.19245158197082998,0.0,0.0,0.0,0.0,0.0,0.0,0.0,0.0,0.0,1.0,34.3,Warning,Normal,Normal
2026-03-21 04:00:00,oxygen_stress,6.91,25.13,5.79,0.099,0.056,44.54,1.705,871.1,99.0,23.46,88.91,41.0,0.8660254037844386,0.5000000000000001,0.9813064702716093,0.19245158197082998,0.0,0.0,0.0,0.0,0.0,0.0,0.0,0.0,0.0,0.8909999999999997,30.6,Warning,Normal,Normal
2026-03-21 05:00:00,oxygen_stress,6.9,25.16,5.9,0.099,0.078,45.49,1.722,882.0,99.0,23.96,87.61,11.0,0.9659258262890683,0.25881904510252074,0.9813064702716093,0.19245158197082998,0.0,0.0,0.0,0.0,0.0,0.0,0.0,0.0,0.0,0.7609999999999999,26.1,Normal,Normal,Normal
2026-03-21 06:00:00,oxygen_stress,6.89,25.14,5.79,0.119,0.068,44.86,1.73,866.1,99.0,23.34,89.74,21.0,1.0,6.123233995736766e-17,0.9813064702716093,0.19245158197082998,0.0,0.0,0.0,0.0,0.0,0.0,0.0,0.0,0.0,0.9739999999999995,33.4,Warning,Normal,Normal
2026-03-21 07:00:00,oxygen_stress,6.9,25.15,5.65,0.244,0.068,45.09,1.742,870.2,99.0,23.74,82.37,3585.0,0.9659258262890683,-0.25881904510252063,0.9813064702716093,0.19245158197082998,0.0,0.0,0.0,0.0,0.0,0.0,0.0,0.0,0.0,0.23700000000000046,8.1,Normal,Normal,Normal
2026-03-21 08:00:00,oxygen_stress,6.92,25.18,5.39,0.219,0.069,44.09,1.728,863.7,99.0,25.92,79.65,9260.0,0.8660254037844387,-0.4999999999999998,0.9813064702716093,0.19245158197082998,0.0,0.0,0.0,0.0,0.0,0.0,0.0,0.0,0.0,0.0,0.0,Normal,Normal,Normal
2026-03-21 09:00:00,oxygen_stress,6.92,25.15,5.26,0.197,0.069,44.2,1.736,885.3,99.0,26.52,78.99,16241.0,0.7071067811865476,-0.7071067811865475,0.9813064702716093,0.19245158197082998,0.0,0.0,0.0,0.0,0.0,0.0,0.0,0.0,0.0,0.0,0.0,Normal,Normal,Normal
2026-03-21 10:00:00,oxygen_stress,6.91,25.3,5.28,0.175,0.077,45.52,1.746,883.2,99.0,28.6,77.61,22236.0,0.49999999999999994,-0.8660254037844387,0.9813064702716093,0.19245158197082998,0.0,0.0,0.0,0.0,0.0,0.0,0.0,0.0,0.0,0.0,0.0,Normal,Normal,Normal
2026-03-21 11:00:00,oxygen_stress,6.93,25.5,5.07,0.158,0.076,45.06,1.751,883.3,99.0,28.83,73.83,26651.0,0.258819045102521,-0.9659258262890682,0.9813064702716093,0.19245158197082998,0.0,0.0,0.0,0.0,0.0,0.0,0.0,0.0,0.0,0.0,0.0,Normal,Normal,Normal
2026-03-21 12:00:00,oxygen_stress,6.93,25.58,5.01,0.159,0.074,44.69,1.755,892.7,99.0,28.87,76.33,28104.0,1.2246467991473532e-16,-1.0,0.9813064702716093,0.19245158197082998,0.0,0.0,0.0,0.0,0.0,0.0,0.0,0.0,0.0,0.0,0.0,Normal,Normal,Normal
2026-03-21 13:00:00,oxygen_stress,6.94,25.7,5.1,0.148,0.059,45.31,1.733,870.4,99.0,29.21,72.23,33086.0,-0.2588190451025208,-0.9659258262890683,0.9813064702716093,0.19245158197082998,0.0,0.0,0.0,0.0,0.0,0.0,0.0,0.0,0.0,0.0,0.0,Normal,Normal,Normal
2026-03-21 14:00:00,oxygen_stress,6.93,25.73,5.15,0.136,0.07,44.93,1.742,858.4,99.0,28.32,75.38,27974.0,-0.4999999999999997,-0.8660254037844388,0.9813064702716093,0.19245158197082998,0.0,0.0,0.0,0.0,0.0,0.0,0.0,0.0,0.0,0.0,0.0,Normal,Normal,Normal
2026-03-21 15:00:00,oxygen_stress,6.92,25.69,5.27,0.118,0.071,44.41,1.754,871.5,99.0,27.03,77.82,20951.0,-0.7071067811865471,-0.7071067811865479,0.9813064702716093,0.19245158197082998,0.0,0.0,0.0,0.0,0.0,0.0,0.0,0.0,0.0,0.0,0.0,Normal,Normal,Normal
2026-03-21 16:00:00,oxygen_stress,6.91,25.66,5.42,0.089,0.069,44.8,1.771,873.7,99.0,25.76,78.67,12215.0,-0.8660254037844385,-0.5000000000000004,0.9813064702716093,0.19245158197082998,0.0,0.0,0.0,0.0,0.0,0.0,0.0,0.0,0.0,0.0,0.0,Normal,Normal,Normal
2026-03-21 17:00:00,oxygen_stress,6.91,25.72,5.55,0.242,0.05,45.03,1.74,874.2,99.0,24.13,83.16,4162.0,-0.9659258262890683,-0.25881904510252063,0.9813064702716093,0.19245158197082998,0.0,0.0,0.0,0.0,0.0,0.0,0.0,0.0,0.0,0.31599999999999967,10.8,Normal,Normal,Normal
2026-03-21 18:00:00,oxygen_stress,6.91,25.66,5.65,0.18,0.058,44.6,1.729,870.0,99.0,23.8,80.52,0.0,-1.0,-1.8369701987210297e-16,0.9813064702716093,0.19245158197082998,0.0,0.0,0.0,0.0,0.0,0.0,0.0,0.0,0.0,0.0519999999999996,1.8,Normal,Normal,Normal
2026-03-21 19:00:00,oxygen_stress,6.9,25.54,5.86,0.188,0.064,44.53,1.74,877.9,99.0,23.05,89.54,16.0,-0.9659258262890684,0.2588190451025203,0.9813064702716093,0.19245158197082998,0.0,0.0,0.0,0.0,0.0,0.0,0.0,0.0,0.0,0.9540000000000006,32.7,Warning,Normal,Normal
2026-03-21 20:00:00,oxygen_stress,6.9,25.54,5.83,0.142,0.062,44.21,1.728,870.0,99.0,23.51,87.5,79.0,-0.8660254037844386,0.5000000000000001,0.9813064702716093,0.19245158197082998,0.0,0.0,0.0,0.0,0.0,0.0,0.0,0.0,0.0,0.75,25.7,Normal,Normal,Normal
2026-03-21 21:00:00,oxygen_stress,6.91,25.53,6.13,0.165,0.072,44.72,1.714,868.2,99.0,23.83,88.26,14.0,-0.7071067811865477,0.7071067811865474,0.9813064702716093,0.19245158197082998,0.0,0.0,0.0,0.0,0.0,0.0,0.0,0.0,0.0,0.8260000000000005,28.3,Normal,Normal,Normal
2026-03-21 22:00:00,oxygen_stress,6.9,25.56,6.26,0.133,0.046,44.64,1.758,892.0,99.0,23.8,87.66,12.0,-0.5000000000000004,0.8660254037844384,0.9813064702716093,0.19245158197082998,0.0,0.0,0.0,0.0,0.0,0.0,0.0,0.0,0.0,0.7659999999999997,26.3,Normal,Normal,Normal
2026-03-21 23:00:00,oxygen_stress,6.89,25.53,6.35,0.123,0.063,44.4,1.728,875.7,99.0,23.66,89.59,34.0,-0.25881904510252157,0.9659258262890681,0.9813064702716093,0.19245158197082998,0.0,0.0,0.0,0.0,0.0,0.0,0.0,0.0,0.0,0.9590000000000003,32.9,Warning,Normal,Normal
2026-03-22 00:00:00,oxygen_stress,6.88,25.48,6.51,0.113,0.052,44.24,1.715,881.0,99.0,23.83,89.16,31.0,0.0,1.0,0.9844738167520922,0.1755314904214282,0.0,0.0,0.0,0.0,0.0,0.0,0.0,0.0,0.0,0.9159999999999997,31.4,Warning,Normal,Normal
2026-03-22 01:00:00,oxygen_stress,6.86,25.59,6.89,0.124,0.05,44.42,1.752,863.7,99.0,23.94,89.49,0.0,0.25881904510252074,0.9659258262890683,0.9844738167520922,0.1755314904214282,0.0,0.0,0.0,0.0,0.0,0.0,0.0,0.0,0.0,0.9489999999999995,32.6,Warning,Normal,Normal
2026-03-22 02:00:00,oxygen_stress,6.85,25.52,7.01,0.11,0.053,44.45,1.742,865.3,99.0,23.92,87.1,72.0,0.49999999999999994,0.8660254037844387,0.9844738167520922,0.1755314904214282,0.0,0.0,0.0,0.0,0.0,0.0,0.0,0.0,0.0,0.7099999999999994,24.4,Normal,Normal,Normal
2026-03-22 03:00:00,oxygen_stress,6.85,25.5,7.09,0.099,0.058,43.96,1.732,861.3,99.0,23.93,90.35,61.0,0.7071067811865476,0.7071067811865476,0.9844738167520922,0.1755314904214282,0.0,0.0,0.0,0.0,0.0,0.0,0.0,0.0,0.0,1.0,34.3,Warning,Normal,Normal
2026-03-22 04:00:00,oxygen_stress,6.85,25.44,7.31,0.089,0.067,43.32,1.73,856.6,99.0,23.57,88.56,40.0,0.8660254037844386,0.5000000000000001,0.9844738167520922,0.1755314904214282,0.0,0.0,0.0,0.0,0.0,0.0,0.0,0.0,0.0,0.8560000000000002,29.4,Normal,Normal,Normal
2026-03-22 05:00:00,oxygen_stress,6.85,25.43,7.46,0.089,0.06,43.95,1.718,866.8,99.0,23.5,87.21,31.0,0.9659258262890683,0.25881904510252074,0.9844738167520922,0.1755314904214282,0.0,0.0,0.0,0.0,0.0,0.0,0.0,0.0,0.0,0.7209999999999994,24.7,Normal,Normal,Normal
2026-03-22 06:00:00,fish_stress_combo,6.86,26.0,7.3,0.12,0.093,43.28,1.682,852.6,99.0,24.57,84.88,74.0,1.0,6.123233995736766e-17,0.9844738167520922,0.1755314904214282,0.0,0.0,0.0,0.0,0.0,0.0,0.0,0.0,0.0,0.48799999999999955,16.7,Normal,Normal,Normal
2026-03-22 07:00:00,fish_stress_combo,6.86,26.57,6.94,0.309,0.124,43.52,1.685,847.7,99.0,26.04,78.06,3805.0,0.9659258262890683,-0.25881904510252063,0.9844738167520922,0.1755314904214282,0.0,0.0,0.0,0.0,0.0,0.0,0.0,0.0,0.0,0.0,0.0,Normal,Normal,Normal
2026-03-22 08:00:00,fish_stress_combo,6.87,27.18,6.41,0.309,0.173,43.92,1.707,847.2,99.0,27.89,74.18,12047.0,0.8660254037844387,-0.4999999999999998,0.9844738167520922,0.1755314904214282,0.0,0.0,0.0,0.0,0.0,0.0,0.0,0.0,0.0,0.0,0.0,Normal,Normal,Normal
2026-03-22 09:00:00,fish_stress_combo,6.86,27.8,5.91,0.343,0.186,44.53,1.725,862.3,99.0,30.27,68.84,20052.0,0.7071067811865476,-0.7071067811865475,0.9844738167520922,0.1755314904214282,0.0,0.0,0.0,0.0,0.0,0.0,0.0,0.0,0.0,0.0,0.0,Normal,Normal,Normal
2026-03-22 10:00:00,fish_stress_combo,6.86,28.45,5.54,0.372,0.227,43.83,1.731,874.4,99.0,32.46,62.06,27856.0,0.49999999999999994,-0.8660254037844387,0.9844738167520922,0.1755314904214282,0.0,0.0,0.0,0.0,0.0,0.0,0.0,0.0,0.0,0.15333333333333363,5.3,Normal,Normal,Normal
2026-03-22 11:00:00,fish_stress_combo,6.87,29.05,4.88,0.405,0.248,43.56,1.745,862.0,99.0,34.18,59.47,33875.0,0.258819045102521,-0.9659258262890682,0.9844738167520922,0.1755314904214282,0.0,0.1200000000000001,0.0,0.0,0.0,0.0,0.0,0.0,0.03600000000000003,0.7266666666666666,25.5,Normal,Normal,Normal
2026-03-22 12:00:00,fish_stress_combo,6.87,29.64,4.68,0.442,0.283,44.49,1.756,879.4,99.0,35.03,58.88,35698.0,1.2246467991473532e-16,-1.0,0.9844738167520922,0.1755314904214282,0.0,0.3200000000000003,0.0,0.0,0.0,0.0,0.0,0.0,0.09600000000000009,1.0,35.7,Warning,Normal,Normal
2026-03-22 13:00:00,fish_stress_combo,6.85,30.17,3.72,0.461,0.298,43.47,1.751,865.9,99.0,35.32,56.85,35358.0,-0.2588190451025208,-0.9659258262890683,0.9844738167520922,0.1755314904214282,0.0,1.0,0.0,0.0,0.0,0.0,0.0,0.08500000000000085,0.4987000000000002,1.0,81.0,Critical,DO rendah,DO rendah
2026-03-22 14:00:00,fish_stress_combo,6.85,30.58,3.52,0.461,0.33,43.06,1.757,873.3,99.0,35.27,54.42,30714.0,-0.4999999999999997,-0.8660254037844388,0.9844738167520922,0.1755314904214282,0.0,1.0,0.0,0.0,0.0,0.0,0.0,0.28999999999999915,0.5437999999999998,1.0,81.7,Critical,DO rendah,DO rendah
2026-03-22 15:00:00,fish_stress_combo,6.87,30.95,3.71,0.469,0.369,42.98,1.735,864.3,99.0,33.93,57.69,22801.0,-0.7071067811865471,-0.7071067811865479,0.9844738167520922,0.1755314904214282,0.0,1.0,0.0,0.0,0.0,0.0,0.0,0.47499999999999964,0.5844999999999999,0.6433333333333332,82.1,Critical,Risiko stres ikan,Risiko stres ikan
2026-03-22 16:00:00,fish_stress_combo,6.86,31.21,3.5,0.478,0.406,43.67,1.725,854.1,99.0,32.97,57.78,12662.0,-0.8660254037844385,-0.5000000000000004,0.9844738167520922,0.1755314904214282,0.0,1.0,0.0,0.0,0.0,0.0,0.0,0.6050000000000004,0.6131000000000001,0.323333333333333,82.4,Critical,Risiko stres ikan,Risiko stres ikan
2026-03-22 17:00:00,fish_stress_combo,6.87,31.28,3.4,0.623,0.419,43.54,1.716,885.3,99.0,31.34,58.92,4925.0,-0.9659258262890683,-0.25881904510252063,0.9844738167520922,0.1755314904214282,0.0,1.0,0.246,0.0,0.0,0.0,0.0,0.6400000000000006,0.6700000000000002,0.0,83.3,Critical,Risiko stres ikan,Risiko stres ikan
2026-03-22 18:00:00,fish_stress_combo,6.87,31.37,3.56,0.606,0.448,44.44,1.721,860.0,99.0,32.01,60.94,0.0,-1.0,-1.8369701987210297e-16,0.9844738167520922,0.1755314904214282,0.0,1.0,0.21199999999999997,0.0,0.0,0.0,0.0,0.6850000000000005,0.6731,0.00333333333333267,83.3,Critical,Risiko stres ikan,Risiko stres ikan
2026-03-22 19:00:00,fish_stress_combo,6.87,31.35,3.21,0.578,0.448,44.11,1.706,844.6,99.0,31.56,63.86,20.0,-0.9659258262890684,0.2588190451025203,0.9844738167520922,0.1755314904214282,0.0,1.0,0.15599999999999992,0.0,0.0,0.0,0.0,0.6750000000000007,0.6597000000000002,0.0,83.1,Critical,Risiko stres ikan,Risiko stres ikan
2026-03-22 20:00:00,fish_stress_combo,6.87,31.3,3.32,0.568,0.456,44.77,1.704,860.2,99.0,31.45,64.7,6.0,-0.8660254037844386,0.5000000000000001,0.9844738167520922,0.1755314904214282,0.0,1.0,0.1359999999999999,0.0,0.0,0.0,0.0,0.6500000000000004,0.6502000000000001,0.0,82.9,Critical,Risiko stres ikan,Risiko stres ikan
2026-03-22 21:00:00,fish_stress_combo,6.86,31.15,3.53,0.537,0.467,44.51,1.741,866.1,99.0,31.39,64.33,39.0,-0.7071067811865477,0.7071067811865474,0.9844738167520922,0.1755314904214282,0.0,1.0,0.07400000000000007,0.0,0.0,0.0,0.0,0.5749999999999993,0.6212999999999999,0.0,82.4,Critical,Risiko stres ikan,Risiko stres ikan
2026-03-22 22:00:00,fish_stress_combo,6.87,31.03,3.4,0.536,0.46,44.67,1.719,861.2,99.0,31.5,68.38,36.0,-0.5000000000000004,0.8660254037844384,0.9844738167520922,0.1755314904214282,0.0,1.0,0.07200000000000006,0.0,0.0,0.0,0.0,0.5150000000000006,0.6077000000000001,0.0,82.2,Critical,Risiko stres ikan,Risiko stres ikan
2026-03-22 23:00:00,fish_stress_combo,6.86,30.77,3.61,0.502,0.449,44.64,1.75,854.9,99.0,31.04,68.02,52.0,-0.25881904510252157,0.9659258262890681,0.9844738167520922,0.1755314904214282,0.0,1.0,0.0040000000000000036,0.0,0.0,0.0,0.0,0.3849999999999998,0.5654999999999999,0.0,81.5,Critical,DO rendah,DO rendah
2026-03-23 00:00:00,fish_stress_combo,6.86,30.49,3.7,0.484,0.445,44.78,1.758,871.6,99.0,30.46,65.46,77.0,0.0,1.0,0.9873494423939864,0.15855938510313475,0.0,1.0,0.0,0.0,0.0,0.0,0.0,0.24499999999999922,0.5338999999999998,0.0,81.0,Critical,DO rendah,DO rendah
2026-03-23 01:00:00,fish_stress_combo,6.87,30.12,4.11,0.479,0.435,45.06,1.769,871.9,99.0,30.25,67.1,23.0,0.25881904510252074,0.9659258262890683,0.9873494423939864,0.15855938510313475,0.0,0.8899999999999997,0.0,0.0,0.0,0.0,0.0,0.0600000000000005,0.4602,0.0,71.6,Critical,DO rendah,DO rendah
2026-03-23 02:00:00,fish_stress_combo,6.87,29.81,4.75,0.397,0.399,44.88,1.756,889.8,99.0,29.32,72.51,26.0,0.49999999999999994,0.8660254037844387,0.9873494423939864,0.15855938510313475,0.0,0.25,0.0,0.0,0.0,0.0,0.0,0.0,0.075,0.0,19.9,Normal,Normal,Normal
2026-03-23 03:00:00,fish_stress_combo,6.86,29.35,4.96,0.359,0.377,44.7,1.782,885.6,99.0,28.47,72.61,69.0,0.7071067811865476,0.7071067811865476,0.9873494423939864,0.15855938510313475,0.0,0.040000000000000036,0.0,0.0,0.0,0.0,0.0,0.0,0.01200000000000001,0.0,3.2,Normal,Normal,Normal
2026-03-23 04:00:00,fish_stress_combo,6.86,28.89,5.35,0.322,0.373,45.0,1.751,871.6,99.0,28.83,74.56,57.0,0.8660254037844386,0.5000000000000001,0.9873494423939864,0.15855938510313475,0.0,0.0,0.0,0.0,0.0,0.0,0.0,0.0,0.0,0.0,0.0,Normal,Normal,Normal
2026-03-23 05:00:00,fish_stress_combo,6.85,28.41,5.62,0.313,0.334,45.0,1.759,879.8,99.0,28.12,75.33,107.0,0.9659258262890683,0.25881904510252074,0.9873494423939864,0.15855938510313475,0.0,0.0,0.0,0.0,0.0,0.0,0.0,0.0,0.0,0.0,0.0,Normal,Normal,Normal
2026-03-23 06:00:00,fish_stress_combo,6.86,27.81,5.95,0.263,0.305,45.19,1.767,879.0,99.0,27.3,75.97,20.0,1.0,6.123233995736766e-17,0.9873494423939864,0.15855938510313475,0.0,0.0,0.0,0.0,0.0,0.0,0.0,0.0,0.0,0.0,0.0,Normal,Normal,Normal
2026-03-23 07:00:00,fish_stress_combo,6.86,27.26,6.3,0.339,0.275,45.16,1.753,870.5,99.0,27.27,73.99,5012.0,0.9659258262890683,-0.25881904510252063,0.9873494423939864,0.15855938510313475,0.0,0.0,0.0,0.0,0.0,0.0,0.0,0.0,0.0,0.0,0.0,Normal,Normal,Normal
2026-03-23 08:00:00,fish_stress_combo,6.86,26.76,6.83,0.268,0.229,44.75,1.748,871.9,99.0,28.3,74.33,12740.0,0.8660254037844387,-0.4999999999999998,0.9873494423939864,0.15855938510313475,0.0,0.0,0.0,0.0,0.0,0.0,0.0,0.0,0.0,0.0,0.0,Normal,Normal,Normal
2026-03-23 09:00:00,fish_stress_combo,6.87,26.33,7.07,0.215,0.207,44.72,1.732,877.5,99.0,29.43,72.14,22322.0,0.7071067811865476,-0.7071067811865475,0.9873494423939864,0.15855938510313475,0.0,0.0,0.0,0.0,0.0,0.0,0.0,0.0,0.0,0.0,0.0,Normal,Normal,Normal
2026-03-23 10:00:00,fish_stress_combo,6.85,25.89,7.49,0.12,0.172,45.02,1.739,867.6,99.0,29.09,75.22,29964.0,0.49999999999999994,-0.8660254037844387,0.9873494423939864,0.15855938510313475,0.0,0.0,0.0,0.0,0.0,0.0,0.0,0.0,0.0,0.0,0.0,Normal,Normal,Normal
2026-03-23 11:00:00,normal,6.86,26.07,7.31,0.141,0.142,44.59,1.732,852.8,99.0,30.19,71.29,36817.0,0.258819045102521,-0.9659258262890682,0.9873494423939864,0.15855938510313475,0.0,0.0,0.0,0.0,0.0,0.0,0.0,0.0,0.0,0.0,0.0,Normal,Normal,Normal
2026-03-23 12:00:00,normal,6.85,26.07,7.29,0.11,0.129,44.29,1.747,876.6,99.0,30.28,75.22,36887.0,1.2246467991473532e-16,-1.0,0.9873494423939864,0.15855938510313475,0.0,0.0,0.0,0.0,0.0,0.0,0.0,0.0,0.0,0.0,0.0,Normal,Normal,Normal
2026-03-23 13:00:00,normal,6.86,26.18,7.33,0.112,0.117,43.98,1.701,877.7,99.0,30.47,72.04,36357.0,-0.2588190451025208,-0.9659258262890683,0.9873494423939864,0.15855938510313475,0.0,0.0,0.0,0.0,0.0,0.0,0.0,0.0,0.0,0.0,0.0,Normal,Normal,Normal
2026-03-23 14:00:00,normal,6.87,26.27,7.2,0.096,0.103,43.88,1.734,878.4,99.0,29.53,75.81,31024.0,-0.4999999999999997,-0.8660254037844388,0.9873494423939864,0.15855938510313475,0.0,0.0,0.0,0.0,0.0,0.0,0.0,0.0,0.0,0.0,0.0,Normal,Normal,Normal
2026-03-23 15:00:00,normal,6.88,26.34,7.27,0.114,0.097,43.99,1.771,884.2,99.0,28.31,74.38,23090.0,-0.7071067811865471,-0.7071067811865479,0.9873494423939864,0.15855938510313475,0.0,0.0,0.0,0.0,0.0,0.0,0.0,0.0,0.0,0.0,0.0,Normal,Normal,Normal
2026-03-23 16:00:00,normal,6.86,26.33,7.37,0.099,0.105,43.73,1.755,864.6,99.0,26.33,79.78,14406.0,-0.8660254037844385,-0.5000000000000004,0.9873494423939864,0.15855938510313475,0.0,0.0,0.0,0.0,0.0,0.0,0.0,0.0,0.0,0.0,0.0,Normal,Normal,Normal
2026-03-23 17:00:00,normal,6.85,26.24,7.68,0.21,0.094,43.89,1.726,864.6,99.0,25.05,82.08,5023.0,-0.9659258262890683,-0.25881904510252063,0.9873494423939864,0.15855938510313475,0.0,0.0,0.0,0.0,0.0,0.0,0.0,0.0,0.0,0.20799999999999982,7.1,Normal,Normal,Normal
2026-03-23 18:00:00,normal,6.85,26.13,7.67,0.204,0.064,43.7,1.753,870.8,99.0,24.73,83.47,23.0,-1.0,-1.8369701987210297e-16,0.9873494423939864,0.15855938510313475,0.0,0.0,0.0,0.0,0.0,0.0,0.0,0.0,0.0,0.34699999999999986,11.9,Normal,Normal,Normal
2026-03-23 19:00:00,normal,6.85,25.99,7.43,0.169,0.062,43.26,1.731,872.2,99.0,24.3,89.7,49.0,-0.9659258262890684,0.2588190451025203,0.9873494423939864,0.15855938510313475,0.0,0.0,0.0,0.0,0.0,0.0,0.0,0.0,0.0,0.9700000000000003,33.3,Warning,Normal,Normal
2026-03-23 20:00:00,normal,6.84,25.9,7.68,0.142,0.06,43.52,1.748,885.7,99.0,24.13,89.49,0.0,-0.8660254037844386,0.5000000000000001,0.9873494423939864,0.15855938510313475,0.0,0.0,0.0,0.0,0.0,0.0,0.0,0.0,0.0,0.9489999999999995,32.6,Warning,Normal,Normal
2026-03-23 21:00:00,normal,6.85,25.86,7.68,0.142,0.059,43.93,1.759,883.0,99.0,24.49,88.44,15.0,-0.7071067811865477,0.7071067811865474,0.9873494423939864,0.15855938510313475,0.0,0.0,0.0,0.0,0.0,0.0,0.0,0.0,0.0,0.8439999999999998,29.0,Normal,Normal,Normal
2026-03-23 22:00:00,normal,6.85,25.82,7.53,0.13,0.057,43.21,1.757,891.1,99.0,24.26,87.53,0.0,-0.5000000000000004,0.8660254037844384,0.9873494423939864,0.15855938510313475,0.0,0.0,0.0,0.0,0.0,0.0,0.0,0.0,0.0,0.7530000000000001,25.8,Normal,Normal,Normal
2026-03-23 23:00:00,normal,6.86,25.8,7.61,0.1,0.048,43.57,1.741,874.0,99.0,24.9,86.68,44.0,-0.25881904510252157,0.9659258262890681,0.9873494423939864,0.15855938510313475,0.0,0.0,0.0,0.0,0.0,0.0,0.0,0.0,0.0,0.6680000000000007,22.9,Normal,Normal,Normal
2026-03-24 00:00:00,normal,6.87,25.82,7.75,0.106,0.04,42.88,1.759,871.0,99.0,24.62,88.22,38.0,0.0,1.0,0.989932495087353,0.141540295217043,0.0,0.0,0.0,0.0,0.0,0.0,0.0,0.0,0.0,0.8219999999999998,28.2,Normal,Normal,Normal
2026-03-24 01:00:00,normal,6.88,25.76,7.78,0.115,0.048,43.25,1.715,859.8,99.0,24.32,88.69,22.0,0.25881904510252074,0.9659258262890683,0.989932495087353,0.141540295217043,0.0,0.0,0.0,0.0,0.0,0.0,0.0,0.0,0.0,0.8689999999999998,29.8,Normal,Normal,Normal
2026-03-24 02:00:00,normal,6.87,25.66,7.65,0.083,0.056,43.44,1.766,885.5,99.0,23.91,85.56,21.0,0.49999999999999994,0.8660254037844387,0.989932495087353,0.141540295217043,0.0,0.0,0.0,0.0,0.0,0.0,0.0,0.0,0.0,0.5560000000000003,19.1,Normal,Normal,Normal
2026-03-24 03:00:00,normal,6.89,25.72,7.8,0.081,0.037,43.61,1.738,875.0,99.0,24.59,85.97,18.0,0.7071067811865476,0.7071067811865476,0.989932495087353,0.141540295217043,0.0,0.0,0.0,0.0,0.0,0.0,0.0,0.0,0.0,0.5969999999999999,20.5,Normal,Normal,Normal
2026-03-24 04:00:00,normal,6.88,25.68,7.74,0.07,0.056,43.15,1.751,874.0,99.0,25.28,87.12,41.0,0.8660254037844386,0.5000000000000001,0.989932495087353,0.141540295217043,0.0,0.0,0.0,0.0,0.0,0.0,0.0,0.0,0.0,0.7120000000000004,24.4,Normal,Normal,Normal
2026-03-24 05:00:00,normal,6.89,25.61,7.7,0.06,0.068,43.31,1.758,862.7,99.0,24.92,87.02,59.0,0.9659258262890683,0.25881904510252074,0.989932495087353,0.141540295217043,0.0,0.0,0.0,0.0,0.0,0.0,0.0,0.0,0.0,0.7019999999999996,24.1,Normal,Normal,Normal
2026-03-24 06:00:00,normal,6.88,25.56,7.72,0.056,0.058,43.26,1.755,871.7,99.0,24.26,90.19,54.0,1.0,6.123233995736766e-17,0.989932495087353,0.141540295217043,0.0,0.0,0.0,0.0,0.0,0.0,0.0,0.0,0.0,1.0,34.3,Warning,Normal,Normal
2026-03-24 07:00:00,normal,6.88,25.57,7.79,0.21,0.055,42.88,1.728,855.2,99.0,25.41,83.12,5158.0,0.9659258262890683,-0.25881904510252063,0.989932495087353,0.141540295217043,0.0,0.0,0.0,0.0,0.0,0.0,0.0,0.0,0.0,0.31200000000000044,10.7,Normal,Normal,Normal
2026-03-24 08:00:00,feeding_ammonia,6.88,25.63,7.53,0.247,0.067,43.78,1.754,872.1,99.0,26.43,79.89,13088.0,0.8660254037844387,-0.4999999999999998,0.989932495087353,0.141540295217043,0.0,0.0,0.0,0.0,0.0,0.0,0.0,0.0,0.0,0.0,0.0,Normal,Normal,Normal
2026-03-24 09:00:00,feeding_ammonia,6.88,25.83,7.59,0.261,0.063,44.05,1.745,872.3,99.0,27.4,75.5,23181.0,0.7071067811865476,-0.7071067811865475,0.989932495087353,0.141540295217043,0.0,0.0,0.0,0.0,0.0,0.0,0.0,0.0,0.0,0.0,0.0,Normal,Normal,Normal
2026-03-24 10:00:00,feeding_ammonia,6.89,25.92,7.39,0.313,0.075,43.3,1.739,859.9,99.0,29.72,73.33,31185.0,0.49999999999999994,-0.8660254037844387,0.989932495087353,0.141540295217043,0.0,0.0,0.0,0.0,0.0,0.0,0.0,0.0,0.0,0.0,0.0,Normal,Normal,Normal
2026-03-24 11:00:00,feeding_ammonia,6.88,26.08,7.23,0.325,0.056,43.58,1.727,847.7,99.0,29.78,74.32,36434.0,0.258819045102521,-0.9659258262890682,0.989932495087353,0.141540295217043,0.0,0.0,0.0,0.0,0.0,0.0,0.0,0.0,0.0,0.0,0.0,Normal,Normal,Normal
2026-03-24 12:00:00,feeding_ammonia,6.89,26.24,7.26,0.378,0.052,44.14,1.74,873.5,99.0,30.2,72.22,39292.0,1.2246467991473532e-16,-1.0,0.989932495087353,0.141540295217043,0.0,0.0,0.0,0.0,0.0,0.0,0.0,0.0,0.0,0.0,0.0,Normal,Normal,Normal
2026-03-24 13:00:00,feeding_ammonia,6.89,26.28,7.4,0.417,0.055,43.9,1.701,847.9,99.0,29.58,71.13,34799.0,-0.2588190451025208,-0.9659258262890683,0.989932495087353,0.141540295217043,0.0,0.0,0.0,0.0,0.0,0.0,0.0,0.0,0.0,0.0,0.0,Normal,Normal,Normal
2026-03-24 14:00:00,feeding_ammonia,6.87,26.35,7.36,0.455,0.051,43.98,1.714,857.6,99.0,28.69,73.24,29517.0,-0.4999999999999997,-0.8660254037844388,0.989932495087353,0.141540295217043,0.0,0.0,0.0,0.0,0.0,0.0,0.0,0.0,0.0,0.0,0.0,Normal,Normal,Normal
2026-03-24 15:00:00,feeding_ammonia,6.86,26.38,6.91,0.514,0.072,43.41,1.676,848.5,99.0,27.82,76.52,20909.0,-0.7071067811865471,-0.7071067811865479,0.989932495087353,0.141540295217043,0.0,0.0,0.028000000000000025,0.0,0.0,0.0,0.0,0.0,0.005600000000000005,0.0,2.2,Normal,Normal,Normal
2026-03-24 16:00:00,feeding_ammonia,6.85,26.36,7.02,0.537,0.086,43.57,1.698,850.5,99.0,25.68,79.56,12570.0,-0.8660254037844385,-0.5000000000000004,0.989932495087353,0.141540295217043,0.0,0.0,0.07400000000000007,0.0,0.0,0.0,0.0,0.0,0.014800000000000015,0.0,5.8,Normal,Normal,Normal
2026-03-24 17:00:00,feeding_ammonia,6.84,26.31,7.11,0.706,0.095,43.92,1.691,868.3,99.0,25.43,79.91,4961.0,-0.9659258262890683,-0.25881904510252063,0.989932495087353,0.141540295217043,0.0,0.0,0.4119999999999999,0.0,0.0,0.0,0.0,0.0,0.08239999999999999,0.0,32.6,Warning,Normal,Normal
2026-03-24 18:00:00,feeding_ammonia,6.85,26.31,7.05,0.72,0.118,43.15,1.729,861.2,99.0,24.8,80.63,0.0,-1.0,-1.8369701987210297e-16,0.989932495087353,0.141540295217043,0.0,0.0,0.43999999999999995,0.0,0.0,0.0,0.0,0.0,0.088,0.06299999999999954,34.8,Warning,Normal,Normal
2026-03-24 19:00:00,feeding_ammonia,6.84,26.27,7.13,0.754,0.142,43.95,1.713,851.1,99.0,24.85,86.32,38.0,-0.9659258262890684,0.2588190451025203,0.989932495087353,0.141540295217043,0.0,0.0,0.508,0.0,0.0,0.0,0.0,0.0,0.10160000000000001,0.6319999999999993,40.5,Warning,Normal,Normal
2026-03-24 20:00:00,feeding_ammonia,6.87,26.23,7.17,0.788,0.148,44.16,1.709,874.6,99.0,25.0,87.81,43.0,-0.8660254037844386,0.5000000000000001,0.989932495087353,0.141540295217043,0.0,0.0,0.5760000000000001,0.0,0.0,0.0,0.0,0.0,0.11520000000000002,0.7810000000000002,45.9,Warning,Normal,Normal
2026-03-24 21:00:00,feeding_ammonia,6.86,26.1,7.31,0.803,0.147,44.3,1.74,853.3,99.0,24.26,86.76,44.0,-0.7071067811865477,0.7071067811865474,0.989932495087353,0.141540295217043,0.0,0.0,0.6060000000000001,0.0,0.0,0.0,0.0,0.0,0.12120000000000003,0.6760000000000005,48.3,Warning,Normal,Normal
2026-03-24 22:00:00,feeding_ammonia,6.86,26.08,7.16,0.815,0.171,43.99,1.708,862.5,99.0,24.31,85.37,86.0,-0.5000000000000004,0.8660254037844384,0.989932495087353,0.141540295217043,0.0,0.0,0.6299999999999999,0.0,0.0,0.0,0.0,0.0,0.12599999999999997,0.5370000000000005,50.1,Warning,Normal,Normal
2026-03-24 23:00:00,feeding_ammonia,6.86,26.05,7.21,0.845,0.184,44.13,1.701,863.9,99.0,24.47,89.79,43.0,-0.25881904510252157,0.9659258262890681,0.989932495087353,0.141540295217043,0.0,0.0,0.69,0.0,0.0,0.0,0.0,0.0,0.13799999999999998,0.9790000000000006,55.1,Warning,Normal,Normal
2026-03-25 00:00:00,feeding_ammonia,6.87,25.96,7.32,0.855,0.191,43.59,1.711,853.3,99.0,24.14,85.94,32.0,0.0,1.0,0.9922222094179323,0.12447926388678915,0.0,0.0,0.71,0.0,0.0,0.0,0.0,0.0,0.142,0.5939999999999998,56.4,Warning,Normal,Normal
2026-03-25 01:00:00,feeding_ammonia,6.85,25.91,7.25,0.886,0.195,43.73,1.722,844.5,99.0,23.94,86.93,111.0,0.25881904510252074,0.9659258262890683,0.9922222094179323,0.12447926388678915,0.0,0.0,0.772,0.0,0.0,0.0,0.0,0.0,0.1544,0.6930000000000007,61.4,Warning,Normal,Normal
2026-03-25 02:00:00,feeding_ammonia,6.87,25.93,7.17,0.882,0.208,44.18,1.684,846.4,99.0,24.74,86.97,35.0,0.49999999999999994,0.8660254037844387,0.9922222094179323,0.12447926388678915,0.0,0.0,0.764,0.0,0.0,0.0,0.0,0.0,0.15280000000000002,0.6969999999999998,60.8,Warning,Normal,Normal
2026-03-25 03:00:00,feeding_ammonia,6.85,25.8,7.33,0.922,0.212,43.78,1.702,862.7,99.0,24.06,87.68,43.0,0.7071067811865476,0.7071067811865476,0.9922222094179323,0.12447926388678915,0.0,0.0,0.8440000000000001,0.0,0.0,0.0,0.0,0.0,0.16880000000000003,0.7680000000000007,67.1,Warning,Normal,Normal
2026-03-25 04:00:00,feeding_ammonia,6.86,25.8,7.25,0.944,0.224,44.05,1.719,845.7,99.0,24.25,87.28,65.0,0.8660254037844386,0.5000000000000001,0.9922222094179323,0.12447926388678915,0.0,0.0,0.8879999999999999,0.0,0.0,0.0,0.0,0.0,0.17759999999999998,0.7280000000000001,70.6,Critical,Amonia tinggi,Amonia tinggi
2026-03-25 05:00:00,feeding_ammonia,6.86,25.79,7.23,0.953,0.24,44.5,1.721,845.4,99.0,23.75,89.79,43.0,0.9659258262890683,0.25881904510252074,0.9922222094179323,0.12447926388678915,0.0,0.0,0.9059999999999999,0.0,0.0,0.0,0.0,0.0,0.1812,0.9790000000000006,72.1,Critical,Amonia tinggi,Amonia tinggi
2026-03-25 06:00:00,feeding_ammonia,6.87,25.72,7.07,0.953,0.256,43.63,1.707,859.0,99.0,23.54,87.42,61.0,1.0,6.123233995736766e-17,0.9922222094179323,0.12447926388678915,0.0,0.0,0.9059999999999999,0.0,0.0,0.0,0.0,0.0,0.1812,0.7420000000000002,72.0,Critical,Amonia tinggi,Amonia tinggi
2026-03-25 07:00:00,feeding_ammonia,6.87,25.74,6.94,1.125,0.268,44.24,1.724,870.0,99.0,24.9,80.53,4283.0,0.9659258262890683,-0.25881904510252063,0.9922222094179323,0.12447926388678915,0.0,0.0,1.0,0.0,0.0,0.0,0.0,0.0,0.2,0.053000000000000116,79.0,Critical,Amonia tinggi,Amonia tinggi
2026-03-25 08:00:00,feeding_ammonia,6.87,25.74,6.84,1.083,0.299,43.94,1.74,857.3,99.0,26.06,79.28,12580.0,0.8660254037844387,-0.4999999999999998,0.9922222094179323,0.12447926388678915,0.0,0.0,1.0,0.0,0.0,0.0,0.0,0.0,0.2,0.0,79.0,Critical,Amonia tinggi,Amonia tinggi
2026-03-25 09:00:00,feeding_ammonia,6.86,25.87,6.92,1.08,0.3,44.88,1.703,857.0,99.0,27.44,75.02,21933.0,0.7071067811865476,-0.7071067811865475,0.9922222094179323,0.12447926388678915,0.0,0.0,1.0,0.0,0.0,0.0,0.0,0.0,0.2,0.0,79.0,Critical,Amonia tinggi,Amonia tinggi
2026-03-25 10:00:00,feeding_ammonia,6.86,25.97,6.62,1.041,0.303,43.13,1.738,869.2,99.0,29.05,73.65,29734.0,0.49999999999999994,-0.8660254037844387,0.9922222094179323,0.12447926388678915,0.0,0.0,1.0,0.0,0.0,0.0,0.0,0.0,0.2,0.0,79.0,Critical,Amonia tinggi,Amonia tinggi
2026-03-25 11:00:00,feeding_ammonia,6.86,26.12,6.75,1.034,0.316,43.08,1.739,868.6,99.0,29.47,76.79,34834.0,0.258819045102521,-0.9659258262890682,0.9922222094179323,0.12447926388678915,0.0,0.0,1.0,0.0,0.0,0.0,0.0,0.0,0.2,0.0,79.0,Critical,Amonia tinggi,Amonia tinggi
2026-03-25 12:00:00,feeding_ammonia,6.85,26.27,6.54,0.995,0.299,44.0,1.736,859.6,99.0,29.82,72.54,36576.0,1.2246467991473532e-16,-1.0,0.9922222094179323,0.12447926388678915,0.0,0.0,0.99,0.0,0.0,0.0,0.0,0.0,0.198,0.0,78.2,Critical,Amonia tinggi,Amonia tinggi
2026-03-25 13:00:00,feeding_ammonia,6.86,26.39,6.6,0.978,0.303,43.71,1.749,878.6,99.0,29.56,72.33,37570.0,-0.2588190451025208,-0.9659258262890683,0.9922222094179323,0.12447926388678915,0.0,0.0,0.956,0.0,0.0,0.0,0.0,0.0,0.1912,0.0,75.5,Critical,Amonia tinggi,Amonia tinggi
2026-03-25 14:00:00,feeding_ammonia,6.87,26.49,6.71,0.961,0.325,43.79,1.75,875.3,99.0,28.94,75.04,31342.0,-0.4999999999999997,-0.8660254037844388,0.9922222094179323,0.12447926388678915,0.0,0.0,0.9219999999999999,0.0,0.0,0.0,0.0,0.0,0.1844,0.0,72.8,Critical,Amonia tinggi,Amonia tinggi
2026-03-25 15:00:00,feeding_ammonia,6.87,26.48,6.81,0.93,0.327,44.02,1.751,872.0,99.0,27.02,77.72,23661.0,-0.7071067811865471,-0.7071067811865479,0.9922222094179323,0.12447926388678915,0.0,0.0,0.8600000000000001,0.0,0.0,0.0,0.0,0.0,0.17200000000000004,0.0,67.9,Warning,Amonia tinggi,Amonia tinggi
2026-03-25 16:00:00,feeding_ammonia,6.86,26.39,6.84,0.897,0.319,42.8,1.77,887.7,99.0,25.25,79.19,13974.0,-0.8660254037844385,-0.5000000000000004,0.9922222094179323,0.12447926388678915,0.0,0.0,0.794,0.0,0.0,0.0,0.0,0.0,0.15880000000000002,0.0,62.7,Warning,Normal,Normal
2026-03-25 17:00:00,feeding_ammonia,6.87,26.28,7.01,0.996,0.317,43.8,1.776,888.3,99.0,24.77,82.81,4436.0,-0.9659258262890683,-0.25881904510252063,0.9922222094179323,0.12447926388678915,0.0,0.0,0.992,0.0,0.0,0.0,0.0,0.0,0.19840000000000002,0.28100000000000025,78.5,Critical,Amonia tinggi,Amonia tinggi
2026-03-25 18:00:00,feeding_ammonia,6.89,26.23,7.12,0.926,0.316,43.73,1.764,888.1,99.0,23.5,82.68,23.0,-1.0,-1.8369701987210297e-16,0.9922222094179323,0.12447926388678915,0.0,0.0,0.8520000000000001,0.0,0.0,0.0,0.0,0.0,0.17040000000000002,0.2680000000000007,67.5,Warning,Amonia tinggi,Amonia tinggi
2026-03-25 19:00:00,feeding_ammonia,6.9,26.2,7.02,0.867,0.3,43.36,1.761,870.8,99.0,23.97,88.58,40.0,-0.9659258262890684,0.2588190451025203,0.9922222094179323,0.12447926388678915,0.0,0.0,0.734,0.0,0.0,0.0,0.0,0.0,0.1468,0.8579999999999999,58.5,Warning,Normal,Normal
2026-03-25 20:00:00,feeding_ammonia,6.9,26.12,6.86,0.831,0.31,43.96,1.736,869.2,99.0,23.48,88.96,18.0,-0.8660254037844386,0.5000000000000001,0.9922222094179323,0.12447926388678915,0.0,0.0,0.6619999999999999,0.0,0.0,0.0,0.0,0.0,0.1324,0.8959999999999994,52.8,Warning,Normal,Normal
2026-03-25 21:00:00,feeding_ammonia,6.9,26.02,6.98,0.782,0.295,43.93,1.742,880.9,99.0,23.41,87.09,50.0,-0.7071067811865477,0.7071067811865474,0.9922222094179323,0.12447926388678915,0.0,0.0,0.5640000000000001,0.0,0.0,0.0,0.0,0.0,0.11280000000000001,0.7090000000000003,45.0,Warning,Normal,Normal
2026-03-25 22:00:00,feeding_ammonia,6.92,25.89,7.06,0.714,0.28,43.7,1.754,865.6,99.0,23.51,87.52,22.0,-0.5000000000000004,0.8660254037844384,0.9922222094179323,0.12447926388678915,0.0,0.0,0.42799999999999994,0.0,0.0,0.0,0.0,0.0,0.0856,0.7519999999999996,34.2,Warning,Normal,Normal
2026-03-25 23:00:00,feeding_ammonia,6.92,25.88,7.15,0.651,0.277,43.53,1.743,858.8,99.0,23.98,89.57,81.0,-0.25881904510252157,0.9659258262890681,0.9922222094179323,0.12447926388678915,0.0,0.0,0.30200000000000005,0.0,0.0,0.0,0.0,0.0,0.06040000000000001,0.9569999999999993,34.0,Warning,Normal,Normal
2026-03-26 00:00:00,feeding_ammonia,6.92,25.81,7.18,0.602,0.27,42.52,1.71,859.4,99.0,23.8,89.09,45.0,0.0,1.0,0.994217906893952,0.10738134666416309,0.0,0.0,0.20399999999999996,0.0,0.0,0.0,0.0,0.0,0.040799999999999996,0.9090000000000004,32.0,Warning,Normal,Normal
2026-03-26 01:00:00,biofilter_nitrite,6.92,25.67,7.1,0.548,0.325,43.18,1.723,868.7,99.0,23.65,88.04,8.0,0.25881904510252074,0.9659258262890683,0.994217906893952,0.10738134666416309,0.0,0.0,0.09600000000000009,0.0,0.0,0.0,0.0,0.0,0.01920000000000002,0.8040000000000006,28.0,Normal,Normal,Normal
2026-03-26 02:00:00,biofilter_nitrite,6.91,25.62,7.05,0.528,0.369,43.36,1.711,854.1,99.0,23.36,89.33,47.0,0.49999999999999994,0.8660254037844387,0.994217906893952,0.10738134666416309,0.0,0.0,0.05600000000000005,0.0,0.0,0.0,0.0,0.0,0.01120000000000001,0.9329999999999998,32.2,Warning,Normal,Normal
2026-03-26 03:00:00,biofilter_nitrite,6.91,25.58,7.26,0.499,0.429,42.67,1.724,857.7,99.0,23.46,87.06,24.0,0.7071067811865476,0.7071067811865476,0.994217906893952,0.10738134666416309,0.0,0.0,0.0,0.0,0.0,0.0,0.0,0.0,0.0,0.7060000000000002,24.2,Normal,Normal,Normal
2026-03-26 04:00:00,biofilter_nitrite,6.92,25.52,7.2,0.46,0.486,43.09,1.726,874.6,99.0,23.71,88.68,42.0,0.8660254037844386,0.5000000000000001,0.994217906893952,0.10738134666416309,0.0,0.0,0.0,0.0,0.0,0.0,0.0,0.0,0.0,0.8680000000000007,29.8,Normal,Normal,Normal
2026-03-26 05:00:00,biofilter_nitrite,6.91,25.5,7.68,0.412,0.544,42.68,1.743,859.2,99.0,23.22,90.29,45.0,0.9659258262890683,0.25881904510252074,0.994217906893952,0.10738134666416309,0.0,0.0,0.0,0.08800000000000008,0.0,0.0,0.0,0.0,0.014960000000000015,1.0,34.6,Warning,Normal,Normal
2026-03-26 06:00:00,biofilter_nitrite,6.9,25.59,7.58,0.383,0.593,42.75,1.708,855.0,99.0,23.7,86.99,36.0,1.0,6.123233995736766e-17,0.994217906893952,0.10738134666416309,0.0,0.0,0.0,0.18599999999999994,0.0,0.0,0.0,0.0,0.031619999999999995,0.6989999999999995,24.7,Normal,Normal,Normal
2026-03-26 07:00:00,biofilter_nitrite,6.9,25.54,7.17,0.49,0.641,42.87,1.71,853.0,99.0,23.83,81.45,5307.0,0.9659258262890683,-0.25881904510252063,0.994217906893952,0.10738134666416309,0.0,0.0,0.0,0.28200000000000003,0.0,0.0,0.0,0.0,0.04794000000000001,0.1450000000000003,22.3,Normal,Normal,Normal
2026-03-26 08:00:00,biofilter_nitrite,6.9,25.58,7.35,0.442,0.667,43.52,1.719,851.3,99.0,25.25,80.31,14460.0,0.8660254037844387,-0.4999999999999998,0.994217906893952,0.10738134666416309,0.0,0.0,0.0,0.3340000000000001,0.0,0.0,0.0,0.0,0.05678000000000002,0.03100000000000023,26.3,Normal,Normal,Normal
2026-03-26 09:00:00,biofilter_nitrite,6.88,25.59,7.31,0.406,0.73,43.17,1.703,842.5,99.0,26.82,78.01,23374.0,0.7071067811865476,-0.7071067811865475,0.994217906893952,0.10738134666416309,0.0,0.0,0.0,0.45999999999999996,0.0,0.0,0.0,0.0,0.0782,0.0,36.2,Warning,Normal,Normal
2026-03-26 10:00:00,biofilter_nitrite,6.88,25.71,7.36,0.34,0.753,43.7,1.708,846.4,99.0,28.12,75.85,30669.0,0.49999999999999994,-0.8660254037844387,0.994217906893952,0.10738134666416309,0.0,0.0,0.0,0.506,0.0,0.0,0.0,0.0,0.08602000000000001,0.0,39.9,Warning,Normal,Normal
2026-03-26 11:00:00,biofilter_nitrite,6.87,25.86,7.12,0.334,0.814,43.11,1.712,866.1,99.0,29.56,73.04,36333.0,0.258819045102521,-0.9659258262890682,0.994217906893952,0.10738134666416309,0.0,0.0,0.0,0.6279999999999999,0.0,0.0,0.0,0.0,0.10676,0.0,49.5,Warning,Normal,Normal
2026-03-26 12:00:00,biofilter_nitrite,6.87,25.99,7.16,0.329,0.829,43.85,1.728,851.1,99.0,29.02,75.89,38885.0,1.2246467991473532e-16,-1.0,0.994217906893952,0.10738134666416309,0.0,0.0,0.0,0.6579999999999999,0.0,0.0,0.0,0.0,0.11185999999999999,0.0,51.8,Warning,Normal,Normal
2026-03-26 13:00:00,biofilter_nitrite,6.87,26.04,7.22,0.333,0.861,43.62,1.713,862.6,99.0,28.45,77.79,25997.0,-0.2588190451025208,-0.9659258262890683,0.994217906893952,0.10738134666416309,0.0,0.0,0.0,0.722,0.0,0.0,0.0,0.0,0.12274,0.0,56.9,Warning,Normal,Normal
2026-03-26 14:00:00,biofilter_nitrite,6.87,26.13,7.3,0.315,0.881,43.99,1.71,860.2,99.0,28.32,78.57,22042.0,-0.4999999999999997,-0.8660254037844388,0.994217906893952,0.10738134666416309,0.0,0.0,0.0,0.762,0.0,0.0,0.0,0.0,0.12954000000000002,0.0,60.0,Warning,Normal,Normal
2026-03-26 15:00:00,biofilter_nitrite,6.89,26.12,7.4,0.319,0.921,43.1,1.701,855.0,99.0,26.33,80.86,16261.0,-0.7071067811865471,-0.7071067811865479,0.994217906893952,0.10738134666416309,0.0,0.0,0.0,0.8420000000000001,0.0,0.0,0.0,0.0,0.14314000000000002,0.08599999999999994,66.4,Warning,Normal,Normal
2026-03-26 16:00:00,biofilter_nitrite,6.87,26.05,7.28,0.278,0.921,43.12,1.699,843.4,99.0,25.14,79.33,9494.0,-0.8660254037844385,-0.5000000000000004,0.994217906893952,0.10738134666416309,0.0,0.0,0.0,0.8420000000000001,0.0,0.0,0.0,0.0,0.14314000000000002,0.0,66.3,Warning,Normal,Normal
2026-03-26 17:00:00,biofilter_nitrite,6.88,26.04,7.41,0.441,0.941,43.08,1.708,863.7,99.0,24.07,82.92,3136.0,-0.9659258262890683,-0.25881904510252063,0.994217906893952,0.10738134666416309,0.0,0.0,0.0,0.8819999999999999,0.0,0.0,0.0,0.0,0.14994,0.29200000000000015,69.6,Warning,Nitrit tinggi,Nitrit tinggi
2026-03-26 18:00:00,biofilter_nitrite,6.88,25.98,7.48,0.426,0.958,43.08,1.717,858.1,99.0,23.64,84.08,956.0,-1.0,-1.8369701987210297e-16,0.994217906893952,0.10738134666416309,0.0,0.0,0.0,0.9159999999999999,0.0,0.0,0.0,0.0,0.15572,0.4079999999999998,72.4,Critical,Nitrit tinggi,Nitrit tinggi
2026-03-26 19:00:00,biofilter_nitrite,6.88,25.91,7.47,0.391,0.978,44.36,1.705,851.1,99.0,22.96,88.58,67.0,-0.9659258262890684,0.2588190451025203,0.994217906893952,0.10738134666416309,0.0,0.0,0.0,0.956,0.0,0.0,0.0,0.0,0.16252,0.8579999999999999,75.8,Critical,Nitrit tinggi,Nitrit tinggi
2026-03-26 20:00:00,biofilter_nitrite,6.87,25.87,7.43,0.359,0.991,43.92,1.748,873.3,99.0,23.41,89.53,22.0,-0.8660254037844386,0.5000000000000001,0.994217906893952,0.10738134666416309,0.0,0.0,0.0,0.982,0.0,0.0,0.0,0.0,0.16694,0.9530000000000001,77.9,Critical,Nitrit tinggi,Nitrit tinggi
2026-03-26 21:00:00,biofilter_nitrite,6.85,25.79,7.65,0.346,1.011,43.86,1.748,862.5,99.0,23.43,88.55,51.0,-0.7071067811865477,0.7071067811865474,0.994217906893952,0.10738134666416309,0.0,0.0,0.0,1.0,0.0,0.0,0.0,0.0,0.17,0.8549999999999998,79.2,Critical,Nitrit tinggi,Nitrit tinggi
2026-03-26 22:00:00,biofilter_nitrite,6.86,25.76,7.48,0.336,1.004,43.86,1.72,870.2,99.0,23.57,86.58,66.0,-0.5000000000000004,0.8660254037844384,0.994217906893952,0.10738134666416309,0.0,0.0,0.0,1.0,0.0,0.0,0.0,0.0,0.17,0.6579999999999998,79.1,Critical,Nitrit tinggi,Nitrit tinggi
2026-03-26 23:00:00,biofilter_nitrite,6.87,25.7,7.62,0.357,1.008,45.35,1.721,873.0,99.0,22.93,87.79,71.0,-0.25881904510252157,0.9659258262890681,0.994217906893952,0.10738134666416309,0.0,0.0,0.0,1.0,0.0,0.0,0.0,0.0,0.17,0.7790000000000006,79.2,Critical,Nitrit tinggi,Nitrit tinggi
2026-03-27 00:00:00,biofilter_nitrite,6.86,25.64,7.54,0.36,0.998,44.82,1.716,854.4,99.0,23.4,89.41,14.0,0.0,1.0,0.995918996147179,0.09025161003104117,0.0,0.0,0.0,0.996,0.0,0.0,0.0,0.0,0.16932,0.9409999999999996,79.0,Critical,Nitrit tinggi,Nitrit tinggi
2026-03-27 01:00:00,biofilter_nitrite,6.86,25.61,7.57,0.35,0.994,44.76,1.709,861.3,99.0,22.73,89.28,32.0,0.25881904510252074,0.9659258262890683,0.995918996147179,0.09025161003104117,0.0,0.0,0.0,0.988,0.0,0.0,0.0,0.0,0.16796,0.9280000000000002,78.3,Critical,Nitrit tinggi,Nitrit tinggi
2026-03-27 02:00:00,biofilter_nitrite,6.87,25.6,7.64,0.319,0.979,44.1,1.748,860.9,99.0,23.51,87.39,55.0,0.49999999999999994,0.8660254037844387,0.995918996147179,0.09025161003104117,0.0,0.0,0.0,0.958,0.0,0.0,0.0,0.0,0.16286,0.7390000000000001,75.9,Critical,Nitrit tinggi,Nitrit tinggi
2026-03-27 03:00:00,biofilter_nitrite,6.88,25.63,7.57,0.324,0.956,44.7,1.717,852.3,99.0,23.24,88.43,57.0,0.7071067811865476,0.7071067811865476,0.995918996147179,0.09025161003104117,0.0,0.0,0.0,0.9119999999999999,0.0,0.0,0.0,0.0,0.15504,0.8430000000000006,72.3,Critical,Nitrit tinggi,Nitrit tinggi
2026-03-27 04:00:00,biofilter_nitrite,6.87,25.56,7.65,0.335,0.938,44.54,1.73,865.4,99.0,23.29,87.83,37.0,0.8660254037844386,0.5000000000000001,0.995918996147179,0.09025161003104117,0.0,0.0,0.0,0.8759999999999999,0.0,0.0,0.0,0.0,0.14892,0.7829999999999998,69.4,Warning,Nitrit tinggi,Nitrit tinggi
2026-03-27 05:00:00,biofilter_nitrite,6.87,25.51,7.55,0.306,0.937,45.25,1.738,856.8,99.0,22.53,89.5,62.0,0.9659258262890683,0.25881904510252074,0.995918996147179,0.09025161003104117,0.0,0.0,0.0,0.8740000000000001,0.0,0.0,0.0,0.0,0.14858000000000002,0.95,69.4,Warning,Nitrit tinggi,Nitrit tinggi
2026-03-27 06:00:00,biofilter_nitrite,6.86,25.4,7.58,0.301,0.89,44.92,1.734,867.1,99.0,22.53,93.11,25.0,1.0,6.123233995736766e-17,0.995918996147179,0.09025161003104117,0.0,0.0,0.0,0.78,0.0,0.0,0.0,0.0,0.13260000000000002,1.0,62.0,Warning,Normal,Normal
2026-03-27 07:00:00,biofilter_nitrite,6.85,25.35,7.61,0.413,0.882,45.63,1.731,863.9,99.0,23.3,83.44,2280.0,0.9659258262890683,-0.25881904510252063,0.995918996147179,0.09025161003104117,0.0,0.0,0.0,0.764,0.0,0.0,0.0,0.0,0.12988000000000002,0.34399999999999975,60.4,Warning,Normal,Normal
2026-03-27 08:00:00,biofilter_nitrite,6.82,25.35,7.63,0.401,0.839,45.12,1.73,864.7,99.0,25.24,78.99,8816.0,0.8660254037844387,-0.4999999999999998,0.995918996147179,0.09025161003104117,0.0,0.0,0.0,0.6779999999999999,0.0,0.0,0.0,0.0,0.11526,0.0,53.4,Warning,Normal,Normal
2026-03-27 09:00:00,biofilter_nitrite,6.82,25.44,7.38,0.381,0.8,45.83,1.737,874.6,99.0,26.36,77.48,15517.0,0.7071067811865476,-0.7071067811865475,0.995918996147179,0.09025161003104117,0.0,0.0,0.0,0.6000000000000001,0.0,0.0,0.0,0.0,0.10200000000000002,0.0,47.3,Warning,Normal,Normal
2026-03-27 10:00:00,biofilter_nitrite,6.83,25.58,7.34,0.367,0.754,46.32,1.757,876.0,99.0,28.11,75.42,22278.0,0.49999999999999994,-0.8660254037844387,0.995918996147179,0.09025161003104117,0.0,0.0,0.0,0.508,0.0,0.0,0.0,0.0,0.08636,0.0,40.0,Warning,Normal,Normal
2026-03-27 11:00:00,hot_greenhouse,6.82,26.14,7.13,0.331,0.708,45.56,1.751,875.8,99.0,29.1,70.97,26080.0,0.258819045102521,-0.9659258262890682,0.995918996147179,0.09025161003104117,0.0,0.0,0.0,0.4159999999999999,0.0,0.0,0.0,0.0,0.07071999999999999,0.0,32.8,Warning,Normal,Normal
2026-03-27 12:00:00,hot_greenhouse,6.81,26.62,7.09,0.322,0.663,45.82,1.731,871.5,99.0,29.75,72.46,27794.0,1.2246467991473532e-16,-1.0,0.995918996147179,0.09025161003104117,0.0,0.0,0.0,0.32600000000000007,0.0,0.0,0.0,0.0,0.05542000000000002,0.0,25.7,Normal,Normal,Normal
2026-03-27 13:00:00,hot_greenhouse,6.82,27.08,6.95,0.264,0.591,46.05,1.751,871.7,99.0,29.94,72.34,29261.0,-0.2588190451025208,-0.9659258262890683,0.995918996147179,0.09025161003104117,0.0,0.0,0.0,0.18199999999999994,0.0,0.0,0.0,0.0,0.030939999999999992,0.0,14.3,Normal,Normal,Normal
2026-03-27 14:00:00,hot_greenhouse,6.83,27.58,6.73,0.245,0.547,45.88,1.761,872.5,99.0,29.77,69.46,24178.0,-0.4999999999999997,-0.8660254037844388,0.995918996147179,0.09025161003104117,0.0,0.0,0.0,0.09400000000000008,0.0,0.0,0.0,0.0,0.015980000000000015,0.0,7.4,Normal,Normal,Normal
2026-03-27 15:00:00,hot_greenhouse,6.83,28.02,6.98,0.231,0.488,46.11,1.769,871.6,99.0,29.5,70.96,17838.0,-0.7071067811865471,-0.7071067811865479,0.995918996147179,0.09025161003104117,0.0,0.0,0.0,0.0,0.0,0.0,0.0,0.0,0.0,0.0,0.0,Normal,Normal,Normal
2026-03-27 16:00:00,hot_greenhouse,6.83,28.41,6.92,0.196,0.421,46.99,1.751,867.8,99.0,28.86,68.05,11276.0,-0.8660254037844385,-0.5000000000000004,0.995918996147179,0.09025161003104117,0.0,0.0,0.0,0.0,0.0,0.0,0.0,0.0,0.0,0.0,0.0,Normal,Normal,Normal
2026-03-27 17:00:00,hot_greenhouse,6.84,28.74,6.85,0.306,0.364,46.87,1.764,878.5,99.0,27.49,71.62,4236.0,-0.9659258262890683,-0.25881904510252063,0.995918996147179,0.09025161003104117,0.0,0.0,0.0,0.0,0.0,0.0,0.0,0.0,0.0,0.0,0.0,Normal,Normal,Normal
2026-03-27 18:00:00,hot_greenhouse,6.85,29.09,6.79,0.266,0.298,46.51,1.766,893.1,99.0,27.39,69.18,0.0,-1.0,-1.8369701987210297e-16,0.995918996147179,0.09025161003104117,0.0,0.0,0.0,0.0,0.0,0.0,0.0,0.0,0.0,0.0,0.0,Normal,Normal,Normal
2026-03-27 19:00:00,hot_greenhouse,6.85,29.36,6.78,0.207,0.223,47.31,1.765,886.7,99.0,27.88,71.97,42.0,-0.9659258262890684,0.2588190451025203,0.995918996147179,0.09025161003104117,0.0,0.0,0.0,0.0,0.0,0.0,0.0,0.0,0.0,0.0,0.0,Normal,Normal,Normal
2026-03-27 20:00:00,hot_greenhouse,6.86,29.63,6.87,0.196,0.189,46.7,1.741,875.6,99.0,28.42,71.48,83.0,-0.8660254037844386,0.5000000000000001,0.995918996147179,0.09025161003104117,0.0,0.0,0.0,0.0,0.0,0.0,0.0,0.0,0.0,0.0,0.0,Normal,Normal,Normal
2026-03-27 21:00:00,hot_greenhouse,6.86,29.82,6.68,0.144,0.094,46.47,1.753,866.9,99.0,28.97,69.53,46.0,-0.7071067811865477,0.7071067811865474,0.995918996147179,0.09025161003104117,0.0,0.0,0.0,0.0,0.0,0.0,0.0,0.0,0.0,0.0,0.0,Normal,Normal,Normal
2026-03-27 22:00:00,hot_greenhouse,6.86,30.07,6.8,0.131,0.098,46.48,1.769,875.7,99.0,29.2,68.82,82.0,-0.5000000000000004,0.8660254037844384,0.995918996147179,0.09025161003104117,0.0,0.0,0.0,0.0,0.0,0.0,0.0,0.03500000000000014,0.0077000000000000315,0.0,2.5,Normal,Normal,Normal
2026-03-27 23:00:00,hot_greenhouse,6.87,30.32,6.66,0.091,0.082,46.84,1.758,882.1,99.0,29.6,65.61,44.0,-0.25881904510252157,0.9659258262890681,0.995918996147179,0.09025161003104117,0.0,0.0,0.0,0.0,0.0,0.0,0.0,0.16000000000000014,0.03520000000000003,0.0,11.3,Normal,Normal,Normal
2026-03-28 00:00:00,hot_greenhouse,6.85,30.63,6.5,0.103,0.077,46.5,1.771,900.4,99.0,29.76,66.1,1.0,0.0,1.0,0.9973249731081555,0.07309512989807777,0.0,0.0,0.0,0.0,0.0019999999999998864,0.0,0.0,0.3149999999999995,0.06929999999999989,0.0,22.3,Normal,Normal,Normal
2026-03-28 01:00:00,hot_greenhouse,6.84,30.82,6.65,0.103,0.069,46.29,1.766,878.1,99.0,29.79,66.25,81.0,0.25881904510252074,0.9659258262890683,0.9973249731081555,0.07309512989807777,0.0,0.0,0.0,0.0,0.0,0.0,0.0,0.41000000000000014,0.09020000000000003,0.0,29.1,Normal,Normal,Normal
2026-03-28 02:00:00,hot_greenhouse,6.86,31.04,6.52,0.095,0.056,45.58,1.759,887.7,99.0,30.89,63.46,68.0,0.49999999999999994,0.8660254037844387,0.9973249731081555,0.07309512989807777,0.0,0.0,0.0,0.0,0.0,0.0,0.0,0.5199999999999996,0.1143999999999999,0.0,36.9,Warning,Normal,Normal
2026-03-28 03:00:00,hot_greenhouse,6.86,31.21,6.52,0.094,0.059,46.23,1.808,890.8,99.0,30.15,64.3,51.0,0.7071067811865476,0.7071067811865476,0.9973249731081555,0.07309512989807777,0.0,0.0,0.0,0.0,0.02000000000000001,0.0,0.0,0.6050000000000004,0.1331000000000001,0.0,42.9,Warning,Normal,Normal
2026-03-28 04:00:00,hot_greenhouse,6.86,31.28,6.54,0.092,0.059,46.14,1.776,904.0,99.0,30.72,65.23,49.0,0.8660254037844386,0.5000000000000001,0.9973249731081555,0.07309512989807777,0.0,0.0,0.0,0.0,0.02,0.0,0.0,0.6400000000000006,0.14080000000000012,0.0,45.4,Warning,Normal,Normal
2026-03-28 05:00:00,hot_greenhouse,6.86,31.41,6.53,0.083,0.067,46.27,1.801,903.2,99.0,31.24,61.54,35.0,0.9659258262890683,0.25881904510252074,0.9973249731081555,0.07309512989807777,0.0,0.0,0.0,0.0,0.016000000000000226,0.0,0.0,0.7050000000000001,0.15510000000000002,0.0,50.0,Warning,Normal,Normal
2026-03-28 06:00:00,hot_greenhouse,6.87,31.42,6.51,0.1,0.071,45.72,1.796,904.1,99.0,30.99,63.13,48.0,1.0,6.123233995736766e-17,0.9973249731081555,0.07309512989807777,0.0,0.0,0.0,0.0,0.020500000000000115,0.0,0.0,0.7100000000000009,0.1562000000000002,0.0,50.4,Warning,Normal,Normal
2026-03-28 07:00:00,hot_greenhouse,6.89,31.47,6.55,0.216,0.085,45.89,1.819,907.2,99.0,32.37,55.51,3779.0,0.9659258262890683,-0.25881904510252063,0.9973249731081555,0.07309512989807777,0.0,0.0,0.0,0.0,0.04749999999999975,0.0,0.0,0.7349999999999994,0.16169999999999987,0.12333333333333248,52.3,Warning,Normal,Normal
2026-03-28 08:00:00,hot_greenhouse,6.89,31.43,6.38,0.198,0.079,46.17,1.82,906.8,99.0,32.83,53.99,10739.0,0.8660254037844387,-0.4999999999999998,0.9973249731081555,0.07309512989807777,0.0,0.0,0.0,0.0,0.05000000000000003,0.0,0.0,0.7149999999999999,0.15729999999999997,0.2766666666666661,50.9,Warning,Normal,Normal
2026-03-28 09:00:00,hot_greenhouse,6.88,31.45,6.23,0.171,0.07,47.05,1.8,890.4,99.0,33.88,53.39,17965.0,0.7071067811865476,-0.7071067811865475,0.9973249731081555,0.07309512989807777,0.0,0.0,0.0,0.0,0.0,0.0,0.0,0.7249999999999996,0.15949999999999992,0.6266666666666675,51.7,Warning,Normal,Normal
2026-03-28 10:00:00,hot_greenhouse,6.89,31.47,6.24,0.156,0.084,46.4,1.813,895.0,99.0,35.95,48.46,24537.0,0.49999999999999994,-0.8660254037844387,0.9973249731081555,0.07309512989807777,0.0,0.0,0.0,0.0,0.03249999999999974,0.0,0.0,0.7349999999999994,0.16169999999999987,1.0,52.7,Warning,Normal,Normal
2026-03-28 11:00:00,hot_greenhouse,6.92,31.48,6.23,0.121,0.046,46.68,1.807,899.1,99.0,36.67,50.39,28857.0,0.258819045102521,-0.9659258262890682,0.9973249731081555,0.07309512989807777,0.0,0.0,0.0,0.0,0.01749999999999973,0.0,0.0,0.7400000000000002,0.16280000000000006,1.0,53.0,Warning,Normal,Normal
2026-03-28 12:00:00,hot_greenhouse,6.92,31.49,6.26,0.109,0.045,46.85,1.801,911.5,99.0,36.36,49.46,30416.0,1.2246467991473532e-16,-1.0,0.9973249731081555,0.07309512989807777,0.0,0.0,0.0,0.0,0.0575,0.0,0.0,0.7449999999999992,0.16389999999999982,1.0,53.5,Warning,Normal,Normal
2026-03-28 13:00:00,hot_greenhouse,6.93,31.39,6.12,0.129,0.07,45.72,1.795,910.2,99.0,35.91,50.09,36654.0,-0.2588190451025208,-0.9659258262890683,0.9973249731081555,0.07309512989807777,0.0,0.0,0.0,0.0,0.051000000000000226,0.0,0.0,0.6950000000000003,0.15290000000000006,1.0,49.9,Warning,Normal,Normal
2026-03-28 14:00:00,hot_greenhouse,6.93,31.26,6.38,0.103,0.054,45.74,1.768,892.4,99.0,33.93,52.2,31539.0,-0.4999999999999997,-0.8660254037844388,0.9973249731081555,0.07309512989807777,0.0,0.0,0.0,0.0,0.0,0.0,0.0,0.6300000000000008,0.13860000000000017,0.6433333333333332,45.0,Warning,Normal,Normal
2026-03-28 15:00:00,hot_greenhouse,6.91,30.99,6.37,0.059,0.073,45.36,1.749,891.0,99.0,32.91,53.66,23108.0,-0.7071067811865471,-0.7071067811865479,0.9973249731081555,0.07309512989807777,0.0,0.0,0.0,0.0,0.0,0.0,0.0,0.4949999999999992,0.10889999999999983,0.3033333333333322,35.3,Warning,Normal,Normal
2026-03-28 16:00:00,hot_greenhouse,6.92,30.74,6.48,0.084,0.07,46.16,1.78,888.8,99.0,31.06,60.52,12641.0,-0.8660254037844385,-0.5000000000000004,0.9973249731081555,0.07309512989807777,0.0,0.0,0.0,0.0,0.0,0.0,0.0,0.3699999999999992,0.08139999999999983,0.0,26.2,Normal,Normal,Normal
2026-03-28 17:00:00,hot_greenhouse,6.92,30.44,6.65,0.168,0.064,45.81,1.8,886.8,99.0,30.26,63.87,4087.0,-0.9659258262890683,-0.25881904510252063,0.9973249731081555,0.07309512989807777,0.0,0.0,0.0,0.0,0.0,0.0,0.0,0.22000000000000064,0.048400000000000144,0.0,15.6,Normal,Normal,Normal
2026-03-28 18:00:00,hot_greenhouse,6.92,30.06,6.74,0.184,0.077,45.23,1.759,889.1,99.0,28.32,64.34,0.0,-1.0,-1.8369701987210297e-16,0.9973249731081555,0.07309512989807777,0.0,0.0,0.0,0.0,0.0,0.0,0.0,0.02999999999999936,0.0065999999999998595,0.0,2.1,Normal,Normal,Normal
2026-03-28 19:00:00,hot_greenhouse,6.92,29.65,6.85,0.168,0.052,46.09,1.762,879.6,99.0,28.44,70.24,76.0,-0.9659258262890684,0.2588190451025203,0.9973249731081555,0.07309512989807777,0.0,0.0,0.0,0.0,0.0,0.0,0.0,0.0,0.0,0.0,0.0,Normal,Normal,Normal
2026-03-28 20:00:00,hot_greenhouse,6.92,29.24,6.97,0.132,0.078,45.81,1.776,882.1,99.0,27.97,71.52,66.0,-0.8660254037844386,0.5000000000000001,0.9973249731081555,0.07309512989807777,0.0,0.0,0.0,0.0,0.0,0.0,0.0,0.0,0.0,0.0,0.0,Normal,Normal,Normal
2026-03-28 21:00:00,hot_greenhouse,6.9,28.72,6.91,0.121,0.072,45.48,1.782,891.1,99.0,26.77,74.56,41.0,-0.7071067811865477,0.7071067811865474,0.9973249731081555,0.07309512989807777,0.0,0.0,0.0,0.0,0.0,0.0,0.0,0.0,0.0,0.0,0.0,Normal,Normal,Normal
2026-03-28 22:00:00,hot_greenhouse,6.9,28.22,7.14,0.131,0.07,46.07,1.785,888.8,99.0,26.7,77.4,80.0,-0.5000000000000004,0.8660254037844384,0.9973249731081555,0.07309512989807777,0.0,0.0,0.0,0.0,0.0,0.0,0.0,0.0,0.0,0.0,0.0,Normal,Normal,Normal
2026-03-28 23:00:00,hot_greenhouse,6.9,27.76,7.25,0.137,0.065,44.87,1.745,879.4,99.0,25.98,78.39,83.0,-0.25881904510252157,0.9659258262890681,0.9973249731081555,0.07309512989807777,0.0,0.0,0.0,0.0,0.0,0.0,0.0,0.0,0.0,0.0,0.0,Normal,Normal,Normal
2026-03-29 00:00:00,hot_greenhouse,6.9,27.36,7.4,0.115,0.059,45.9,1.772,879.8,99.0,25.39,80.13,48.0,0.0,1.0,0.9984354211555643,0.055916990100603484,0.0,0.0,0.0,0.0,0.0,0.0,0.0,0.0,0.0,0.012999999999999545,0.4,Normal,Normal,Normal
2026-03-29 01:00:00,hot_greenhouse,6.89,26.95,7.55,0.117,0.079,45.8,1.777,899.2,99.0,24.5,83.06,2.0,0.25881904510252074,0.9659258262890683,0.9984354211555643,0.055916990100603484,0.0,0.0,0.0,0.0,0.0,0.0,0.0,0.0,0.0,0.3060000000000002,10.5,Normal,Normal,Normal
2026-03-29 02:00:00,hot_greenhouse,6.9,26.48,7.64,0.124,0.064,45.77,1.783,892.3,99.0,23.86,85.56,37.0,0.49999999999999994,0.8660254037844387,0.9984354211555643,0.055916990100603484,0.0,0.0,0.0,0.0,0.0,0.0,0.0,0.0,0.0,0.5560000000000003,19.1,Normal,Normal,Normal
2026-03-29 03:00:00,hot_greenhouse,6.88,26.05,7.64,0.107,0.068,46.23,1.8,909.5,99.0,23.67,85.74,19.0,0.7071067811865476,0.7071067811865476,0.9984354211555643,0.055916990100603484,0.0,0.0,0.0,0.0,0.0475,0.0,0.0,0.0,0.0,0.5739999999999995,19.8,Normal,Normal,Normal
2026-03-29 04:00:00,hot_greenhouse,6.88,25.54,7.65,0.11,0.062,46.88,1.797,906.1,99.0,22.68,90.1,61.0,0.8660254037844386,0.5000000000000001,0.9984354211555643,0.055916990100603484,0.0,0.0,0.0,0.0,0.030500000000000114,0.0,0.0,0.0,0.0,1.0,34.4,Warning,Normal,Normal
2026-03-29 05:00:00,hot_greenhouse,6.88,25.03,7.73,0.139,0.073,45.76,1.795,887.1,99.0,22.64,88.76,77.0,0.9659258262890683,0.25881904510252074,0.9984354211555643,0.055916990100603484,0.0,0.0,0.0,0.0,0.0,0.0,0.0,0.0,0.0,0.8760000000000006,30.1,Warning,Normal,Normal
2026-03-29 06:00:00,low_nutrient,6.86,25.03,7.87,0.135,0.071,43.42,1.763,868.5,99.0,22.67,90.08,34.0,1.0,6.123233995736766e-17,0.9984354211555643,0.055916990100603484,0.0,0.0,0.0,0.0,0.0,0.0,0.0,0.0,0.0,1.0,34.3,Warning,Normal,Normal
2026-03-29 07:00:00,low_nutrient,6.86,25.0,7.81,0.252,0.073,41.92,1.706,841.9,99.0,22.65,83.27,4645.0,0.9659258262890683,-0.25881904510252063,0.9984354211555643,0.055916990100603484,0.0,0.0,0.0,0.0,0.0,0.0,0.0,0.0,0.0,0.3269999999999996,11.2,Normal,Normal,Normal
2026-03-29 08:00:00,low_nutrient,6.88,25.04,7.72,0.221,0.094,39.36,1.627,809.1,99.0,24.73,80.86,13624.0,0.8660254037844387,-0.4999999999999998,0.9984354211555643,0.055916990100603484,0.0,0.0,0.0,0.0,0.0,0.0,0.0,0.0,0.0,0.08599999999999994,3.0,Normal,Normal,Normal
2026-03-29 09:00:00,low_nutrient,6.91,25.12,7.59,0.205,0.086,37.34,1.558,781.9,99.0,26.65,78.73,23348.0,0.7071067811865476,-0.7071067811865475,0.9984354211555643,0.055916990100603484,0.0,0.0,0.0,0.0,0.0,0.0,0.0,0.0,0.0,0.0,0.0,Normal,Normal,Normal
2026-03-29 10:00:00,low_nutrient,6.89,25.25,7.31,0.2,0.091,35.54,1.506,764.2,99.0,27.33,76.89,31119.0,0.49999999999999994,-0.8660254037844387,0.9984354211555643,0.055916990100603484,0.0,0.0,0.0,0.0,0.0,0.0,0.0,0.0,0.0,0.0,0.0,Normal,Normal,Normal
2026-03-29 11:00:00,low_nutrient,6.89,25.41,7.33,0.18,0.073,33.37,1.452,733.5,99.0,28.75,76.48,36840.0,0.258819045102521,-0.9659258262890682,0.9984354211555643,0.055916990100603484,0.0,0.0,0.0,0.0,0.0,0.0,0.0,0.0,0.0,0.0,0.0,Normal,Normal,Normal
2026-03-29 12:00:00,low_nutrient,6.88,25.52,7.44,0.142,0.07,31.65,1.399,709.5,99.0,28.55,74.19,38939.0,1.2246467991473532e-16,-1.0,0.9984354211555643,0.055916990100603484,0.0,0.0,0.0,0.0,0.0,0.0,0.0,0.0,0.0,0.0,0.0,Normal,Normal,Normal
2026-03-29 13:00:00,low_nutrient,6.87,25.6,7.48,0.152,0.074,29.4,1.402,689.5,99.0,28.66,74.59,28178.0,-0.2588190451025208,-0.9659258262890683,0.9984354211555643,0.055916990100603484,0.0,0.0,0.0,0.0,0.0,0.0,0.0,0.0,0.0,0.0,0.0,Normal,Normal,Normal
2026-03-29 14:00:00,low_nutrient,6.89,25.67,7.57,0.137,0.071,27.27,1.376,685.7,99.0,26.87,77.71,23427.0,-0.4999999999999997,-0.8660254037844388,0.9984354211555643,0.055916990100603484,0.0,0.0,0.0,0.0,0.0,0.0,0.0,0.0,0.0,0.0,0.0,Normal,Normal,Normal
2026-03-29 15:00:00,low_nutrient,6.9,25.67,7.61,0.132,0.07,25.57,1.335,660.6,99.0,25.86,80.87,17150.0,-0.7071067811865471,-0.7071067811865479,0.9984354211555643,0.055916990100603484,0.0,0.0,0.0,0.0,0.0,0.0,0.0,0.0,0.0,0.08700000000000045,3.0,Normal,Normal,Normal
2026-03-29 16:00:00,low_nutrient,6.89,25.68,7.52,0.123,0.084,24.01,1.299,642.8,99.0,24.69,81.2,10490.0,-0.8660254037844385,-0.5000000000000004,0.9984354211555643,0.055916990100603484,0.0,0.0,0.0,0.0,0.0,0.0,0.0,0.0,0.0,0.12000000000000029,4.1,Normal,Normal,Normal
2026-03-29 17:00:00,low_nutrient,6.88,25.57,7.67,0.249,0.08,22.69,1.244,624.8,99.0,23.51,85.92,3063.0,-0.9659258262890683,-0.25881904510252063,0.9984354211555643,0.055916990100603484,0.0,0.0,0.0,0.0,0.0,0.0,0.0,0.0,0.0,0.5920000000000002,20.3,Normal,Normal,Normal
2026-03-29 18:00:00,low_nutrient,6.88,25.53,7.7,0.211,0.082,21.5,1.201,597.3,99.0,22.93,83.63,0.0,-1.0,-1.8369701987210297e-16,0.9984354211555643,0.055916990100603484,0.0,0.0,0.0,0.0,0.0,0.0,0.0,0.0,0.0,0.36299999999999955,12.5,Normal,Normal,Normal
2026-03-29 19:00:00,low_nutrient,6.88,25.52,7.68,0.177,0.072,20.56,1.172,592.3,99.0,22.8,86.8,38.0,-0.9659258262890684,0.2588190451025203,0.9984354211555643,0.055916990100603484,0.0,0.0,0.0,0.0,0.0,0.0,0.0,0.0,0.0,0.6799999999999997,23.3,Normal,Normal,Normal
2026-03-29 20:00:00,low_nutrient,6.9,25.5,7.78,0.166,0.063,19.55,1.168,590.1,99.0,23.21,91.03,32.0,-0.8660254037844386,0.5000000000000001,0.9984354211555643,0.055916990100603484,0.0,0.0,0.0,0.0,0.04499999999999993,0.0,0.0,0.0,0.0,1.0,34.4,Warning,Normal,Normal
2026-03-29 21:00:00,low_nutrient,6.89,25.42,7.79,0.146,0.078,19.06,1.201,575.2,99.0,22.41,89.31,59.0,-0.7071067811865477,0.7071067811865474,0.9984354211555643,0.055916990100603484,0.0,0.0,0.0,0.0,0.09400000000000013,0.0,0.0,0.0,0.0,0.9310000000000003,32.1,Warning,Normal,Normal
2026-03-29 22:00:00,low_nutrient,6.9,25.28,7.92,0.137,0.066,17.76,1.127,559.0,99.0,22.41,89.4,27.0,-0.5000000000000004,0.8660254037844384,0.9984354211555643,0.055916990100603484,0.0,0.0,0.0,0.0,0.22399999999999984,0.0,0.0,0.0,0.0,0.9400000000000006,32.7,Warning,Normal,Normal
2026-03-29 23:00:00,low_nutrient,6.88,25.24,7.85,0.122,0.049,17.32,1.148,565.9,99.0,22.37,89.56,80.0,-0.25881904510252157,0.9659258262890681,0.9984354211555643,0.055916990100603484,0.0,0.0,0.0,0.0,0.26799999999999996,0.0,0.0,0.0,0.0,0.9560000000000002,33.4,Warning,Normal,Normal
2026-03-30 00:00:00,low_nutrient,6.88,25.13,7.86,0.103,0.065,16.37,1.148,565.1,99.0,22.35,89.59,81.0,0.0,1.0,0.9992500112396835,0.03872228089217446,0.0,0.0,0.0,0.0,0.3629999999999999,0.0,0.0,0.0,0.0,0.9590000000000003,33.7,Warning,Normal,Normal
2026-03-30 01:00:00,low_nutrient,6.88,25.12,7.67,0.117,0.049,15.96,1.145,587.7,99.0,23.2,90.31,20.0,0.25881904510252074,0.9659258262890683,0.9992500112396835,0.03872228089217446,0.0,0.0,0.0,0.0,0.4039999999999999,0.0,0.0,0.0,0.0,1.0,35.2,Warning,Normal,Normal
2026-03-30 02:00:00,low_nutrient,6.88,25.13,7.74,0.109,0.047,16.48,1.114,574.2,99.0,23.09,89.81,64.0,0.49999999999999994,0.8660254037844387,0.9992500112396835,0.03872228089217446,0.0,0.0,0.0,0.0,0.352,0.0,0.0,0.0,0.0,0.9810000000000002,34.4,Warning,Normal,Normal
2026-03-30 03:00:00,low_nutrient,6.89,25.13,7.8,0.093,0.049,16.71,1.146,570.5,99.0,22.56,88.66,20.0,0.7071067811865476,0.7071067811865476,0.9992500112396835,0.03872228089217446,0.0,0.0,0.0,0.0,0.3289999999999999,0.0,0.0,0.0,0.0,0.8659999999999997,30.4,Warning,Normal,Normal
2026-03-30 04:00:00,low_nutrient,6.89,25.17,7.75,0.064,0.059,16.67,1.143,580.2,99.0,22.9,90.97,38.0,0.8660254037844386,0.5000000000000001,0.9992500112396835,0.03872228089217446,0.0,0.0,0.0,0.0,0.33299999999999985,0.0,0.0,0.0,0.0,1.0,35.0,Warning,Normal,Normal
2026-03-30 05:00:00,low_nutrient,6.89,25.15,7.73,0.103,0.061,16.97,1.191,592.5,99.0,22.72,91.34,8.0,0.9659258262890683,0.25881904510252074,0.9992500112396835,0.03872228089217446,0.0,0.0,0.0,0.0,0.3030000000000001,0.0,0.0,0.0,0.0,1.0,35.0,Warning,Normal,Normal
2026-03-30 06:00:00,low_nutrient,6.9,25.16,7.83,0.092,0.066,17.88,1.192,602.1,99.0,23.3,88.31,0.0,1.0,6.123233995736766e-17,0.9992500112396835,0.03872228089217446,0.0,0.0,0.0,0.0,0.2120000000000001,0.0,0.0,0.0,0.0,0.8310000000000002,29.0,Normal,Normal,Normal
2026-03-30 07:00:00,low_nutrient,6.91,25.16,7.72,0.212,0.072,18.23,1.232,621.2,99.0,23.66,83.46,3586.0,0.9659258262890683,-0.25881904510252063,0.9992500112396835,0.03872228089217446,0.0,0.0,0.0,0.0,0.17699999999999996,0.0,0.0,0.0,0.0,0.34599999999999936,12.5,Normal,Normal,Normal
2026-03-30 08:00:00,low_nutrient,6.89,25.21,7.63,0.207,0.066,19.4,1.246,626.2,99.0,24.96,83.28,9566.0,0.8660254037844387,-0.4999999999999998,0.9992500112396835,0.03872228089217446,0.0,0.0,0.0,0.0,0.060000000000000143,0.0,0.0,0.0,0.0,0.3280000000000001,11.4,Normal,Normal,Normal
2026-03-30 09:00:00,low_nutrient,6.89,25.3,7.68,0.168,0.077,20.53,1.273,635.0,99.0,27.42,78.14,17004.0,0.7071067811865476,-0.7071067811865475,0.9992500112396835,0.03872228089217446,0.0,0.0,0.0,0.0,0.0,0.0,0.0,0.0,0.0,0.0,0.0,Normal,Normal,Normal
2026-03-30 10:00:00,low_nutrient,6.87,25.48,7.5,0.144,0.068,22.64,1.301,653.1,99.0,28.13,77.42,23547.0,0.49999999999999994,-0.8660254037844387,0.9992500112396835,0.03872228089217446,0.0,0.0,0.0,0.0,0.0,0.0,0.0,0.0,0.0,0.0,0.0,Normal,Normal,Normal
2026-03-30 11:00:00,low_nutrient,6.88,25.69,7.48,0.141,0.079,24.51,1.337,665.5,99.0,28.74,76.31,27083.0,0.258819045102521,-0.9659258262890682,0.9992500112396835,0.03872228089217446,0.0,0.0,0.0,0.0,0.0,0.0,0.0,0.0,0.0,0.0,0.0,Normal,Normal,Normal
2026-03-30 12:00:00,low_nutrient,6.87,25.83,7.3,0.125,0.066,25.74,1.385,684.5,99.0,29.66,73.55,28978.0,1.2246467991473532e-16,-1.0,0.9992500112396835,0.03872228089217446,0.0,0.0,0.0,0.0,0.0,0.0,0.0,0.0,0.0,0.0,0.0,Normal,Normal,Normal
2026-03-30 13:00:00,low_nutrient,6.86,25.9,7.31,0.134,0.045,27.52,1.409,697.5,99.0,29.62,72.11,32266.0,-0.2588190451025208,-0.9659258262890683,0.9992500112396835,0.03872228089217446,0.0,0.0,0.0,0.0,0.0,0.0,0.0,0.0,0.0,0.0,0.0,Normal,Normal,Normal
2026-03-30 14:00:00,low_nutrient,6.83,25.97,7.36,0.121,0.066,28.91,1.452,733.4,99.0,28.39,76.2,27073.0,-0.4999999999999997,-0.8660254037844388,0.9992500112396835,0.03872228089217446,0.0,0.0,0.0,0.0,0.0,0.0,0.0,0.0,0.0,0.0,0.0,Normal,Normal,Normal
2026-03-30 15:00:00,low_nutrient,6.84,26.05,7.49,0.113,0.063,30.91,1.507,745.4,99.0,27.47,76.18,19299.0,-0.7071067811865471,-0.7071067811865479,0.9992500112396835,0.03872228089217446,0.0,0.0,0.0,0.0,0.0,0.0,0.0,0.0,0.0,0.0,0.0,Normal,Normal,Normal
2026-03-30 16:00:00,low_nutrient,6.83,26.11,7.45,0.103,0.075,32.9,1.535,770.8,99.0,25.99,80.61,11735.0,-0.8660254037844385,-0.5000000000000004,0.9992500112396835,0.03872228089217446,0.0,0.0,0.0,0.0,0.0,0.0,0.0,0.0,0.0,0.06099999999999994,2.1,Normal,Normal,Normal
2026-03-30 17:00:00,low_nutrient,6.82,26.08,7.6,0.242,0.062,34.85,1.594,789.3,99.0,24.1,81.86,3857.0,-0.9659258262890683,-0.25881904510252063,0.9992500112396835,0.03872228089217446,0.0,0.0,0.0,0.0,0.0,0.0,0.0,0.0,0.0,0.18599999999999994,6.4,Normal,Normal,Normal
2026-03-30 18:00:00,low_nutrient,6.84,25.94,7.64,0.209,0.089,36.64,1.607,810.9,99.0,23.83,85.63,105.0,-1.0,-1.8369701987210297e-16,0.9992500112396835,0.03872228089217446,0.0,0.0,0.0,0.0,0.0,0.0,0.0,0.0,0.0,0.5629999999999995,19.3,Normal,Normal,Normal
2026-03-30 19:00:00,low_nutrient,6.83,25.89,7.55,0.193,0.078,39.63,1.657,832.0,99.0,24.3,87.8,35.0,-0.9659258262890684,0.2588190451025203,0.9992500112396835,0.03872228089217446,0.0,0.0,0.0,0.0,0.0,0.0,0.0,0.0,0.0,0.7799999999999997,26.8,Normal,Normal,Normal
2026-03-30 20:00:00,low_nutrient,6.81,25.82,7.63,0.15,0.089,41.22,1.699,852.0,99.0,24.25,89.14,31.0,-0.8660254037844386,0.5000000000000001,0.9992500112396835,0.03872228089217446,0.0,0.0,0.0,0.0,0.0,0.0,0.0,0.0,0.0,0.914,31.4,Warning,Normal,Normal
2026-03-30 21:00:00,low_nutrient,6.82,25.71,7.79,0.14,0.076,43.71,1.749,871.8,99.0,23.44,87.01,59.0,-0.7071067811865477,0.7071067811865474,0.9992500112396835,0.03872228089217446,0.0,0.0,0.0,0.0,0.0,0.0,0.0,0.0,0.0,0.7010000000000005,24.0,Normal,Normal,Normal
2026-03-30 22:00:00,low_nutrient,6.82,25.61,7.92,0.157,0.063,45.8,1.79,907.7,99.0,24.19,87.16,77.0,-0.5000000000000004,0.8660254037844384,0.9992500112396835,0.03872228089217446,0.0,0.0,0.0,0.0,0.03850000000000023,0.0,0.0,0.0,0.0,0.7159999999999996,24.6,Normal,Normal,Normal
2026-03-30 23:00:00,normal,6.84,25.65,7.71,0.119,0.06,45.76,1.798,885.4,99.0,24.25,87.86,33.0,-0.25881904510252157,0.9659258262890681,0.9992500112396835,0.03872228089217446,0.0,0.0,0.0,0.0,0.0,0.0,0.0,0.0,0.0,0.7859999999999999,27.0,Normal,Normal,Normal
2026-03-31 00:00:00,normal,6.83,25.58,7.8,0.144,0.056,46.35,1.801,889.2,99.0,24.1,85.9,21.0,0.0,1.0,0.9997685019798909,0.021516097436222254,0.0,0.0,0.0,0.0,0.002499999999999724,0.0,0.0,0.0,0.0,0.5900000000000005,20.2,Normal,Normal,Normal
2026-03-31 01:00:00,normal,6.85,25.54,7.85,0.142,0.056,46.29,1.803,904.4,99.0,24.08,88.16,90.0,0.25881904510252074,0.9659258262890683,0.9997685019798909,0.021516097436222254,0.0,0.0,0.0,0.0,0.021999999999999888,0.0,0.0,0.0,0.0,0.8159999999999996,28.0,Normal,Normal,Normal
2026-03-31 02:00:00,normal,6.86,25.51,7.65,0.109,0.061,46.22,1.793,892.7,99.0,24.52,87.31,28.0,0.49999999999999994,0.8660254037844387,0.9997685019798909,0.021516097436222254,0.0,0.0,0.0,0.0,0.0,0.0,0.0,0.0,0.0,0.7310000000000002,25.1,Normal,Normal,Normal
2026-03-31 03:00:00,normal,6.88,25.45,7.66,0.127,0.052,46.09,1.804,898.1,99.0,24.4,86.97,21.0,0.7071067811865476,0.7071067811865476,0.9997685019798909,0.021516097436222254,0.0,0.0,0.0,0.0,0.010000000000000005,0.0,0.0,0.0,0.0,0.6969999999999998,23.9,Normal,Normal,Normal
2026-03-31 04:00:00,normal,6.88,25.4,7.74,0.135,0.066,46.53,1.819,920.6,99.0,24.49,88.22,52.0,0.8660254037844386,0.5000000000000001,0.9997685019798909,0.021516097436222254,0.0,0.0,0.0,0.0,0.10300000000000012,0.0,0.0,0.0,0.0,0.8219999999999998,28.4,Normal,Normal,Normal
2026-03-31 05:00:00,normal,6.87,25.43,7.69,0.105,0.057,46.37,1.823,898.8,99.0,24.36,88.34,22.0,0.9659258262890683,0.25881904510252074,0.9997685019798909,0.021516097436222254,0.0,0.0,0.0,0.0,0.05749999999999975,0.0,0.0,0.0,0.0,0.8340000000000003,28.7,Normal,Normal,Normal
2026-03-31 06:00:00,normal,6.87,25.37,7.73,0.103,0.072,46.3,1.836,895.5,99.0,24.03,85.42,64.0,1.0,6.123233995736766e-17,0.9997685019798909,0.021516097436222254,0.0,0.0,0.0,0.0,0.09000000000000005,0.0,0.0,0.0,0.0,0.5420000000000001,18.8,Normal,Normal,Normal
2026-03-31 07:00:00,normal,6.86,25.37,7.7,0.246,0.068,46.19,1.838,911.5,99.0,24.4,80.98,4233.0,0.9659258262890683,-0.25881904510252063,0.9997685019798909,0.021516097436222254,0.0,0.0,0.0,0.0,0.09500000000000006,0.0,0.0,0.0,0.0,0.09800000000000039,6.7,Normal,Normal,Normal
2026-03-31 08:00:00,normal,6.87,25.43,7.77,0.208,0.07,46.67,1.802,910.4,99.0,26.28,77.02,11509.0,0.8660254037844387,-0.4999999999999998,0.9997685019798909,0.021516097436222254,0.0,0.0,0.0,0.0,0.05199999999999989,0.0,0.0,0.0,0.0,0.0,3.6,Normal,Normal,Normal
2026-03-31 09:00:00,ph_drift,6.96,25.47,7.63,0.205,0.073,45.81,1.793,905.1,99.0,28.22,78.25,19715.0,0.7071067811865476,-0.7071067811865475,0.9997685019798909,0.021516097436222254,0.0,0.0,0.0,0.0,0.025500000000000113,0.0,0.0,0.0,0.0,0.0,1.8,Normal,Normal,Normal
2026-03-31 10:00:00,ph_drift,7.04,25.68,7.61,0.174,0.067,46.53,1.807,897.0,99.0,29.74,73.53,26405.0,0.49999999999999994,-0.8660254037844387,0.9997685019798909,0.021516097436222254,0.0,0.0,0.0,0.0,0.01749999999999973,0.0,0.0,0.0,0.0,0.0,1.2,Normal,Normal,Normal
2026-03-31 11:00:00,ph_drift,7.09,25.75,7.47,0.124,0.068,46.63,1.799,913.2,99.0,30.24,74.57,31956.0,0.258819045102521,-0.9659258262890682,0.9997685019798909,0.021516097436222254,0.0,0.0,0.0,0.0,0.06600000000000023,0.0,0.0,0.0,0.0,0.0,4.6,Normal,Normal,Normal
2026-03-31 12:00:00,ph_drift,7.17,25.89,7.3,0.119,0.073,45.7,1.806,905.3,99.0,30.74,70.86,33767.0,1.2246467991473532e-16,-1.0,0.9997685019798909,0.021516097436222254,0.0,0.0,0.0,0.0,0.026499999999999774,0.0,0.0,0.0,0.0,0.0,1.8,Normal,Normal,Normal
2026-03-31 13:00:00,ph_drift,7.25,26.08,7.21,0.122,0.053,45.97,1.825,907.4,99.0,29.43,72.89,36590.0,-0.2588190451025208,-0.9659258262890683,0.9997685019798909,0.021516097436222254,0.0,0.0,0.0,0.0,0.06249999999999976,0.0,0.0,0.0,0.0,0.0,4.4,Normal,Normal,Normal
2026-03-31 14:00:00,ph_drift,7.33,26.17,7.18,0.11,0.059,45.72,1.801,908.7,99.0,29.64,75.14,30391.0,-0.4999999999999997,-0.8660254037844388,0.9997685019798909,0.021516097436222254,0.0,0.0,0.0,0.0,0.043500000000000226,0.0,0.0,0.0,0.0,0.0,3.0,Normal,Normal,Normal
2026-03-31 15:00:00,ph_drift,7.38,26.15,7.39,0.107,0.064,46.31,1.811,911.9,99.0,27.64,77.84,22485.0,-0.7071067811865471,-0.7071067811865479,0.9997685019798909,0.021516097436222254,0.0,0.0,0.0,0.0,0.059499999999999886,0.0,0.0,0.0,0.0,0.0,4.1,Normal,Normal,Normal
2026-03-31 16:00:00,ph_drift,7.46,26.15,7.51,0.072,0.059,45.9,1.796,896.3,99.0,26.67,78.52,13329.0,-0.8660254037844385,-0.5000000000000004,0.9997685019798909,0.021516097436222254,0.0,0.0,0.0,0.0,0.0,0.0,0.0,0.0,0.0,0.0,0.0,Normal,Normal,Normal
2026-03-31 17:00:00,ph_drift,7.53,26.06,7.84,0.212,0.077,45.96,1.832,898.3,99.0,25.45,80.33,4507.0,-0.9659258262890683,-0.25881904510252063,0.9997685019798909,0.021516097436222254,0.0,0.0,0.0,0.0,0.08000000000000004,0.0,0.0,0.0,0.0,0.03299999999999983,5.6,Normal,Normal,Normal
2026-03-31 18:00:00,ph_drift,7.6,25.98,7.54,0.178,0.075,46.18,1.816,900.1,99.0,24.94,81.82,0.0,-1.0,-1.8369701987210297e-16,0.9997685019798909,0.021516097436222254,0.0,0.0,0.0,0.0,0.04000000000000002,0.0,0.0,0.0,0.0,0.18199999999999933,6.3,Normal,Normal,Normal
2026-03-31 19:00:00,ph_drift,7.66,25.91,7.67,0.176,0.069,45.82,1.793,904.7,99.0,24.87,88.35,59.0,-0.9659258262890684,0.2588190451025203,0.9997685019798909,0.021516097436222254,0.0,0.0,0.0,0.0,0.02350000000000023,0.3000000000000022,0.0,0.0,0.021000000000000157,0.8349999999999994,29.5,Normal,Normal,Normal
2026-03-31 20:00:00,ph_drift,7.7,25.85,7.65,0.164,0.072,45.04,1.801,900.4,99.0,24.85,85.07,15.0,-0.8660254037844386,0.5000000000000001,0.9997685019798909,0.021516097436222254,0.0,0.0,0.0,0.0,0.002499999999999724,0.5000000000000022,0.0,0.0,0.035000000000000156,0.5069999999999993,36.1,Warning,Normal,Normal
2026-03-31 21:00:00,ph_drift,7.74,25.84,7.71,0.149,0.066,45.44,1.797,881.7,99.0,25.31,84.47,63.0,-0.7071067811865477,0.7071067811865474,0.9997685019798909,0.021516097436222254,0.0,0.0,0.0,0.0,0.0,0.7000000000000022,0.0,0.0,0.049000000000000155,0.4469999999999999,50.4,Warning,Normal,Normal
2026-03-31 22:00:00,ph_drift,7.81,25.82,7.53,0.116,0.069,45.95,1.784,888.2,99.0,25.18,89.42,58.0,-0.5000000000000004,0.8660254037844384,0.9997685019798909,0.021516097436222254,0.0,0.0,0.0,0.0,0.0,1.0,0.0,0.0,0.07,0.9420000000000002,72.2,Critical,pH tidak stabil,pH tidak stabil
2026-03-31 23:00:00,ph_drift,7.86,25.8,7.56,0.127,0.074,45.86,1.769,880.2,99.0,25.09,85.65,9.0,-0.25881904510252157,0.9659258262890681,0.9997685019798909,0.021516097436222254,0.0,0.0,0.0,0.0,0.0,1.0,0.0,0.0,0.07,0.5650000000000006,72.0,Critical,pH tidak stabil,pH tidak stabil
2026-04-01 00:00:00,ph_drift,7.9,25.83,7.72,0.112,0.062,45.62,1.762,888.4,99.0,25.34,87.84,54.0,0.0,1.0,0.9999907397361901,0.004303538296244289,0.0,0.0,0.0,0.0,0.0,1.0,0.0,0.0,0.07,0.7840000000000004,72.1,Critical,pH tidak stabil,pH tidak stabil
2026-04-01 01:00:00,ph_drift,7.94,25.82,7.75,0.103,0.043,46.3,1.763,868.6,99.0,25.07,87.22,61.0,0.25881904510252074,0.9659258262890683,0.9999907397361901,0.004303538296244289,0.0,0.0,0.0,0.0,0.0,1.0,0.0,0.0,0.07,0.7219999999999999,72.1,Critical,pH tidak stabil,pH tidak stabil
2026-04-01 02:00:00,ph_drift,7.97,25.78,7.65,0.061,0.051,45.76,1.757,881.7,99.0,25.12,88.07,20.0,0.49999999999999994,0.8660254037844387,0.9999907397361901,0.004303538296244289,0.0,0.0,0.0,0.0,0.0,1.0,0.0,0.0,0.07,0.8069999999999993,72.1,Critical,pH tidak stabil,pH tidak stabil
2026-04-01 03:00:00,ph_drift,7.99,25.78,7.7,0.103,0.045,45.78,1.785,903.9,99.0,24.82,87.47,52.0,0.7071067811865476,0.7071067811865476,0.9999907397361901,0.004303538296244289,0.0,0.0,0.0,0.0,0.019499999999999885,1.0,0.0,0.0,0.07,0.7469999999999999,72.1,Critical,pH tidak stabil,pH tidak stabil
2026-04-01 04:00:00,ph_drift,8.02,25.63,7.84,0.082,0.055,45.73,1.796,884.1,99.0,25.1,86.26,21.0,0.8660254037844386,0.5000000000000001,0.9999907397361901,0.004303538296244289,0.0,0.0,0.0,0.0,0.0,1.0,0.0,0.0,0.07,0.6260000000000006,72.0,Critical,pH tidak stabil,pH tidak stabil
2026-04-01 05:00:00,ph_drift,8.04,25.65,7.8,0.087,0.069,46.49,1.76,901.6,99.0,24.84,87.96,26.0,0.9659258262890683,0.25881904510252074,0.9999907397361901,0.004303538296244289,0.0,0.0,0.0,0.0,0.008000000000000113,1.0,0.0,0.0,0.07,0.7959999999999994,72.1,Critical,pH tidak stabil,pH tidak stabil
2026-04-01 06:00:00,ph_drift,8.07,25.68,7.67,0.097,0.074,46.24,1.781,886.1,99.0,24.82,88.23,38.0,1.0,6.123233995736766e-17,0.9999907397361901,0.004303538296244289,0.0,0.0,0.0,0.0,0.0,1.0,0.0,0.0,0.07,0.8230000000000004,72.1,Critical,pH tidak stabil,pH tidak stabil
2026-04-01 07:00:00,ph_drift,8.08,25.69,7.52,0.227,0.067,46.73,1.791,892.7,99.0,25.4,78.24,4581.0,0.9659258262890683,-0.25881904510252063,0.9999907397361901,0.004303538296244289,0.0,0.0,0.0,0.0,0.0,1.0,0.0,0.0,0.07,0.0,71.7,Critical,pH tidak stabil,pH tidak stabil
2026-04-01 08:00:00,ph_drift,8.08,25.69,7.54,0.201,0.078,46.51,1.774,885.5,99.0,27.01,76.82,13103.0,0.8660254037844387,-0.4999999999999998,0.9999907397361901,0.004303538296244289,0.0,0.0,0.0,0.0,0.0,1.0,0.0,0.0,0.07,0.0,71.7,Critical,pH tidak stabil,pH tidak stabil
2026-04-01 09:00:00,ph_drift,8.08,25.8,7.47,0.175,0.072,46.6,1.772,900.5,99.0,28.93,76.21,22640.0,0.7071067811865476,-0.7071067811865475,0.9999907397361901,0.004303538296244289,0.0,0.0,0.0,0.0,0.0025,1.0,0.0,0.0,0.07,0.0,71.7,Critical,pH tidak stabil,pH tidak stabil
2026-04-01 10:00:00,ph_drift,8.08,25.9,7.35,0.158,0.073,46.06,1.796,891.9,99.0,30.15,74.93,30242.0,0.49999999999999994,-0.8660254037844387,0.9999907397361901,0.004303538296244289,0.0,0.0,0.0,0.0,0.0,1.0,0.0,0.0,0.07,0.0,71.7,Critical,pH tidak stabil,pH tidak stabil
2026-04-01 11:00:00,ph_drift,8.06,26.03,7.19,0.157,0.074,46.33,1.801,909.7,99.0,30.4,71.01,36468.0,0.258819045102521,-0.9659258262890682,0.9999907397361901,0.004303538296244289,0.0,0.0,0.0,0.0,0.04850000000000023,1.0,0.0,0.0,0.07,0.0,71.8,Critical,pH tidak stabil,pH tidak stabil
2026-04-01 12:00:00,ph_drift,8.05,26.1,7.27,0.129,0.073,46.2,1.787,879.2,99.0,30.97,71.86,37933.0,1.2246467991473532e-16,-1.0,0.9999907397361901,0.004303538296244289,0.0,0.0,0.0,0.0,0.0,1.0,0.0,0.0,0.07,0.0,71.7,Critical,pH tidak stabil,pH tidak stabil
2026-04-01 13:00:00,ph_drift,8.02,26.18,7.2,0.138,0.067,46.71,1.795,898.8,99.0,30.54,71.31,32867.0,-0.2588190451025208,-0.9659258262890683,0.9999907397361901,0.004303538296244289,0.0,0.0,0.0,0.0,0.0,1.0,0.0,0.0,0.07,0.0,71.7,Critical,pH tidak stabil,pH tidak stabil
2026-04-01 14:00:00,ph_drift,7.99,26.29,7.31,0.106,0.077,46.43,1.757,894.3,99.0,30.1,74.03,28359.0,-0.4999999999999997,-0.8660254037844388,0.9999907397361901,0.004303538296244289,0.0,0.0,0.0,0.0,0.0,1.0,0.0,0.0,0.07,0.0,71.7,Critical,pH tidak stabil,pH tidak stabil
2026-04-01 15:00:00,ph_drift,7.97,26.34,7.45,0.103,0.051,45.76,1.792,893.3,99.0,28.36,77.29,20389.0,-0.7071067811865471,-0.7071067811865479,0.9999907397361901,0.004303538296244289,0.0,0.0,0.0,0.0,0.0,1.0,0.0,0.0,0.07,0.0,71.7,Critical,pH tidak stabil,pH tidak stabil
2026-04-01 16:00:00,ph_drift,7.94,26.3,7.58,0.097,0.086,45.99,1.787,887.4,99.0,26.94,77.65,12060.0,-0.8660254037844385,-0.5000000000000004,0.9999907397361901,0.004303538296244289,0.0,0.0,0.0,0.0,0.0,1.0,0.0,0.0,0.07,0.0,71.7,Critical,pH tidak stabil,pH tidak stabil
2026-04-01 17:00:00,ph_drift,7.92,26.29,7.59,0.223,0.068,45.85,1.798,890.1,99.0,26.64,80.72,3350.0,-0.9659258262890683,-0.25881904510252063,0.9999907397361901,0.004303538296244289,0.0,0.0,0.0,0.0,0.0,1.0,0.0,0.0,0.07,0.07199999999999988,71.7,Critical,pH tidak stabil,pH tidak stabil
2026-04-01 18:00:00,ph_drift,7.91,26.24,7.57,0.206,0.068,46.09,1.801,892.9,99.0,24.38,82.95,788.0,-1.0,-1.8369701987210297e-16,0.9999907397361901,0.004303538296244289,0.0,0.0,0.0,0.0,0.002499999999999724,1.0,0.0,0.0,0.07,0.29500000000000026,71.8,Critical,pH tidak stabil,pH tidak stabil
2026-04-01 19:00:00,ph_drift,7.86,26.18,7.62,0.172,0.081,46.13,1.819,899.1,99.0,24.64,86.03,0.0,-0.9659258262890684,0.2588190451025203,0.9999907397361901,0.004303538296244289,0.0,0.0,0.0,0.0,0.04749999999999975,1.0,0.0,0.0,0.07,0.6030000000000001,72.1,Critical,pH tidak stabil,pH tidak stabil
2026-04-01 20:00:00,ph_drift,7.81,26.14,7.6,0.146,0.05,46.58,1.78,898.9,99.0,25.36,85.82,66.0,-0.8660254037844386,0.5000000000000001,0.9999907397361901,0.004303538296244289,0.0,0.0,0.0,0.0,0.0,1.0,0.0,0.0,0.07,0.5819999999999993,72.0,Critical,pH tidak stabil,pH tidak stabil
2026-04-01 21:00:00,ph_drift,7.77,26.11,7.8,0.152,0.073,46.36,1.755,882.0,99.0,25.35,87.62,80.0,-0.7071067811865477,0.7071067811865474,0.9999907397361901,0.004303538296244289,0.0,0.0,0.0,0.0,0.0,0.8499999999999989,0.0,0.0,0.05949999999999993,0.7620000000000005,61.3,Warning,Normal,Normal
2026-04-01 22:00:00,ph_drift,7.71,26.0,7.65,0.149,0.071,46.28,1.735,881.4,99.0,24.94,88.97,32.0,-0.5000000000000004,0.8660254037844384,0.9999907397361901,0.004303538296244289,0.0,0.0,0.0,0.0,0.0,0.5500000000000012,0.0,0.0,0.03850000000000008,0.8969999999999999,39.9,Warning,Normal,Normal
2026-04-01 23:00:00,ph_drift,7.66,26.01,7.75,0.144,0.061,45.91,1.756,890.9,99.0,24.75,89.41,22.0,-0.25881904510252157,0.9659258262890681,0.9999907397361901,0.004303538296244289,0.0,0.0,0.0,0.0,0.0,0.3000000000000022,0.0,0.0,0.021000000000000157,0.9409999999999996,33.1,Warning,Normal,Normal
2026-04-02 00:00:00,ph_drift,7.59,25.98,7.61,0.127,0.043,46.24,1.739,868.2,99.0,25.14,87.57,23.0,0.0,1.0,0.9999166586547379,-0.01291029607500882,0.0,0.0,0.0,0.0,0.0,0.0,0.0,0.0,0.0,0.7569999999999993,26.0,Normal,Normal,Normal
2026-04-02 01:00:00,ph_drift,7.52,25.92,7.67,0.124,0.063,46.2,1.789,872.8,99.0,25.3,87.9,18.0,0.25881904510252074,0.9659258262890683,0.9999166586547379,-0.01291029607500882,0.0,0.0,0.0,0.0,0.0,0.0,0.0,0.0,0.0,0.7900000000000006,27.1,Normal,Normal,Normal
2026-04-02 02:00:00,low_water_level,7.46,25.95,7.76,0.101,0.046,46.52,1.777,895.6,99.0,25.55,86.72,66.0,0.49999999999999994,0.8660254037844387,0.9999166586547379,-0.01291029607500882,0.0,0.0,0.0,0.0,0.0,0.0,0.0,0.0,0.0,0.6719999999999999,23.1,Normal,Normal,Normal
2026-04-02 03:00:00,low_water_level,7.39,25.85,7.73,0.086,0.066,45.71,1.763,890.6,99.0,25.07,86.43,24.0,0.7071067811865476,0.7071067811865476,0.9999166586547379,-0.01291029607500882,0.0,0.0,0.0,0.0,0.0,0.0,0.0,0.0,0.0,0.6430000000000007,22.1,Normal,Normal,Normal
2026-04-02 04:00:00,low_water_level,7.34,25.84,7.72,0.107,0.046,47.03,1.798,897.2,99.0,25.43,83.79,10.0,0.8660254037844386,0.5000000000000001,0.9999166586547379,-0.01291029607500882,0.0,0.0,0.0,0.0,0.0,0.0,0.0,0.0,0.0,0.3790000000000006,13.0,Normal,Normal,Normal
2026-04-02 05:00:00,low_water_level,7.27,25.81,7.7,0.114,0.055,45.94,1.773,902.8,99.0,25.23,87.34,39.0,0.9659258262890683,0.25881904510252074,0.9999166586547379,-0.01291029607500882,0.0,0.0,0.0,0.0,0.013999999999999773,0.0,0.0,0.0,0.0,0.7340000000000003,25.2,Normal,Normal,Normal
2026-04-02 06:00:00,low_water_level,7.22,25.76,7.73,0.103,0.069,46.22,1.762,880.8,99.0,24.51,88.24,100.0,1.0,6.123233995736766e-17,0.9999166586547379,-0.01291029607500882,0.0,0.0,0.0,0.0,0.0,0.0,0.0,0.0,0.0,0.8239999999999995,28.3,Normal,Normal,Normal
2026-04-02 07:00:00,low_water_level,7.14,25.78,7.71,0.242,0.059,46.42,1.772,881.2,99.0,26.02,81.79,3493.0,0.9659258262890683,-0.25881904510252063,0.9999166586547379,-0.01291029607500882,0.0,0.0,0.0,0.0,0.0,0.0,0.0,0.0,0.0,0.17900000000000063,6.1,Normal,Normal,Normal
2026-04-02 08:00:00,low_water_level,7.06,25.79,7.45,0.217,0.068,46.71,1.78,897.0,99.0,27.21,79.46,12030.0,0.8660254037844387,-0.4999999999999998,0.9999166586547379,-0.01291029607500882,0.0,0.0,0.0,0.0,0.0,0.0,0.0,0.0,0.0,0.0,0.0,Normal,Normal,Normal
2026-04-02 09:00:00,low_water_level,7.0,25.91,7.42,0.169,0.057,46.87,1.789,882.9,99.0,29.14,78.08,20189.0,0.7071067811865476,-0.7071067811865475,0.9999166586547379,-0.01291029607500882,0.0,0.0,0.0,0.0,0.0,0.0,0.0,0.0,0.0,0.0,0.0,Normal,Normal,Normal
2026-04-02 10:00:00,low_water_level,6.93,25.98,7.2,0.154,0.07,46.05,1.784,889.7,99.0,30.35,73.76,27663.0,0.49999999999999994,-0.8660254037844387,0.9999166586547379,-0.01291029607500882,0.0,0.0,0.0,0.0,0.0,0.0,0.0,0.0,0.0,0.0,0.0,Normal,Normal,Normal
2026-04-02 11:00:00,low_water_level,6.91,26.13,7.34,0.137,0.066,45.9,1.776,878.7,99.0,31.01,74.06,32266.0,0.258819045102521,-0.9659258262890682,0.9999166586547379,-0.01291029607500882,0.0,0.0,0.0,0.0,0.0,0.0,0.0,0.0,0.0,0.0,0.0,Normal,Normal,Normal
2026-04-02 12:00:00,low_water_level,6.92,26.27,7.16,0.103,0.066,45.91,1.772,882.5,99.0,31.36,72.19,35289.0,1.2246467991473532e-16,-1.0,0.9999166586547379,-0.01291029607500882,0.0,0.0,0.0,0.0,0.0,0.0,0.0,0.0,0.0,0.0,0.0,Normal,Normal,Normal
2026-04-02 13:00:00,low_water_level,6.94,26.38,7.3,0.09,0.05,45.73,1.779,864.5,99.0,31.1,71.87,29835.0,-0.2588190451025208,-0.9659258262890683,0.9999166586547379,-0.01291029607500882,0.0,0.0,0.0,0.0,0.0,0.0,0.0,0.0,0.0,0.0,0.0,Normal,Normal,Normal
2026-04-02 14:00:00,low_water_level,6.94,26.52,7.25,0.106,0.053,46.65,1.786,899.9,99.0,30.78,73.59,25562.0,-0.4999999999999997,-0.8660254037844388,0.9999166586547379,-0.01291029607500882,0.0,0.0,0.0,0.0,0.0,0.0,0.0,0.0,0.0,0.0,0.0,Normal,Normal,Normal
2026-04-02 15:00:00,low_water_level,6.93,26.59,7.36,0.102,0.058,46.9,1.794,896.2,99.0,28.43,77.49,18924.0,-0.7071067811865471,-0.7071067811865479,0.9999166586547379,-0.01291029607500882,0.0,0.0,0.0,0.0,0.0,0.0,0.0,0.0,0.0,0.0,0.0,Normal,Normal,Normal
2026-04-02 16:00:00,low_water_level,6.93,26.56,7.51,0.084,0.06,46.88,1.787,881.9,99.0,27.36,77.06,11080.0,-0.8660254037844385,-0.5000000000000004,0.9999166586547379,-0.01291029607500882,0.0,0.0,0.0,0.0,0.0,0.0,0.0,0.0,0.0,0.0,0.0,Normal,Normal,Normal
2026-04-02 17:00:00,low_water_level,6.93,26.55,7.5,0.241,0.071,46.57,1.771,873.2,99.0,26.54,79.79,4676.0,-0.9659258262890683,-0.25881904510252063,0.9999166586547379,-0.01291029607500882,0.0,0.0,0.0,0.0,0.0,0.0,0.0,0.0,0.0,0.0,0.0,Normal,Normal,Normal
2026-04-02 18:00:00,low_water_level,6.93,26.53,7.46,0.192,0.068,46.98,1.802,907.7,99.0,25.38,82.41,341.0,-1.0,-1.8369701987210297e-16,0.9999166586547379,-0.01291029607500882,0.0,0.0,0.0,0.0,0.03850000000000023,0.0,0.0,0.0,0.0,0.24099999999999966,8.4,Normal,Normal,Normal
2026-04-02 19:00:00,low_water_level,6.93,26.51,7.66,0.189,0.076,46.77,1.808,887.3,99.0,25.86,84.03,63.0,-0.9659258262890684,0.2588190451025203,0.9999166586547379,-0.01291029607500882,0.0,0.0,0.0,0.0,0.02000000000000001,0.0,0.0,0.0,0.0,0.40300000000000014,13.9,Normal,Normal,Normal
2026-04-02 20:00:00,low_water_level,6.93,26.5,7.57,0.201,0.077,46.93,1.8,894.5,99.0,26.14,87.76,42.0,-0.8660254037844386,0.5000000000000001,0.9999166586547379,-0.01291029607500882,0.0,0.0,0.0,0.0,0.0,0.0,0.0,0.0,0.0,0.7760000000000005,26.6,Normal,Normal,Normal
2026-04-02 21:00:00,low_water_level,6.93,26.43,7.4,0.175,0.075,46.64,1.791,882.9,98.75,25.75,89.32,79.0,-0.7071067811865477,0.7071067811865474,0.9999166586547379,-0.01291029607500882,0.0,0.0,0.0,0.0,0.0,0.0,0.0,0.0,0.0,0.9319999999999993,32.0,Warning,Normal,Normal
2026-04-02 22:00:00,low_water_level,6.93,26.47,7.55,0.126,0.05,46.84,1.786,886.0,97.84,25.95,84.49,62.0,-0.5000000000000004,0.8660254037844384,0.9999166586547379,-0.01291029607500882,0.0,0.0,0.0,0.0,0.0,0.0,0.0,0.0,0.0,0.4489999999999995,15.4,Normal,Normal,Normal
2026-04-02 23:00:00,low_water_level,6.92,26.38,7.82,0.131,0.076,46.74,1.781,903.9,97.09,25.29,85.82,23.0,-0.25881904510252157,0.9659258262890681,0.9999166586547379,-0.01291029607500882,0.0,0.0,0.0,0.0,0.019499999999999885,0.0,0.0,0.0,0.0,0.5819999999999993,20.0,Normal,Normal,Normal
2026-04-03 00:00:00,low_water_level,6.94,26.32,7.41,0.124,0.059,46.96,1.788,888.5,96.45,25.73,84.77,73.0,0.0,1.0,0.9995462806873573,-0.030120304846908114,0.0,0.0,0.0,0.0,0.0,0.0,0.0,0.0,0.0,0.4769999999999996,16.4,Normal,Normal,Normal
2026-04-03 01:00:00,low_water_level,6.92,26.26,7.54,0.113,0.07,47.34,1.758,888.8,96.02,25.13,84.02,64.0,0.25881904510252074,0.9659258262890683,0.9995462806873573,-0.030120304846908114,0.0,0.0,0.0,0.0,0.0,0.0,0.0,0.0,0.0,0.4019999999999996,13.8,Normal,Normal,Normal
2026-04-03 02:00:00,low_water_level,6.92,26.2,7.68,0.084,0.046,46.68,1.778,889.2,95.74,25.62,86.93,57.0,0.49999999999999994,0.8660254037844387,0.9995462806873573,-0.030120304846908114,0.0,0.0,0.0,0.0,0.0,0.0,0.0,0.0,0.0,0.6930000000000007,23.8,Normal,Normal,Normal
2026-04-03 03:00:00,low_water_level,6.93,26.16,7.6,0.101,0.051,47.06,1.763,891.7,95.5,25.47,87.86,56.0,0.7071067811865476,0.7071067811865476,0.9995462806873573,-0.030120304846908114,0.0,0.0,0.0,0.0,0.0,0.0,0.0,0.0,0.0,0.7859999999999999,27.0,Normal,Normal,Normal
2026-04-03 04:00:00,low_water_level,6.92,26.13,7.58,0.096,0.042,46.9,1.767,874.9,95.5,25.28,84.39,41.0,0.8660254037844386,0.5000000000000001,0.9995462806873573,-0.030120304846908114,0.0,0.0,0.0,0.0,0.0,0.0,0.0,0.0,0.0,0.43900000000000006,15.1,Normal,Normal,Normal
2026-04-03 05:00:00,low_water_level,6.92,26.19,7.54,0.097,0.06,47.18,1.781,888.2,95.69,25.45,84.6,86.0,0.9659258262890683,0.25881904510252074,0.9995462806873573,-0.030120304846908114,0.0,0.0,0.0,0.0,0.0,0.0,0.0,0.0,0.0,0.4599999999999994,15.8,Normal,Normal,Normal
2026-04-03 06:00:00,low_water_level,6.93,26.09,7.72,0.105,0.057,46.44,1.758,868.4,99.0,25.33,86.25,39.0,1.0,6.123233995736766e-17,0.9995462806873573,-0.030120304846908114,0.0,0.0,0.0,0.0,0.0,0.0,0.0,0.0,0.0,0.625,21.4,Normal,Normal,Normal
2026-04-03 07:00:00,low_water_level,6.94,26.08,7.59,0.226,0.055,46.95,1.729,883.3,99.0,26.12,81.45,4038.0,0.9659258262890683,-0.25881904510252063,0.9995462806873573,-0.030120304846908114,0.0,0.0,0.0,0.0,0.0,0.0,0.0,0.0,0.0,0.1450000000000003,5.0,Normal,Normal,Normal
2026-04-03 08:00:00,low_water_level,6.94,26.1,7.48,0.209,0.05,47.45,1.76,875.2,99.0,26.9,77.55,10760.0,0.8660254037844387,-0.4999999999999998,0.9995462806873573,-0.030120304846908114,0.0,0.0,0.0,0.0,0.0,0.0,0.0,0.0,0.0,0.0,0.0,Normal,Normal,Normal
2026-04-03 09:00:00,low_water_level,6.93,26.21,7.43,0.17,0.065,47.59,1.746,870.9,99.0,28.53,75.82,18878.0,0.7071067811865476,-0.7071067811865475,0.9995462806873573,-0.030120304846908114,0.0,0.0,0.0,0.0,0.0,0.0,0.0,0.0,0.0,0.0,0.0,Normal,Normal,Normal
2026-04-03 10:00:00,low_water_level,6.93,26.31,7.35,0.144,0.059,47.59,1.759,865.8,99.0,29.57,73.61,26631.0,0.49999999999999994,-0.8660254037844387,0.9995462806873573,-0.030120304846908114,0.0,0.0,0.0,0.0,0.0,0.0,0.0,0.0,0.0,0.0,0.0,Normal,Normal,Normal
2026-04-03 11:00:00,low_water_level,6.93,26.48,7.37,0.127,0.076,47.07,1.756,873.9,99.0,30.37,70.91,30624.0,0.258819045102521,-0.9659258262890682,0.9995462806873573,-0.030120304846908114,0.0,0.0,0.0,0.0,0.0,0.0,0.0,0.0,0.0,0.0,0.0,Normal,Normal,Normal
2026-04-03 12:00:00,low_water_level,6.94,26.55,7.05,0.139,0.065,47.83,1.788,871.5,99.0,30.42,70.56,32225.0,1.2246467991473532e-16,-1.0,0.9995462806873573,-0.030120304846908114,0.0,0.0,0.0,0.0,0.0,0.0,0.0,0.0,0.0,0.0,0.0,Normal,Normal,Normal
2026-04-03 13:00:00,low_water_level,6.93,26.64,7.24,0.129,0.044,47.76,1.762,884.8,99.0,30.35,73.98,27177.0,-0.2588190451025208,-0.9659258262890683,0.9995462806873573,-0.030120304846908114,0.0,0.0,0.0,0.0,0.0,0.0,0.0,0.0,0.0,0.0,0.0,Normal,Normal,Normal
2026-04-03 14:00:00,low_water_level,6.94,26.63,7.3,0.135,0.067,47.95,1.762,892.4,99.0,28.93,79.33,24494.0,-0.4999999999999997,-0.8660254037844388,0.9995462806873573,-0.030120304846908114,0.0,0.0,0.0,0.0,0.0,0.0,0.0,0.0,0.0,0.0,0.0,Normal,Normal,Normal
2026-04-03 15:00:00,low_water_level,6.94,26.64,7.42,0.145,0.066,47.18,1.798,907.2,99.0,27.55,78.38,16283.0,-0.7071067811865471,-0.7071067811865479,0.9995462806873573,-0.030120304846908114,0.0,0.0,0.0,0.0,0.036000000000000226,0.0,0.0,0.0,0.0,0.0,2.5,Normal,Normal,Normal
2026-04-03 16:00:00,low_water_level,6.93,26.54,7.56,0.085,0.051,47.71,1.776,895.7,99.0,26.65,78.63,9583.0,-0.8660254037844385,-0.5000000000000004,0.9995462806873573,-0.030120304846908114,0.0,0.0,0.0,0.0,0.0,0.0,0.0,0.0,0.0,0.0,0.0,Normal,Normal,Normal
2026-04-03 17:00:00,low_water_level,6.92,26.49,7.59,0.238,0.073,47.43,1.77,883.3,99.0,24.68,81.92,4411.0,-0.9659258262890683,-0.25881904510252063,0.9995462806873573,-0.030120304846908114,0.0,0.0,0.0,0.0,0.0,0.0,0.0,0.0,0.0,0.19200000000000017,6.6,Normal,Normal,Normal
2026-04-03 18:00:00,oxygen_stress,6.92,26.35,7.42,0.193,0.066,47.41,1.779,887.7,99.0,23.8,82.06,0.0,-1.0,-1.8369701987210297e-16,0.9995462806873573,-0.030120304846908114,0.0,0.0,0.0,0.0,0.0,0.0,0.0,0.0,0.0,0.20600000000000024,7.1,Normal,Normal,Normal
2026-04-03 19:00:00,oxygen_stress,6.93,26.19,7.1,0.161,0.077,47.71,1.791,885.4,99.0,23.64,86.56,43.0,-0.9659258262890684,0.2588190451025203,0.9995462806873573,-0.030120304846908114,0.0,0.0,0.0,0.0,0.0,0.0,0.0,0.0,0.0,0.6560000000000002,22.5,Normal,Normal,Normal
2026-04-03 20:00:00,oxygen_stress,6.93,26.1,6.93,0.17,0.058,47.93,1.772,896.5,99.0,23.62,87.43,48.0,-0.8660254037844386,0.5000000000000001,0.9995462806873573,-0.030120304846908114,0.0,0.0,0.0,0.0,0.0,0.0,0.0,0.0,0.0,0.7430000000000007,25.5,Normal,Normal,Normal
2026-04-03 21:00:00,oxygen_stress,6.94,26.04,6.76,0.127,0.075,47.75,1.777,897.9,99.0,23.49,88.09,28.0,-0.7071067811865477,0.7071067811865474,0.9995462806873573,-0.030120304846908114,0.0,0.0,0.0,0.0,0.0,0.0,0.0,0.0,0.0,0.8090000000000004,27.8,Normal,Normal,Normal
2026-04-03 22:00:00,oxygen_stress,6.93,26.03,6.59,0.115,0.063,46.65,1.806,886.4,99.0,23.91,86.9,42.0,-0.5000000000000004,0.8660254037844384,0.9995462806873573,-0.030120304846908114,0.0,0.0,0.0,0.0,0.015000000000000008,0.0,0.0,0.0,0.0,0.6900000000000006,23.7,Normal,Normal,Normal
2026-04-03 23:00:00,oxygen_stress,6.93,25.98,6.34,0.114,0.075,47.4,1.799,905.5,99.0,23.68,88.7,57.0,-0.25881904510252157,0.9659258262890681,0.9995462806873573,-0.030120304846908114,0.0,0.0,0.0,0.0,0.0275,0.0,0.0,0.0,0.0,0.8700000000000003,29.9,Normal,Normal,Normal
2026-04-04 00:00:00,oxygen_stress,6.93,25.97,6.18,0.11,0.053,47.56,1.797,878.3,99.0,24.01,88.23,9.0,0.0,1.0,0.9988797155850336,-0.04732138832243185,0.0,0.0,0.0,0.0,0.0,0.0,0.0,0.0,0.0,0.8230000000000004,28.2,Normal,Normal,Normal
2026-04-04 01:00:00,oxygen_stress,6.94,25.93,6.05,0.078,0.063,47.56,1.808,892.4,99.0,23.1,88.08,52.0,0.25881904510252074,0.9659258262890683,0.9988797155850336,-0.04732138832243185,0.0,0.0,0.0,0.0,0.02000000000000001,0.0,0.0,0.0,0.0,0.8079999999999998,27.8,Normal,Normal,Normal
2026-04-04 02:00:00,oxygen_stress,6.93,25.86,5.83,0.068,0.06,47.68,1.809,913.8,99.0,22.84,91.42,0.0,0.49999999999999994,0.8660254037844387,0.9988797155850336,-0.04732138832243185,0.0,0.0,0.0,0.0,0.06899999999999977,0.0,0.0,0.0,0.0,1.0,34.5,Warning,Normal,Normal
2026-04-04 03:00:00,oxygen_stress,6.92,25.73,5.71,0.11,0.067,47.03,1.806,914.3,99.0,22.97,88.39,12.0,0.7071067811865476,0.7071067811865476,0.9988797155850336,-0.04732138832243185,0.0,0.0,0.0,0.0,0.07149999999999977,0.0,0.0,0.0,0.0,0.8390000000000001,28.9,Normal,Normal,Normal
2026-04-04 04:00:00,oxygen_stress,6.91,25.63,5.52,0.085,0.06,47.24,1.825,919.5,99.0,23.37,89.78,53.0,0.8660254037844386,0.5000000000000001,0.9988797155850336,-0.04732138832243185,0.0,0.0,0.0,0.0,0.0975,0.0,0.0,0.0,0.0,0.9780000000000001,33.8,Warning,Normal,Normal
2026-04-04 05:00:00,oxygen_stress,6.91,25.63,5.62,0.094,0.063,47.77,1.799,910.0,99.0,23.86,88.88,7.0,0.9659258262890683,0.25881904510252074,0.9988797155850336,-0.04732138832243185,0.0,0.0,0.0,0.0,0.05,0.0,0.0,0.0,0.0,0.8879999999999996,30.6,Warning,Normal,Normal
2026-04-04 06:00:00,oxygen_stress,6.91,25.57,5.42,0.104,0.088,47.41,1.819,907.5,99.0,23.87,87.95,73.0,1.0,6.123233995736766e-17,0.9988797155850336,-0.04732138832243185,0.0,0.0,0.0,0.0,0.04749999999999975,0.0,0.0,0.0,0.0,0.7950000000000003,27.4,Normal,Normal,Normal
2026-04-04 07:00:00,oxygen_stress,6.91,25.57,5.12,0.249,0.049,47.49,1.813,905.9,99.0,24.18,82.78,4035.0,0.9659258262890683,-0.25881904510252063,0.9988797155850336,-0.04732138832243185,0.0,0.0,0.0,0.0,0.03249999999999974,0.0,0.0,0.0,0.0,0.27800000000000014,9.6,Normal,Normal,Normal
2026-04-04 08:00:00,oxygen_stress,6.92,25.64,5.05,0.199,0.058,47.85,1.818,895.8,99.0,26.1,79.99,10597.0,0.8660254037844387,-0.4999999999999998,0.9988797155850336,-0.04732138832243185,0.0,0.0,0.0,0.0,0.045000000000000026,0.0,0.0,0.0,0.0,0.0,3.1,Normal,Normal,Normal
2026-04-04 09:00:00,oxygen_stress,6.93,25.73,5.1,0.182,0.083,47.19,1.793,901.3,99.0,26.88,80.43,16502.0,0.7071067811865476,-0.7071067811865475,0.9988797155850336,-0.04732138832243185,0.0,0.0,0.0,0.0,0.0064999999999997725,0.0,0.0,0.0,0.0,0.043000000000000684,1.5,Normal,Normal,Normal
2026-04-04 10:00:00,oxygen_stress,6.93,25.8,4.9,0.148,0.073,47.5,1.823,927.4,99.0,28.62,73.82,23390.0,0.49999999999999994,-0.8660254037844387,0.9988797155850336,-0.04732138832243185,0.0,0.09999999999999964,0.0,0.0,0.1369999999999999,0.0,0.0,0.0,0.02999999999999989,0.0,10.0,Normal,Normal,Normal
2026-04-04 11:00:00,oxygen_stress,6.92,25.89,5.03,0.144,0.073,47.87,1.828,913.0,99.0,28.86,74.41,28096.0,0.258819045102521,-0.9659258262890682,0.9988797155850336,-0.04732138832243185,0.0,0.0,0.0,0.0,0.07000000000000003,0.0,0.0,0.0,0.0,0.0,4.9,Normal,Normal,Normal
2026-04-04 12:00:00,oxygen_stress,6.91,25.99,4.89,0.13,0.068,47.89,1.843,914.9,99.0,29.35,73.87,29455.0,1.2246467991473532e-16,-1.0,0.9988797155850336,-0.04732138832243185,0.0,0.11000000000000032,0.0,0.0,0.10749999999999978,0.0,0.0,0.0,0.03300000000000009,0.0,9.0,Normal,Normal,Normal
2026-04-04 13:00:00,oxygen_stress,6.91,26.12,4.96,0.137,0.084,47.8,1.809,927.4,99.0,28.69,74.07,29558.0,-0.2588190451025208,-0.9659258262890683,0.9988797155850336,-0.04732138832243185,0.0,0.040000000000000036,0.0,0.0,0.1369999999999999,0.0,0.0,0.0,0.01200000000000001,0.0,9.7,Normal,Normal,Normal
2026-04-04 14:00:00,oxygen_stress,6.92,26.17,5.05,0.124,0.079,47.98,1.811,914.8,99.0,27.83,78.57,24374.0,-0.4999999999999997,-0.8660254037844388,0.9988797155850336,-0.04732138832243185,0.0,0.0,0.0,0.0,0.07399999999999977,0.0,0.0,0.0,0.0,0.0,5.2,Normal,Normal,Normal
2026-04-04 15:00:00,oxygen_stress,6.94,26.17,5.17,0.118,0.056,47.59,1.835,913.5,99.0,26.71,76.66,17778.0,-0.7071067811865471,-0.7071067811865479,0.9988797155850336,-0.04732138832243185,0.0,0.0,0.0,0.0,0.08749999999999977,0.0,0.0,0.0,0.0,0.0,6.1,Normal,Normal,Normal
2026-04-04 16:00:00,oxygen_stress,6.95,26.16,5.48,0.104,0.059,47.02,1.812,899.9,99.0,25.31,79.49,9966.0,-0.8660254037844385,-0.5000000000000004,0.9988797155850336,-0.04732138832243185,0.0,0.0,0.0,0.0,0.030000000000000016,0.0,0.0,0.0,0.0,0.0,2.1,Normal,Normal,Normal
2026-04-04 17:00:00,oxygen_stress,6.96,26.11,5.62,0.236,0.08,47.44,1.849,929.0,99.0,23.77,81.74,4732.0,-0.9659258262890683,-0.25881904510252063,0.9988797155850336,-0.04732138832243185,0.0,0.0,0.0,0.0,0.145,0.0,0.0,0.0,0.0,0.1739999999999995,10.2,Normal,Normal,Normal
2026-04-04 18:00:00,oxygen_stress,6.97,26.01,5.92,0.212,0.077,48.0,1.864,920.4,99.0,23.34,86.01,263.0,-1.0,-1.8369701987210297e-16,0.9988797155850336,-0.04732138832243185,0.0,0.0,0.0,0.0,0.1600000000000001,0.0,0.0,0.0,0.0,0.6010000000000005,21.0,Normal,Normal,Normal
2026-04-04 19:00:00,oxygen_stress,6.94,25.9,6.16,0.181,0.079,47.54,1.835,922.8,99.0,23.14,88.84,30.0,-0.9659258262890684,0.2588190451025203,0.9988797155850336,-0.04732138832243185,0.0,0.0,0.0,0.0,0.11399999999999977,0.0,0.0,0.0,0.0,0.8840000000000003,30.6,Warning,Normal,Normal
2026-04-04 20:00:00,oxygen_stress,6.93,25.8,6.22,0.179,0.059,47.47,1.839,934.6,99.0,23.37,89.94,42.0,-0.8660254037844386,0.5000000000000001,0.9988797155850336,-0.04732138832243185,0.0,0.0,0.0,0.0,0.17300000000000013,0.0,0.0,0.0,0.0,0.9939999999999998,34.5,Warning,Normal,Normal
2026-04-04 21:00:00,oxygen_stress,6.93,25.82,6.38,0.176,0.061,47.07,1.839,925.4,99.0,23.91,86.83,50.0,-0.7071067811865477,0.7071067811865474,0.9988797155850336,-0.04732138832243185,0.0,0.0,0.0,0.0,0.1269999999999999,0.0,0.0,0.0,0.0,0.6829999999999998,23.7,Normal,Normal,Normal
2026-04-04 22:00:00,oxygen_stress,6.93,25.87,6.66,0.148,0.067,47.63,1.834,919.5,99.0,23.08,87.79,59.0,-0.5000000000000004,0.8660254037844384,0.9988797155850336,-0.04732138832243185,0.0,0.0,0.0,0.0,0.0975,0.0,0.0,0.0,0.0,0.7790000000000006,26.9,Normal,Normal,Normal
2026-04-04 23:00:00,oxygen_stress,6.91,25.84,6.67,0.141,0.07,47.78,1.873,919.6,99.0,23.07,89.48,58.0,-0.25881904510252157,0.9659258262890681,0.9988797155850336,-0.04732138832243185,0.0,0.0,0.0,0.0,0.18249999999999983,0.0,0.0,0.0,0.0,0.9480000000000004,32.9,Warning,Normal,Normal
2026-04-05 00:00:00,oxygen_stress,6.95,25.71,6.98,0.127,0.069,47.56,1.831,920.7,99.0,23.17,85.42,21.0,0.0,1.0,0.9979171608653922,-0.06450844944931623,0.0,0.0,0.0,0.0,0.10350000000000023,0.0,0.0,0.0,0.0,0.5420000000000001,18.8,Normal,Normal,Normal
2026-04-05 01:00:00,oxygen_stress,6.94,25.66,7.28,0.138,0.081,46.92,1.843,935.7,99.0,22.84,88.14,57.0,0.25881904510252074,0.9659258262890683,0.9979171608653922,-0.06450844944931623,0.0,0.0,0.0,0.0,0.17850000000000021,0.0,0.0,0.0,0.0,0.8140000000000001,28.3,Normal,Normal,Normal
2026-04-05 02:00:00,oxygen_stress,6.94,25.51,7.47,0.14,0.065,47.68,1.839,906.6,99.0,23.05,89.07,53.0,0.49999999999999994,0.8660254037844387,0.9979171608653922,-0.06450844944931623,0.0,0.0,0.0,0.0,0.09749999999999978,0.0,0.0,0.0,0.0,0.9069999999999994,31.3,Warning,Normal,Normal
2026-04-05 03:00:00,oxygen_stress,6.96,25.45,7.72,0.123,0.059,47.75,1.835,909.9,99.0,23.11,88.55,36.0,0.7071067811865476,0.7071067811865476,0.9979171608653922,-0.06450844944931623,0.0,0.0,0.0,0.0,0.08749999999999977,0.0,0.0,0.0,0.0,0.8549999999999998,29.5,Normal,Normal,Normal
2026-04-05 04:00:00,normal,6.96,25.34,7.85,0.129,0.076,47.08,1.817,925.9,99.0,23.06,86.88,39.0,0.8660254037844386,0.5000000000000001,0.9979171608653922,-0.06450844944931623,0.0,0.0,0.0,0.0,0.1294999999999999,0.0,0.0,0.0,0.0,0.6879999999999995,23.9,Normal,Normal,Normal
2026-04-05 05:00:00,normal,6.96,25.28,7.84,0.155,0.071,47.61,1.827,906.1,99.0,22.83,89.74,86.0,0.9659258262890683,0.25881904510252074,0.9979171608653922,-0.06450844944931623,0.0,0.0,0.0,0.0,0.06749999999999975,0.0,0.0,0.0,0.0,0.9739999999999995,33.6,Warning,Normal,Normal
2026-04-05 06:00:00,normal,6.95,25.26,7.7,0.112,0.067,47.53,1.836,923.2,99.0,22.49,88.01,48.0,1.0,6.123233995736766e-17,0.9979171608653922,-0.06450844944931623,0.0,0.0,0.0,0.0,0.11600000000000023,0.0,0.0,0.0,0.0,0.8010000000000005,27.7,Normal,Normal,Normal
2026-04-05 07:00:00,normal,6.95,25.26,7.77,0.238,0.066,47.65,1.812,906.2,99.0,23.57,82.65,3797.0,0.9659258262890683,-0.25881904510252063,0.9979171608653922,-0.06450844944931623,0.0,0.0,0.0,0.0,0.03100000000000023,0.0,0.0,0.0,0.0,0.26500000000000057,9.2,Normal,Normal,Normal
2026-04-05 08:00:00,normal,6.95,25.23,7.7,0.177,0.084,47.68,1.83,921.3,99.0,24.48,80.37,9298.0,0.8660254037844387,-0.4999999999999998,0.9979171608653922,-0.06450844944931623,0.0,0.0,0.0,0.0,0.10649999999999978,0.0,0.0,0.0,0.0,0.037000000000000456,7.4,Normal,Normal,Normal
2026-04-05 09:00:00,normal,6.95,25.28,7.55,0.174,0.068,47.86,1.821,902.4,99.0,26.13,78.19,18695.0,0.7071067811865476,-0.7071067811865475,0.9979171608653922,-0.06450844944931623,0.0,0.0,0.0,0.0,0.05249999999999975,0.0,0.0,0.0,0.0,0.0,3.7,Normal,Normal,Normal
2026-04-05 10:00:00,normal,6.94,25.39,7.54,0.139,0.057,47.82,1.845,907.3,99.0,27.59,76.59,25066.0,0.49999999999999994,-0.8660254037844387,0.9979171608653922,-0.06450844944931623,0.0,0.0,0.0,0.0,0.11249999999999978,0.0,0.0,0.0,0.0,0.0,7.8,Normal,Normal,Normal
2026-04-05 11:00:00,fish_stress_combo,6.95,25.81,7.3,0.15,0.074,47.51,1.845,920.3,99.0,28.71,73.66,29800.0,0.258819045102521,-0.9659258262890682,0.9979171608653922,-0.06450844944931623,0.0,0.0,0.0,0.0,0.11249999999999978,0.0,0.0,0.0,0.0,0.0,7.8,Normal,Normal,Normal
2026-04-05 12:00:00,fish_stress_combo,6.95,26.18,7.08,0.147,0.103,47.61,1.834,910.9,99.0,29.16,74.16,31801.0,1.2246467991473532e-16,-1.0,0.9979171608653922,-0.06450844944931623,0.0,0.0,0.0,0.0,0.08500000000000005,0.0,0.0,0.0,0.0,0.0,5.9,Normal,Normal,Normal
2026-04-05 13:00:00,fish_stress_combo,6.94,26.54,7.05,0.178,0.106,47.96,1.851,922.7,99.0,29.24,72.74,28227.0,-0.2588190451025208,-0.9659258262890683,0.9979171608653922,-0.06450844944931623,0.0,0.0,0.0,0.0,0.12749999999999978,0.0,0.0,0.0,0.0,0.0,8.9,Normal,Normal,Normal
2026-04-05 14:00:00,fish_stress_combo,6.97,26.81,6.77,0.192,0.109,47.84,1.835,906.3,99.0,28.92,71.71,23056.0,-0.4999999999999997,-0.8660254037844388,0.9979171608653922,-0.06450844944931623,0.0,0.0,0.0,0.0,0.08749999999999977,0.0,0.0,0.0,0.0,0.0,6.1,Normal,Normal,Normal
2026-04-05 15:00:00,fish_stress_combo,6.97,26.99,6.69,0.21,0.118,47.69,1.794,912.2,99.0,28.34,74.88,17256.0,-0.7071067811865471,-0.7071067811865479,0.9979171608653922,-0.06450844944931623,0.0,0.0,0.0,0.0,0.06100000000000023,0.0,0.0,0.0,0.0,0.0,4.3,Normal,Normal,Normal
2026-04-05 16:00:00,fish_stress_combo,6.96,27.14,6.68,0.202,0.148,48.02,1.819,913.0,99.0,26.34,75.45,9619.0,-0.8660254037844385,-0.5000000000000004,0.9979171608653922,-0.06450844944931623,0.0,0.0,0.0,0.0,0.065,0.0,0.0,0.0,0.0,0.0,4.5,Normal,Normal,Normal
2026-04-05 17:00:00,fish_stress_combo,6.94,27.32,6.72,0.336,0.164,47.9,1.796,893.9,99.0,25.46,75.84,4183.0,-0.9659258262890683,-0.25881904510252063,0.9979171608653922,-0.06450844944931623,0.0,0.0,0.0,0.0,0.0,0.0,0.0,0.0,0.0,0.0,0.0,Normal,Normal,Normal
2026-04-05 18:00:00,fish_stress_combo,6.93,27.47,6.31,0.338,0.176,47.73,1.809,905.0,99.0,25.31,75.6,910.0,-1.0,-1.8369701987210297e-16,0.9979171608653922,-0.06450844944931623,0.0,0.0,0.0,0.0,0.025,0.0,0.0,0.0,0.0,0.0,1.7,Normal,Normal,Normal
2026-04-05 19:00:00,fish_stress_combo,6.93,27.57,6.46,0.303,0.192,47.64,1.802,904.2,99.0,25.54,79.79,5.0,-0.9659258262890684,0.2588190451025203,0.9979171608653922,-0.06450844944931623,0.0,0.0,0.0,0.0,0.021000000000000227,0.0,0.0,0.0,0.0,0.0,1.5,Normal,Normal,Normal
2026-04-05 20:00:00,fish_stress_combo,6.92,27.79,6.15,0.315,0.207,48.47,1.797,914.6,99.0,25.67,81.38,39.0,-0.8660254037844386,0.5000000000000001,0.9979171608653922,-0.06450844944931623,0.0,0.0,0.0,0.0,0.07300000000000012,0.0,0.0,0.0,0.0,0.13799999999999954,5.2,Normal,Normal,Normal
2026-04-05 21:00:00,fish_stress_combo,6.92,27.99,6.05,0.328,0.222,47.98,1.772,904.4,99.0,25.9,80.14,54.0,-0.7071067811865477,0.7071067811865474,0.9979171608653922,-0.06450844944931623,0.0,0.0,0.0,0.0,0.021999999999999888,0.0,0.0,0.0,0.0,0.014000000000000058,1.5,Normal,Normal,Normal
2026-04-05 22:00:00,fish_stress_combo,6.93,28.06,5.86,0.344,0.235,47.7,1.813,887.4,99.0,26.44,79.48,47.0,-0.5000000000000004,0.8660254037844384,0.9979171608653922,-0.06450844944931623,0.0,0.0,0.0,0.0,0.03249999999999974,0.0,0.0,0.0,0.0,0.0,2.3,Normal,Normal,Normal
2026-04-05 23:00:00,fish_stress_combo,6.92,28.14,5.93,0.353,0.241,48.54,1.812,899.7,99.0,26.03,76.87,82.0,-0.25881904510252157,0.9659258262890681,0.9979171608653922,-0.06450844944931623,0.0,0.0,0.0,0.0,0.030000000000000016,0.0,0.0,0.0,0.0,0.0,2.1,Normal,Normal,Normal
2026-04-06 00:00:00,fish_stress_combo,6.95,28.24,5.62,0.367,0.264,47.34,1.795,898.6,99.0,26.85,76.6,29.0,0.0,1.0,0.9966589017541702,-0.08167639533042241,0.0,0.0,0.0,0.0,0.0,0.0,0.0,0.0,0.0,0.0,0.0,Normal,Normal,Normal
2026-04-06 01:00:00,fish_stress_combo,6.94,28.28,5.27,0.383,0.265,47.16,1.779,896.7,99.0,26.69,77.1,23.0,0.25881904510252074,0.9659258262890683,0.9966589017541702,-0.08167639533042241,0.0,0.0,0.0,0.0,0.0,0.0,0.0,0.0,0.0,0.0,0.0,Normal,Normal,Normal
2026-04-06 02:00:00,fish_stress_combo,6.95,28.44,5.42,0.371,0.278,48.58,1.779,887.2,99.0,27.27,75.75,52.0,0.49999999999999994,0.8660254037844387,0.9966589017541702,-0.08167639533042241,0.0,0.0,0.0,0.0,0.0,0.0,0.0,0.0,0.0,0.0,0.0,Normal,Normal,Normal
2026-04-06 03:00:00,fish_stress_combo,6.94,28.45,5.23,0.364,0.286,47.51,1.773,901.9,99.0,26.78,74.06,63.0,0.7071067811865476,0.7071067811865476,0.9966589017541702,-0.08167639533042241,0.0,0.0,0.0,0.0,0.009499999999999887,0.0,0.0,0.0,0.0,0.0,0.7,Normal,Normal,Normal
2026-04-06 04:00:00,fish_stress_combo,6.94,28.54,5.29,0.384,0.315,47.09,1.8,898.6,99.0,26.77,76.26,22.0,0.8660254037844386,0.5000000000000001,0.9966589017541702,-0.08167639533042241,0.0,0.0,0.0,0.0,0.0,0.0,0.0,0.0,0.0,0.0,0.0,Normal,Normal,Normal
2026-04-06 05:00:00,fish_stress_combo,6.95,28.59,5.14,0.372,0.325,47.44,1.789,889.0,99.0,26.9,74.95,8.0,0.9659258262890683,0.25881904510252074,0.9966589017541702,-0.08167639533042241,0.0,0.0,0.0,0.0,0.0,0.0,0.0,0.0,0.0,0.0,0.0,Normal,Normal,Normal
2026-04-06 06:00:00,fish_stress_combo,6.95,28.61,5.07,0.372,0.326,46.49,1.795,894.5,99.0,27.73,73.97,55.0,1.0,6.123233995736766e-17,0.9966589017541702,-0.08167639533042241,0.0,0.0,0.0,0.0,0.0,0.0,0.0,0.0,0.0,0.0,0.0,Normal,Normal,Normal
2026-04-06 07:00:00,fish_stress_combo,6.94,28.7,4.66,0.539,0.342,47.02,1.776,911.7,99.0,28.7,67.3,3307.0,0.9659258262890683,-0.25881904510252063,0.9966589017541702,-0.08167639533042241,0.0,0.33999999999999986,0.07800000000000007,0.0,0.058500000000000225,0.0,0.0,0.0,0.11759999999999997,0.0,27.5,Normal,Normal,Normal
2026-04-06 08:00:00,fish_stress_combo,6.95,28.8,4.39,0.511,0.341,46.9,1.775,881.4,99.0,29.85,66.21,10483.0,0.8660254037844387,-0.4999999999999998,0.9966589017541702,-0.08167639533042241,0.0,0.6100000000000003,0.02200000000000002,0.0,0.0,0.0,0.0,0.0,0.1874000000000001,0.0,48.6,Warning,Normal,Normal
2026-04-06 09:00:00,fish_stress_combo,6.95,28.85,4.37,0.494,0.36,46.67,1.778,887.4,99.0,30.69,61.81,17922.0,0.7071067811865476,-0.7071067811865475,0.9966589017541702,-0.08167639533042241,0.0,0.6299999999999999,0.0,0.0,0.0,0.0,0.0,0.0,0.18899999999999997,0.0,50.1,Warning,Normal,Normal
2026-04-06 10:00:00,fish_stress_combo,6.94,29.05,4.23,0.473,0.378,46.12,1.774,880.6,99.0,33.07,59.32,23605.0,0.49999999999999994,-0.8660254037844387,0.9966589017541702,-0.08167639533042241,0.0,0.7699999999999996,0.0,0.0,0.0,0.0,0.0,0.0,0.23099999999999987,0.35666666666666674,61.4,Warning,Normal,Normal
2026-04-06 11:00:00,fish_stress_combo,6.93,29.21,4.09,0.46,0.368,46.21,1.749,876.2,99.0,33.73,58.08,29157.0,0.258819045102521,-0.9659258262890682,0.9966589017541702,-0.08167639533042241,0.0,0.9100000000000001,0.0,0.0,0.0,0.0,0.0,0.0,0.273,0.5766666666666657,72.7,Critical,DO rendah,DO rendah
2026-04-06 12:00:00,fish_stress_combo,6.91,29.39,4.61,0.463,0.378,46.44,1.769,891.2,99.0,34.2,58.46,30216.0,1.2246467991473532e-16,-1.0,0.9966589017541702,-0.08167639533042241,0.0,0.3899999999999997,0.0,0.0,0.0,0.0,0.0,0.0,0.1169999999999999,0.7333333333333343,31.4,Warning,Normal,Normal
2026-04-06 13:00:00,fish_stress_combo,6.92,29.44,4.64,0.445,0.363,46.31,1.772,900.2,99.0,33.26,58.56,26228.0,-0.2588190451025208,-0.9659258262890683,0.9966589017541702,-0.08167639533042241,0.0,0.3600000000000003,0.0,0.0,0.0010000000000002273,0.0,0.0,0.0,0.1080000000000001,0.4199999999999993,28.9,Normal,Normal,Normal
2026-04-06 14:00:00,fish_stress_combo,6.93,29.49,4.66,0.415,0.374,46.71,1.771,901.1,99.0,32.78,59.72,21481.0,-0.4999999999999997,-0.8660254037844388,0.9966589017541702,-0.08167639533042241,0.0,0.33999999999999986,0.0,0.0,0.005500000000000113,0.0,0.0,0.0,0.10199999999999995,0.2600000000000004,27.2,Normal,Normal,Normal
2026-04-06 15:00:00,fish_stress_combo,6.92,29.51,4.79,0.419,0.369,46.32,1.77,885.8,99.0,31.79,60.51,15731.0,-0.7071067811865471,-0.7071067811865479,0.9966589017541702,-0.08167639533042241,0.0,0.20999999999999996,0.0,0.0,0.0,0.0,0.0,0.0,0.06299999999999999,0.0,16.7,Normal,Normal,Normal
2026-04-06 16:00:00,fish_stress_combo,6.91,29.56,4.76,0.415,0.387,47.35,1.824,886.5,99.0,29.77,64.94,9094.0,-0.8660254037844385,-0.5000000000000004,0.9966589017541702,-0.08167639533042241,0.0,0.2400000000000002,0.0,0.0,0.06000000000000003,0.0,0.0,0.0,0.07200000000000006,0.0,19.2,Normal,Normal,Normal
2026-04-06 17:00:00,fish_stress_combo,6.91,29.4,4.5,0.535,0.371,46.96,1.789,903.0,99.0,28.45,64.49,3693.0,-0.9659258262890683,-0.25881904510252063,0.9966589017541702,-0.08167639533042241,0.0,0.5,0.07000000000000006,0.0,0.015,0.0,0.0,0.0,0.164,0.0,40.1,Warning,Normal,Normal
2026-04-06 18:00:00,feeding_ammonia,6.91,29.27,4.74,0.61,0.367,46.52,1.794,879.7,99.0,27.56,67.89,337.0,-1.0,-1.8369701987210297e-16,0.9966589017541702,-0.08167639533042241,0.0,0.2599999999999998,0.21999999999999997,0.0,0.0,0.0,0.0,0.0,0.12199999999999993,0.0,21.6,Normal,Normal,Normal
2026-04-06 19:00:00,feeding_ammonia,6.91,29.12,4.7,0.682,0.367,46.67,1.81,895.5,99.0,27.33,74.08,98.0,-0.9659258262890684,0.2588190451025203,0.9966589017541702,-0.08167639533042241,0.0,0.2999999999999998,0.3640000000000001,0.0,0.025000000000000015,0.0,0.0,0.0,0.16279999999999994,0.0,30.2,Warning,Normal,Normal
2026-04-06 20:00:00,feeding_ammonia,6.9,28.97,4.65,0.77,0.36,46.68,1.789,895.5,99.0,28.03,73.89,20.0,-0.8660254037844386,0.5000000000000001,0.9966589017541702,-0.08167639533042241,0.0,0.34999999999999964,0.54,0.0,0.0,0.0,0.0,0.0,0.2129999999999999,0.0,44.2,Warning,Normal,Normal
2026-04-06 21:00:00,feeding_ammonia,6.89,28.8,4.74,0.871,0.353,46.7,1.796,903.3,99.0,26.99,76.02,51.0,-0.7071067811865477,0.7071067811865474,0.9966589017541702,-0.08167639533042241,0.0,0.2599999999999998,0.742,0.0,0.016499999999999772,0.0,0.0,0.0,0.22639999999999993,0.0,59.8,Warning,Normal,Normal
2026-04-06 22:00:00,feeding_ammonia,6.88,28.63,4.91,0.913,0.332,47.14,1.786,898.9,99.0,27.21,76.05,45.0,-0.5000000000000004,0.8660254037844384,0.9966589017541702,-0.08167639533042241,0.0,0.08999999999999986,0.8260000000000001,0.0,0.0,0.0,0.0,0.0,0.19219999999999998,0.0,65.7,Warning,Normal,Normal
2026-04-06 23:00:00,feeding_ammonia,6.86,28.38,5.01,0.981,0.335,46.83,1.812,915.8,99.0,26.88,78.38,31.0,-0.25881904510252157,0.9659258262890681,0.9966589017541702,-0.08167639533042241,0.0,0.0,0.962,0.0,0.07899999999999978,0.0,0.0,0.0,0.19240000000000002,0.0,76.2,Critical,Amonia tinggi,Amonia tinggi
2026-04-07 00:00:00,feeding_ammonia,6.87,28.18,5.13,1.028,0.319,46.93,1.813,902.5,99.0,27.27,76.85,60.0,0.0,1.0,0.9951053111006976,-0.09882013873287143,0.0,0.0,1.0,0.0,0.03249999999999974,0.0,0.0,0.0,0.2,0.0,79.1,Critical,Amonia tinggi,Amonia tinggi
2026-04-07 01:00:00,feeding_ammonia,6.86,28.01,5.26,1.095,0.301,46.76,1.814,906.0,99.0,26.67,76.31,15.0,0.25881904510252074,0.9659258262890683,0.9951053111006976,-0.09882013873287143,0.0,0.0,1.0,0.0,0.03500000000000002,0.0,0.0,0.0,0.2,0.0,79.1,Critical,Amonia tinggi,Amonia tinggi
2026-04-07 02:00:00,feeding_ammonia,6.86,27.79,5.27,1.098,0.32,47.04,1.842,914.1,99.0,26.94,74.16,42.0,0.49999999999999994,0.8660254037844387,0.9951053111006976,-0.09882013873287143,0.0,0.0,1.0,0.0,0.10500000000000005,0.0,0.0,0.0,0.2,0.0,79.2,Critical,Amonia tinggi,Amonia tinggi
2026-04-07 03:00:00,feeding_ammonia,6.86,27.52,5.56,1.119,0.345,47.0,1.83,907.1,99.0,26.89,77.2,100.0,0.7071067811865476,0.7071067811865476,0.9951053111006976,-0.09882013873287143,0.0,0.0,1.0,0.0,0.07500000000000004,0.0,0.0,0.0,0.2,0.0,79.2,Critical,Amonia tinggi,Amonia tinggi
2026-04-07 04:00:00,feeding_ammonia,6.86,27.26,5.72,1.086,0.376,46.9,1.831,930.5,99.0,26.25,79.89,46.0,0.8660254037844386,0.5000000000000001,0.9951053111006976,-0.09882013873287143,0.0,0.0,1.0,0.0,0.1525,0.0,0.0,0.0,0.2,0.0,79.4,Critical,Amonia tinggi,Amonia tinggi
2026-04-07 05:00:00,feeding_ammonia,6.87,27.08,5.74,1.088,0.369,47.57,1.861,922.2,99.0,25.79,80.99,73.0,0.9659258262890683,0.25881904510252074,0.9951053111006976,-0.09882013873287143,0.0,0.0,1.0,0.0,0.1524999999999998,0.0,0.0,0.0,0.2,0.09899999999999949,79.4,Critical,Amonia tinggi,Amonia tinggi
2026-04-07 06:00:00,feeding_ammonia,6.86,26.82,5.88,1.022,0.376,47.04,1.86,942.2,99.0,25.1,81.41,54.0,1.0,6.123233995736766e-17,0.9951053111006976,-0.09882013873287143,0.0,0.0,1.0,0.0,0.21100000000000022,0.0,0.0,0.0,0.2,0.14099999999999965,79.6,Critical,Amonia tinggi,Amonia tinggi
2026-04-07 07:00:00,feeding_ammonia,6.84,26.51,6.04,1.11,0.375,47.5,1.858,930.6,99.0,26.11,75.86,3030.0,0.9659258262890683,-0.25881904510252063,0.9951053111006976,-0.09882013873287143,0.0,0.0,1.0,0.0,0.1530000000000001,0.0,0.0,0.0,0.2,0.0,79.4,Critical,Amonia tinggi,Amonia tinggi
2026-04-07 08:00:00,feeding_ammonia,6.84,26.33,6.23,1.05,0.39,47.23,1.847,919.6,99.0,27.05,74.72,9925.0,0.8660254037844387,-0.4999999999999998,0.9951053111006976,-0.09882013873287143,0.0,0.0,1.0,0.0,0.11749999999999979,0.0,0.0,0.0,0.2,0.0,79.3,Critical,Amonia tinggi,Amonia tinggi
2026-04-07 09:00:00,feeding_ammonia,6.86,26.19,6.18,0.932,0.396,46.7,1.838,906.3,99.0,27.95,73.16,14997.0,0.7071067811865476,-0.7071067811865475,0.9951053111006976,-0.09882013873287143,0.0,0.0,0.8640000000000001,0.0,0.09500000000000006,0.0,0.0,0.0,0.17280000000000004,0.0,68.5,Warning,Amonia tinggi,Amonia tinggi
2026-04-07 10:00:00,feeding_ammonia,6.86,26.11,6.32,0.822,0.398,47.36,1.844,921.6,99.0,29.78,70.57,22279.0,0.49999999999999994,-0.8660254037844387,0.9951053111006976,-0.09882013873287143,0.0,0.0,0.6439999999999999,0.0,0.11000000000000006,0.0,0.0,0.0,0.1288,0.0,51.1,Warning,Normal,Normal
2026-04-07 11:00:00,feeding_ammonia,6.84,26.05,6.5,0.695,0.382,47.47,1.824,901.1,99.0,29.67,73.94,25916.0,0.258819045102521,-0.9659258262890682,0.9951053111006976,-0.09882013873287143,0.0,0.0,0.3899999999999999,0.0,0.06000000000000003,0.0,0.0,0.0,0.07799999999999999,0.0,30.9,Warning,Normal,Normal
2026-04-07 12:00:00,feeding_ammonia,6.84,25.94,6.44,0.562,0.371,46.98,1.822,892.0,99.0,29.79,69.18,27585.0,1.2246467991473532e-16,-1.0,0.9951053111006976,-0.09882013873287143,0.0,0.0,0.12400000000000011,0.0,0.05500000000000003,0.0,0.0,0.0,0.024800000000000023,0.0,9.9,Normal,Normal,Normal
2026-04-07 13:00:00,feeding_ammonia,6.83,25.79,7.07,0.442,0.345,47.28,1.801,917.2,99.0,28.97,74.67,29075.0,-0.2588190451025208,-0.9659258262890683,0.9951053111006976,-0.09882013873287143,0.0,0.0,0.0,0.0,0.08600000000000023,0.0,0.0,0.0,0.0,0.0,6.0,Normal,Normal,Normal
2026-04-07 14:00:00,feeding_ammonia,6.83,25.65,7.3,0.316,0.339,47.02,1.806,903.8,99.0,28.67,75.91,25332.0,-0.4999999999999997,-0.8660254037844388,0.9951053111006976,-0.09882013873287143,0.0,0.0,0.0,0.0,0.018999999999999774,0.0,0.0,0.0,0.0,0.0,1.3,Normal,Normal,Normal
2026-04-07 15:00:00,feeding_ammonia,6.84,25.68,7.4,0.218,0.31,48.11,1.836,903.9,99.0,26.66,78.86,17433.0,-0.7071067811865471,-0.7071067811865479,0.9951053111006976,-0.09882013873287143,0.0,0.0,0.0,0.0,0.09000000000000005,0.0,0.0,0.0,0.0,0.0,6.3,Normal,Normal,Normal
2026-04-07 16:00:00,feeding_ammonia,6.84,25.66,7.58,0.1,0.278,47.63,1.84,897.6,99.0,26.19,79.8,9824.0,-0.8660254037844385,-0.5000000000000004,0.9951053111006976,-0.09882013873287143,0.0,0.0,0.0,0.0,0.10000000000000006,0.0,0.0,0.0,0.0,0.0,7.0,Normal,Normal,Normal
2026-04-07 17:00:00,normal,6.84,25.6,7.51,0.227,0.274,46.91,1.834,933.8,99.0,23.17,83.47,3665.0,-0.9659258262890683,-0.25881904510252063,0.9951053111006976,-0.09882013873287143,0.0,0.0,0.0,0.0,0.16899999999999976,0.0,0.0,0.0,0.0,0.34699999999999986,12.3,Normal,Normal,Normal
2026-04-07 18:00:00,normal,6.83,25.56,7.53,0.183,0.241,46.73,1.834,906.6,99.0,23.27,82.84,0.0,-1.0,-1.8369701987210297e-16,0.9951053111006976,-0.09882013873287143,0.0,0.0,0.0,0.0,0.08500000000000005,0.0,0.0,0.0,0.0,0.28400000000000036,9.9,Normal,Normal,Normal
2026-04-07 19:00:00,normal,6.81,25.47,7.71,0.178,0.209,47.52,1.806,911.6,99.0,23.23,87.16,75.0,-0.9659258262890684,0.2588190451025203,0.9951053111006976,-0.09882013873287143,0.0,0.0,0.0,0.0,0.058000000000000114,0.0,0.0,0.0,0.0,0.7159999999999996,24.7,Normal,Normal,Normal
2026-04-07 20:00:00,normal,6.83,25.44,7.79,0.152,0.205,47.96,1.788,908.2,99.0,22.72,90.33,51.0,-0.8660254037844386,0.5000000000000001,0.9951053111006976,-0.09882013873287143,0.0,0.0,0.0,0.0,0.04100000000000023,0.0,0.0,0.0,0.0,1.0,34.4,Warning,Normal,Normal
2026-04-07 21:00:00,normal,6.84,25.39,7.69,0.13,0.159,46.79,1.826,893.5,99.0,23.05,86.77,66.0,-0.7071067811865477,0.7071067811865474,0.9951053111006976,-0.09882013873287143,0.0,0.0,0.0,0.0,0.06500000000000003,0.0,0.0,0.0,0.0,0.6769999999999996,23.4,Normal,Normal,Normal
2026-04-07 22:00:00,normal,6.83,25.35,7.8,0.134,0.127,46.9,1.829,908.9,99.0,23.63,86.65,0.0,-0.5000000000000004,0.8660254037844384,0.9951053111006976,-0.09882013873287143,0.0,0.0,0.0,0.0,0.07249999999999976,0.0,0.0,0.0,0.0,0.6650000000000006,23.0,Normal,Normal,Normal
2026-04-07 23:00:00,normal,6.82,25.26,7.74,0.129,0.09,47.51,1.843,914.0,99.0,23.21,86.4,106.0,-0.25881904510252157,0.9659258262890681,0.9951053111006976,-0.09882013873287143,0.0,0.0,0.0,0.0,0.10749999999999978,0.0,0.0,0.0,0.0,0.6400000000000006,22.2,Normal,Normal,Normal
2026-04-08 00:00:00,normal,6.81,25.29,7.69,0.133,0.049,47.27,1.855,920.8,99.0,23.55,88.36,31.0,0.0,1.0,0.9932568492674143,-0.11593459959550041,0.0,0.0,0.0,0.0,0.1374999999999998,0.0,0.0,0.0,0.0,0.836,29.0,Normal,Normal,Normal
2026-04-08 01:00:00,normal,6.82,25.28,7.84,0.131,0.054,47.27,1.846,920.3,99.0,23.65,86.1,41.0,0.25881904510252074,0.9659258262890683,0.9932568492674143,-0.11593459959550041,0.0,0.0,0.0,0.0,0.11500000000000006,0.0,0.0,0.0,0.0,0.6099999999999994,21.2,Normal,Normal,Normal
2026-04-08 02:00:00,normal,6.81,25.27,7.84,0.096,0.066,46.94,1.812,921.3,99.0,23.93,89.11,31.0,0.49999999999999994,0.8660254037844387,0.9932568492674143,-0.11593459959550041,0.0,0.0,0.0,0.0,0.10649999999999978,0.0,0.0,0.0,0.0,0.9109999999999999,31.5,Warning,Normal,Normal
2026-04-08 03:00:00,normal,6.81,25.22,7.77,0.078,0.06,46.76,1.823,911.3,99.0,23.17,89.51,11.0,0.7071067811865476,0.7071067811865476,0.9932568492674143,-0.11593459959550041,0.0,0.0,0.0,0.0,0.05749999999999975,0.0,0.0,0.0,0.0,0.9510000000000005,32.8,Warning,Normal,Normal
2026-04-08 04:00:00,normal,6.83,25.14,7.7,0.085,0.057,47.72,1.8,892.9,99.0,23.2,88.32,50.0,0.8660254037844386,0.5000000000000001,0.9932568492674143,-0.11593459959550041,0.0,0.0,0.0,0.0,0.0,0.0,0.0,0.0,0.0,0.8319999999999993,28.5,Normal,Normal,Normal
2026-04-08 05:00:00,normal,6.84,25.2,7.86,0.084,0.063,47.56,1.811,920.9,99.0,23.89,86.86,3.0,0.9659258262890683,0.25881904510252074,0.9932568492674143,-0.11593459959550041,0.0,0.0,0.0,0.0,0.10449999999999988,0.0,0.0,0.0,0.0,0.6859999999999999,23.8,Normal,Normal,Normal
2026-04-08 06:00:00,normal,6.85,25.17,7.83,0.098,0.073,47.34,1.804,913.1,99.0,23.14,88.4,23.0,1.0,6.123233995736766e-17,0.9932568492674143,-0.11593459959550041,0.0,0.0,0.0,0.0,0.06550000000000011,0.0,0.0,0.0,0.0,0.8400000000000005,29.0,Normal,Normal,Normal
2026-04-08 07:00:00,normal,6.85,25.19,7.77,0.236,0.081,46.93,1.835,926.0,99.0,24.31,84.46,4180.0,0.9659258262890683,-0.25881904510252063,0.9932568492674143,-0.11593459959550041,0.0,0.0,0.0,0.0,0.13,0.0,0.0,0.0,0.0,0.4459999999999994,15.6,Normal,Normal,Normal
2026-04-08 08:00:00,normal,6.86,25.26,7.7,0.208,0.082,46.49,1.846,924.6,99.0,25.9,80.34,10114.0,0.8660254037844387,-0.4999999999999998,0.9932568492674143,-0.11593459959550041,0.0,0.0,0.0,0.0,0.12300000000000011,0.0,0.0,0.0,0.0,0.03400000000000034,8.6,Normal,Normal,Normal
2026-04-08 09:00:00,normal,6.86,25.34,7.49,0.178,0.08,47.32,1.843,903.6,99.0,27.2,78.74,16710.0,0.7071067811865476,-0.7071067811865475,0.9932568492674143,-0.11593459959550041,0.0,0.0,0.0,0.0,0.10749999999999978,0.0,0.0,0.0,0.0,0.0,7.5,Normal,Normal,Normal
2026-04-08 10:00:00,normal,6.85,25.5,7.38,0.194,0.077,46.07,1.822,912.0,99.0,28.31,73.43,24535.0,0.49999999999999994,-0.8660254037844387,0.9932568492674143,-0.11593459959550041,0.0,0.0,0.0,0.0,0.06,0.0,0.0,0.0,0.0,0.0,4.2,Normal,Normal,Normal
2026-04-08 11:00:00,normal,6.87,25.61,7.5,0.159,0.082,45.99,1.814,898.4,99.0,29.39,75.35,29328.0,0.258819045102521,-0.9659258262890682,0.9932568492674143,-0.11593459959550041,0.0,0.0,0.0,0.0,0.03500000000000002,0.0,0.0,0.0,0.0,0.0,2.4,Normal,Normal,Normal
2026-04-08 12:00:00,biofilter_nitrite,6.86,25.72,7.44,0.168,0.153,46.47,1.797,898.4,99.0,29.7,71.78,28943.0,1.2246467991473532e-16,-1.0,0.9932568492674143,-0.11593459959550041,0.0,0.0,0.0,0.0,0.0,0.0,0.0,0.0,0.0,0.0,0.0,Normal,Normal,Normal
2026-04-08 13:00:00,biofilter_nitrite,6.85,25.91,7.26,0.192,0.25,46.95,1.819,891.5,99.0,29.08,73.69,33024.0,-0.2588190451025208,-0.9659258262890683,0.9932568492674143,-0.11593459959550041,0.0,0.0,0.0,0.0,0.04749999999999975,0.0,0.0,0.0,0.0,0.0,3.3,Normal,Normal,Normal
2026-04-08 14:00:00,biofilter_nitrite,6.85,26.03,7.21,0.198,0.347,46.28,1.814,920.4,99.0,28.27,76.11,27344.0,-0.4999999999999997,-0.8660254037844388,0.9932568492674143,-0.11593459959550041,0.0,0.0,0.0,0.0,0.10199999999999988,0.0,0.0,0.0,0.0,0.0,7.1,Normal,Normal,Normal
2026-04-08 15:00:00,biofilter_nitrite,6.87,26.06,7.36,0.223,0.426,46.43,1.809,896.9,99.0,27.07,78.02,20649.0,-0.7071067811865471,-0.7071067811865479,0.9932568492674143,-0.11593459959550041,0.0,0.0,0.0,0.0,0.022499999999999735,0.0,0.0,0.0,0.0,0.0,1.6,Normal,Normal,Normal
2026-04-08 16:00:00,biofilter_nitrite,6.85,26.04,7.37,0.249,0.536,46.49,1.799,889.9,99.0,25.58,80.04,11583.0,-0.8660254037844385,-0.5000000000000004,0.9932568492674143,-0.11593459959550041,0.0,0.0,0.0,0.07200000000000006,0.0,0.0,0.0,0.0,0.012240000000000011,0.0040000000000006255,5.7,Normal,Normal,Normal
2026-04-08 17:00:00,biofilter_nitrite,6.85,26.05,7.4,0.392,0.614,45.98,1.795,905.3,99.0,24.46,81.92,4233.0,-0.9659258262890683,-0.25881904510252063,0.9932568492674143,-0.11593459959550041,0.0,0.0,0.0,0.22799999999999998,0.026499999999999774,0.0,0.0,0.0,0.03876,0.19200000000000017,18.1,Normal,Normal,Normal
2026-04-08 18:00:00,biofilter_nitrite,6.85,25.97,7.49,0.387,0.677,46.31,1.788,896.0,99.0,23.89,85.7,454.0,-1.0,-1.8369701987210297e-16,0.9932568492674143,-0.11593459959550041,0.0,0.0,0.0,0.3540000000000001,0.0,0.0,0.0,0.0,0.06018000000000002,0.5700000000000003,28.2,Normal,Normal,Normal
2026-04-08 19:00:00,biofilter_nitrite,6.86,25.94,7.46,0.369,0.743,46.67,1.793,913.6,99.0,24.24,87.17,43.0,-0.9659258262890684,0.2588190451025203,0.9932568492674143,-0.11593459959550041,0.0,0.0,0.0,0.486,0.06800000000000012,0.0,0.0,0.0,0.08262,0.7170000000000002,38.8,Warning,Normal,Normal
2026-04-08 20:00:00,biofilter_nitrite,6.86,25.84,7.56,0.349,0.806,46.08,1.796,913.8,99.0,23.71,87.77,31.0,-0.8660254037844386,0.5000000000000001,0.9932568492674143,-0.11593459959550041,0.0,0.0,0.0,0.6120000000000001,0.06899999999999977,0.0,0.0,0.0,0.10404000000000002,0.7769999999999996,48.8,Warning,Normal,Normal
2026-04-08 21:00:00,biofilter_nitrite,6.86,25.79,7.51,0.338,0.859,46.63,1.796,903.6,99.0,24.35,87.13,10.0,-0.7071067811865477,0.7071067811865474,0.9932568492674143,-0.11593459959550041,0.0,0.0,0.0,0.718,0.018000000000000113,0.0,0.0,0.0,0.12206,0.7129999999999995,57.0,Warning,Normal,Normal
2026-04-08 22:00:00,biofilter_nitrite,6.86,25.73,7.46,0.334,0.909,46.73,1.803,895.0,99.0,24.03,90.51,62.0,-0.5000000000000004,0.8660254037844384,0.9932568492674143,-0.11593459959550041,0.0,0.0,0.0,0.8180000000000001,0.0074999999999997265,0.0,0.0,0.0,0.13906000000000002,1.0,65.0,Warning,Normal,Normal
2026-04-08 23:00:00,biofilter_nitrite,6.88,25.76,7.43,0.356,0.952,46.55,1.809,910.0,99.0,24.44,88.91,43.0,-0.25881904510252157,0.9659258262890681,0.9932568492674143,-0.11593459959550041,0.0,0.0,0.0,0.9039999999999999,0.05,0.0,0.0,0.0,0.15367999999999998,0.8909999999999997,71.8,Critical,Nitrit tinggi,Nitrit tinggi
2026-04-09 00:00:00,biofilter_nitrite,6.88,25.68,7.72,0.369,0.951,47.64,1.818,909.9,99.0,23.73,86.75,47.0,0.0,1.0,0.9911140639934547,-0.1330147065341959,0.0,0.0,0.0,0.9019999999999999,0.049499999999999884,0.0,0.0,0.0,0.15334,0.675,71.5,Critical,Nitrit tinggi,Nitrit tinggi
2026-04-09 01:00:00,biofilter_nitrite,6.9,25.61,7.61,0.341,0.992,47.59,1.823,891.2,99.0,24.42,87.33,42.0,0.25881904510252074,0.9659258262890683,0.9911140639934547,-0.1330147065341959,0.0,0.0,0.0,0.984,0.05749999999999975,0.0,0.0,0.0,0.16728,0.7329999999999999,78.0,Critical,Nitrit tinggi,Nitrit tinggi
2026-04-09 02:00:00,biofilter_nitrite,6.91,25.6,7.58,0.308,0.986,47.69,1.784,897.3,99.0,23.76,87.48,63.0,0.49999999999999994,0.8660254037844387,0.9911140639934547,-0.1330147065341959,0.0,0.0,0.0,0.972,0.0,0.0,0.0,0.0,0.16524,0.7480000000000004,77.0,Critical,Nitrit tinggi,Nitrit tinggi
2026-04-09 03:00:00,biofilter_nitrite,6.91,25.6,7.6,0.316,0.977,48.15,1.786,899.6,99.0,24.0,89.46,39.0,0.7071067811865476,0.7071067811865476,0.9911140639934547,-0.1330147065341959,0.0,0.0,0.0,0.954,0.0,0.0,0.0,0.0,0.16218,0.9459999999999994,75.7,Critical,Nitrit tinggi,Nitrit tinggi
2026-04-09 04:00:00,biofilter_nitrite,6.91,25.53,7.8,0.32,0.972,48.46,1.78,872.9,99.0,24.75,88.3,30.0,0.8660254037844386,0.5000000000000001,0.9911140639934547,-0.1330147065341959,0.0,0.0,0.0,0.944,0.0,0.0,0.0,0.0,0.16048,0.8299999999999997,74.8,Critical,Nitrit tinggi,Nitrit tinggi
2026-04-09 05:00:00,biofilter_nitrite,6.92,25.48,7.64,0.326,0.955,48.71,1.785,873.5,99.0,24.45,89.38,67.0,0.9659258262890683,0.25881904510252074,0.9911140639934547,-0.1330147065341959,0.0,0.0,0.0,0.9099999999999999,0.0,0.0,0.0,0.0,0.1547,0.9379999999999995,72.2,Critical,Nitrit tinggi,Nitrit tinggi
2026-04-09 06:00:00,biofilter_nitrite,6.88,25.5,7.62,0.315,0.918,48.27,1.794,905.9,99.0,24.55,89.14,13.0,1.0,6.123233995736766e-17,0.9911140639934547,-0.1330147065341959,0.0,0.0,0.0,0.8360000000000001,0.029499999999999887,0.0,0.0,0.0,0.14212000000000002,0.914,66.4,Warning,Normal,Normal
2026-04-09 07:00:00,biofilter_nitrite,6.88,25.59,7.47,0.453,0.867,48.15,1.795,885.0,99.0,24.99,81.25,4159.0,0.9659258262890683,-0.25881904510252063,0.9911140639934547,-0.1330147065341959,0.0,0.0,0.0,0.734,0.0,0.0,0.0,0.0,0.12478,0.125,57.9,Warning,Normal,Normal
2026-04-09 08:00:00,biofilter_nitrite,6.87,25.61,7.5,0.389,0.809,48.3,1.791,901.8,99.0,27.03,80.83,12076.0,0.8660254037844387,-0.4999999999999998,0.9911140639934547,-0.1330147065341959,0.0,0.0,0.0,0.6180000000000001,0.008999999999999772,0.0,0.0,0.0,0.10506000000000003,0.08299999999999982,48.7,Warning,Normal,Normal
2026-04-09 09:00:00,biofilter_nitrite,6.88,25.63,7.35,0.34,0.747,48.2,1.809,913.8,99.0,27.58,76.23,20254.0,0.7071067811865476,-0.7071067811865475,0.9911140639934547,-0.1330147065341959,0.0,0.0,0.0,0.494,0.06899999999999977,0.0,0.0,0.0,0.08398,0.0,39.1,Warning,Normal,Normal
2026-04-09 10:00:00,biofilter_nitrite,6.88,25.79,7.18,0.31,0.681,48.57,1.789,911.7,99.0,29.07,74.71,28607.0,0.49999999999999994,-0.8660254037844387,0.9911140639934547,-0.1330147065341959,0.0,0.0,0.0,0.3620000000000001,0.058500000000000225,0.0,0.0,0.0,0.06154000000000002,0.0,28.6,Normal,Normal,Normal
2026-04-09 11:00:00,biofilter_nitrite,6.87,25.98,7.21,0.263,0.587,48.51,1.797,880.1,99.0,30.04,72.26,32877.0,0.258819045102521,-0.9659258262890682,0.9911140639934547,-0.1330147065341959,0.0,0.0,0.0,0.17399999999999993,0.0,0.0,0.0,0.0,0.02957999999999999,0.0,13.7,Normal,Normal,Normal
2026-04-09 12:00:00,biofilter_nitrite,6.87,26.0,7.25,0.263,0.504,48.88,1.843,925.9,99.0,29.94,72.33,34375.0,1.2246467991473532e-16,-1.0,0.9911140639934547,-0.1330147065341959,0.0,0.0,0.0,0.008000000000000007,0.1294999999999999,0.0,0.0,0.0,0.0013600000000000014,0.0,9.1,Normal,Normal,Normal
2026-04-09 13:00:00,biofilter_nitrite,6.86,26.1,7.16,0.206,0.406,48.75,1.828,920.5,99.0,30.72,72.32,34200.0,-0.2588190451025208,-0.9659258262890683,0.9911140639934547,-0.1330147065341959,0.0,0.0,0.0,0.0,0.1025,0.0,0.0,0.0,0.0,0.0,7.1,Normal,Normal,Normal
2026-04-09 14:00:00,biofilter_nitrite,6.86,26.14,7.42,0.182,0.314,49.33,1.82,918.1,99.0,28.86,75.55,28088.0,-0.4999999999999997,-0.8660254037844388,0.9911140639934547,-0.1330147065341959,0.0,0.0,0.0,0.0,0.09050000000000011,0.0,0.0,0.0,0.0,0.0,6.3,Normal,Normal,Normal
2026-04-09 15:00:00,biofilter_nitrite,6.85,26.11,7.39,0.164,0.222,49.2,1.831,916.1,99.0,27.47,79.14,20335.0,-0.7071067811865471,-0.7071067811865479,0.9911140639934547,-0.1330147065341959,0.0,0.0,0.0,0.0,0.08050000000000011,0.0,0.0,0.0,0.0,0.0,5.6,Normal,Normal,Normal
2026-04-09 16:00:00,biofilter_nitrite,6.88,26.01,7.51,0.099,0.124,48.93,1.829,916.0,99.0,26.33,80.66,12121.0,-0.8660254037844385,-0.5000000000000004,0.9911140639934547,-0.1330147065341959,0.0,0.0,0.0,0.0,0.08,0.0,0.0,0.0,0.0,0.06599999999999966,5.6,Normal,Normal,Normal
2026-04-09 17:00:00,normal,6.88,26.02,7.54,0.219,0.102,48.6,1.851,925.1,99.0,24.95,82.53,4154.0,-0.9659258262890683,-0.25881904510252063,0.9911140639934547,-0.1330147065341959,0.0,0.0,0.0,0.0,0.12749999999999978,0.0,0.0,0.0,0.0,0.2530000000000001,9.0,Normal,Normal,Normal
2026-04-09 18:00:00,normal,6.85,25.95,7.77,0.182,0.102,48.91,1.833,908.4,99.0,23.83,83.81,198.0,-1.0,-1.8369701987210297e-16,0.9911140639934547,-0.1330147065341959,0.0,0.0,0.0,0.0,0.08249999999999977,0.0,0.0,0.0,0.0,0.3810000000000002,13.3,Normal,Normal,Normal
2026-04-09 19:00:00,normal,6.86,25.88,7.74,0.144,0.121,49.08,1.83,936.3,99.0,24.03,86.31,37.0,-0.9659258262890684,0.2588190451025203,0.9911140639934547,-0.1330147065341959,0.0,0.0,0.0,0.0,0.18149999999999977,0.0,0.0,0.0,0.0,0.6310000000000002,22.1,Normal,Normal,Normal
2026-04-09 20:00:00,normal,6.87,25.89,7.54,0.158,0.102,48.88,1.821,919.4,99.0,24.13,88.89,0.0,-0.8660254037844386,0.5000000000000001,0.9911140639934547,-0.1330147065341959,0.0,0.0,0.0,0.0,0.09699999999999989,0.0,0.0,0.0,0.0,0.889,30.7,Warning,Normal,Normal
2026-04-09 21:00:00,normal,6.87,25.85,7.9,0.153,0.089,49.35,1.853,920.9,99.0,24.68,87.16,34.0,-0.7071067811865477,0.7071067811865474,0.9911140639934547,-0.1330147065341959,0.0,0.0,0.0,0.0,0.13249999999999978,0.0,0.0,0.0,0.0,0.7159999999999996,24.9,Normal,Normal,Normal
2026-04-09 22:00:00,normal,6.86,25.83,7.87,0.167,0.084,49.35,1.846,925.8,99.0,24.4,88.1,7.0,-0.5000000000000004,0.8660254037844384,0.9911140639934547,-0.1330147065341959,0.0,0.0,0.0,0.0,0.12899999999999978,0.0,0.0,0.0,0.0,0.8099999999999994,28.1,Normal,Normal,Normal
2026-04-09 23:00:00,normal,6.88,25.82,7.67,0.16,0.063,49.44,1.876,939.2,99.0,23.77,88.41,34.0,-0.25881904510252157,0.9659258262890681,0.9911140639934547,-0.1330147065341959,0.0,0.0,0.0,0.0,0.19600000000000023,0.0,0.0,0.0,0.0,0.8409999999999996,29.3,Normal,Normal,Normal
2026-04-10 00:00:00,normal,6.86,25.74,7.55,0.121,0.057,49.09,1.865,938.3,99.0,24.15,84.25,45.0,0.0,1.0,0.9886775902323405,-0.1500553983446526,0.0,0.0,0.0,0.0,0.19149999999999978,0.0,0.0,0.0,0.0,0.425,15.0,Normal,Normal,Normal
2026-04-10 01:00:00,normal,6.87,25.67,7.63,0.132,0.051,49.82,1.895,924.9,99.0,24.27,88.82,35.0,0.25881904510252074,0.9659258262890683,0.9886775902323405,-0.1500553983446526,0.0,0.0,0.0,0.0,0.23749999999999985,0.0,0.0,0.0,0.0,0.8819999999999993,30.8,Warning,Normal,Normal
2026-04-10 02:00:00,normal,6.88,25.61,7.75,0.103,0.051,49.11,1.853,937.7,99.0,24.2,88.76,31.0,0.49999999999999994,0.8660254037844387,0.9886775902323405,-0.1500553983446526,0.0,0.0,0.0,0.0,0.18850000000000022,0.0,0.0,0.0,0.0,0.8760000000000006,30.5,Warning,Normal,Normal
2026-04-10 03:00:00,normal,6.87,25.6,7.68,0.095,0.052,50.09,1.862,927.9,99.0,23.94,87.95,34.0,0.7071067811865476,0.7071067811865476,0.9886775902323405,-0.1500553983446526,0.0,0.0,0.0,0.0,0.15500000000000008,0.0,0.0,0.0,0.0,0.7950000000000003,27.6,Normal,Normal,Normal
2026-04-10 04:00:00,normal,6.89,25.57,7.86,0.094,0.054,49.14,1.831,925.6,99.0,24.11,89.09,56.0,0.8660254037844386,0.5000000000000001,0.9886775902323405,-0.1500553983446526,0.0,0.0,0.0,0.0,0.1280000000000001,0.0,0.0,0.0,0.0,0.9090000000000004,31.5,Warning,Normal,Normal
2026-04-10 05:00:00,normal,6.88,25.54,7.77,0.113,0.072,49.96,1.852,932.0,99.0,23.68,88.8,54.0,0.9659258262890683,0.25881904510252074,0.9886775902323405,-0.1500553983446526,0.0,0.0,0.0,0.0,0.16,0.0,0.0,0.0,0.0,0.8799999999999997,30.5,Warning,Normal,Normal
2026-04-10 06:00:00,normal,6.87,25.55,7.76,0.094,0.065,49.7,1.852,922.6,99.0,23.83,87.61,76.0,1.0,6.123233995736766e-17,0.9886775902323405,-0.1500553983446526,0.0,0.0,0.0,0.0,0.13000000000000006,0.0,0.0,0.0,0.0,0.7609999999999999,26.4,Normal,Normal,Normal
2026-04-10 07:00:00,normal,6.87,25.56,7.49,0.24,0.057,48.75,1.885,933.6,99.0,24.33,82.89,4602.0,0.9659258262890683,-0.25881904510252063,0.9886775902323405,-0.1500553983446526,0.0,0.0,0.0,0.0,0.21249999999999983,0.0,0.0,0.0,0.0,0.28900000000000003,15.0,Normal,Normal,Normal
2026-04-10 08:00:00,normal,6.87,25.55,7.5,0.197,0.07,49.33,1.887,936.1,99.0,25.95,80.24,12643.0,0.8660254037844387,-0.4999999999999998,0.9886775902323405,-0.1500553983446526,0.0,0.0,0.0,0.0,0.21749999999999983,0.0,0.0,0.0,0.0,0.023999999999999487,15.2,Normal,Normal,Normal
2026-04-10 09:00:00,normal,6.88,25.61,7.48,0.165,0.065,49.04,1.894,948.3,99.0,27.36,75.11,20094.0,0.7071067811865476,-0.7071067811865475,0.9886775902323405,-0.1500553983446526,0.0,0.0,0.0,0.0,0.24149999999999977,0.0,0.0,0.0,0.0,0.0,16.8,Normal,Normal,Normal
2026-04-10 10:00:00,normal,6.88,25.78,7.39,0.155,0.071,49.01,1.859,934.3,99.0,29.1,73.39,29006.0,0.49999999999999994,-0.8660254037844387,0.9886775902323405,-0.1500553983446526,0.0,0.0,0.0,0.0,0.17149999999999976,0.0,0.0,0.0,0.0,0.0,12.0,Normal,Normal,Normal
2026-04-10 11:00:00,normal,6.87,25.9,7.41,0.124,0.076,49.55,1.883,954.0,99.0,29.77,72.53,34735.0,0.258819045102521,-0.9659258262890682,0.9886775902323405,-0.1500553983446526,0.0,0.0,0.0,0.0,0.27,0.0,0.0,0.0,0.0,0.0,18.8,Normal,Normal,Normal
2026-04-10 12:00:00,normal,6.88,25.99,7.35,0.12,0.045,48.71,1.865,941.3,99.0,29.8,73.75,36176.0,1.2246467991473532e-16,-1.0,0.9886775902323405,-0.1500553983446526,0.0,0.0,0.0,0.0,0.20649999999999977,0.0,0.0,0.0,0.0,0.0,14.4,Normal,Normal,Normal
2026-04-10 13:00:00,normal,6.89,26.09,7.3,0.095,0.057,48.81,1.887,934.9,99.0,29.52,73.09,33289.0,-0.2588190451025208,-0.9659258262890683,0.9886775902323405,-0.1500553983446526,0.0,0.0,0.0,0.0,0.21749999999999983,0.0,0.0,0.0,0.0,0.0,15.2,Normal,Normal,Normal
2026-04-10 14:00:00,normal,6.89,26.25,7.37,0.082,0.08,49.01,1.894,963.1,99.0,29.64,73.95,28556.0,-0.4999999999999997,-0.8660254037844388,0.9886775902323405,-0.1500553983446526,0.0,0.0,0.0,0.0,0.3155000000000001,0.0,0.0,0.0,0.0,0.0,22.0,Normal,Normal,Normal
2026-04-10 15:00:00,normal,6.89,26.19,7.38,0.092,0.069,49.1,1.875,945.1,99.0,27.52,76.41,21075.0,-0.7071067811865471,-0.7071067811865479,0.9886775902323405,-0.1500553983446526,0.0,0.0,0.0,0.0,0.22550000000000012,0.0,0.0,0.0,0.0,0.0,15.7,Normal,Normal,Normal
2026-04-10 16:00:00,hot_greenhouse,6.88,26.53,7.44,0.103,0.055,49.0,1.901,949.5,99.0,26.08,80.02,12775.0,-0.8660254037844385,-0.5000000000000004,0.9886775902323405,-0.1500553983446526,0.0,0.0,0.0,0.0,0.25249999999999984,0.0,0.0,0.0,0.0,0.001999999999999602,17.6,Normal,Normal,Normal
2026-04-10 17:00:00,hot_greenhouse,6.88,26.82,7.34,0.221,0.069,49.62,1.87,939.1,99.0,25.16,78.15,4782.0,-0.9659258262890683,-0.25881904510252063,0.9886775902323405,-0.1500553983446526,0.0,0.0,0.0,0.0,0.19550000000000012,0.0,0.0,0.0,0.0,0.0,13.6,Normal,Normal,Normal
2026-04-10 18:00:00,hot_greenhouse,6.89,27.19,7.46,0.164,0.065,48.73,1.873,934.0,99.0,25.25,79.29,0.0,-1.0,-1.8369701987210297e-16,0.9886775902323405,-0.1500553983446526,0.0,0.0,0.0,0.0,0.18249999999999983,0.0,0.0,0.0,0.0,0.0,12.7,Normal,Normal,Normal
2026-04-10 19:00:00,hot_greenhouse,6.86,27.44,7.41,0.154,0.058,48.59,1.876,942.8,99.0,26.08,82.26,103.0,-0.9659258262890684,0.2588190451025203,0.9886775902323405,-0.1500553983446526,0.0,0.0,0.0,0.0,0.21399999999999977,0.0,0.0,0.0,0.0,0.2260000000000005,15.0,Normal,Normal,Normal
2026-04-10 20:00:00,hot_greenhouse,6.84,27.74,7.19,0.14,0.066,48.96,1.907,936.7,99.0,25.8,78.1,46.0,-0.8660254037844386,0.5000000000000001,0.9886775902323405,-0.1500553983446526,0.0,0.0,0.0,0.0,0.26749999999999985,0.0,0.0,0.0,0.0,0.0,18.7,Normal,Normal,Normal
2026-04-10 21:00:00,hot_greenhouse,6.85,28.09,7.29,0.131,0.073,49.13,1.852,935.8,99.0,27.26,79.56,48.0,-0.7071067811865477,0.7071067811865474,0.9886775902323405,-0.1500553983446526,0.0,0.0,0.0,0.0,0.17899999999999977,0.0,0.0,0.0,0.0,0.0,12.5,Normal,Normal,Normal
2026-04-10 22:00:00,hot_greenhouse,6.84,28.38,7.03,0.117,0.064,48.72,1.859,928.6,99.0,27.46,78.3,34.0,-0.5000000000000004,0.8660254037844384,0.9886775902323405,-0.1500553983446526,0.0,0.0,0.0,0.0,0.1474999999999998,0.0,0.0,0.0,0.0,0.0,10.3,Normal,Normal,Normal
2026-04-10 23:00:00,hot_greenhouse,6.83,28.69,7.22,0.111,0.059,48.91,1.868,917.9,99.0,27.63,77.58,57.0,-0.25881904510252157,0.9659258262890681,0.9886775902323405,-0.1500553983446526,0.0,0.0,0.0,0.0,0.1700000000000001,0.0,0.0,0.0,0.0,0.0,11.9,Normal,Normal,Normal
2026-04-11 00:00:00,hot_greenhouse,6.82,28.99,7.03,0.104,0.044,48.87,1.846,926.4,99.0,27.73,76.53,0.0,0.0,1.0,0.9859481499638304,-0.16705162550211924,0.0,0.0,0.0,0.0,0.1319999999999999,0.0,0.0,0.0,0.0,0.0,9.2,Normal,Normal,Normal
2026-04-11 01:00:00,hot_greenhouse,6.83,29.14,6.88,0.112,0.05,48.61,1.842,936.0,99.0,28.36,74.22,14.0,0.25881904510252074,0.9659258262890683,0.9859481499638304,-0.16705162550211924,0.0,0.0,0.0,0.0,0.18,0.0,0.0,0.0,0.0,0.0,12.6,Normal,Normal,Normal
2026-04-11 02:00:00,hot_greenhouse,6.82,29.32,6.98,0.089,0.047,49.76,1.85,935.3,99.0,28.92,74.26,83.0,0.49999999999999994,0.8660254037844387,0.9859481499638304,-0.16705162550211924,0.0,0.0,0.0,0.0,0.17649999999999977,0.0,0.0,0.0,0.0,0.0,12.3,Normal,Normal,Normal
2026-04-11 03:00:00,hot_greenhouse,6.84,29.39,6.91,0.102,0.057,48.64,1.858,925.6,99.0,29.14,71.69,56.0,0.7071067811865476,0.7071067811865476,0.9859481499638304,-0.16705162550211924,0.0,0.0,0.0,0.0,0.14500000000000007,0.0,0.0,0.0,0.0,0.0,10.1,Normal,Normal,Normal
2026-04-11 04:00:00,hot_greenhouse,6.83,29.64,6.9,0.092,0.056,48.89,1.84,930.9,99.0,30.18,68.19,50.0,0.8660254037844386,0.5000000000000001,0.9859481499638304,-0.16705162550211924,0.0,0.0,0.0,0.0,0.1544999999999999,0.0,0.0,0.0,0.0,0.0,10.8,Normal,Normal,Normal
2026-04-11 05:00:00,hot_greenhouse,6.83,29.79,6.76,0.112,0.058,48.54,1.839,937.2,99.0,30.35,69.5,67.0,0.9659258262890683,0.25881904510252074,0.9859481499638304,-0.16705162550211924,0.0,0.0,0.0,0.0,0.18600000000000022,0.0,0.0,0.0,0.0,0.0,13.0,Normal,Normal,Normal
2026-04-11 06:00:00,hot_greenhouse,6.84,29.89,6.86,0.109,0.065,48.91,1.82,918.9,99.0,29.91,69.34,71.0,1.0,6.123233995736766e-17,0.9859481499638304,-0.16705162550211924,0.0,0.0,0.0,0.0,0.09449999999999989,0.0,0.0,0.0,0.0,0.0,6.6,Normal,Normal,Normal
2026-04-11 07:00:00,hot_greenhouse,6.82,30.09,6.85,0.237,0.059,48.98,1.845,918.1,99.0,31.5,59.49,4301.0,0.9659258262890683,-0.25881904510252063,0.9859481499638304,-0.16705162550211924,0.0,0.0,0.0,0.0,0.11249999999999978,0.0,0.0,0.04499999999999993,0.009899999999999985,0.0,8.0,Normal,Normal,Normal
2026-04-11 08:00:00,hot_greenhouse,6.84,30.27,6.73,0.208,0.062,49.37,1.85,935.8,99.0,32.57,60.67,12036.0,0.8660254037844387,-0.4999999999999998,0.9859481499638304,-0.16705162550211924,0.0,0.0,0.0,0.0,0.17899999999999977,0.0,0.0,0.1349999999999998,0.029699999999999952,0.19000000000000009,13.0,Normal,Normal,Normal
2026-04-11 09:00:00,hot_greenhouse,6.84,30.53,6.51,0.169,0.072,49.67,1.868,937.9,99.0,34.73,56.77,20049.0,0.7071067811865476,-0.7071067811865475,0.9859481499638304,-0.16705162550211924,0.0,0.0,0.0,0.0,0.1894999999999999,0.0,0.0,0.26500000000000057,0.05830000000000012,0.9099999999999989,32.5,Warning,Normal,Normal
2026-04-11 10:00:00,hot_greenhouse,6.84,30.68,6.38,0.157,0.066,49.5,1.859,946.3,99.0,35.73,55.7,29379.0,0.49999999999999994,-0.8660254037844387,0.9859481499638304,-0.16705162550211924,0.0,0.0,0.0,0.0,0.23149999999999976,0.0,0.0,0.33999999999999986,0.07479999999999996,1.0,36.0,Warning,Normal,Normal
2026-04-11 11:00:00,hot_greenhouse,6.84,30.83,6.29,0.163,0.071,49.5,1.878,925.9,99.0,36.81,51.68,34723.0,0.258819045102521,-0.9659258262890682,0.9859481499638304,-0.16705162550211924,0.0,0.0,0.0,0.0,0.19499999999999956,0.0,0.0,0.41499999999999915,0.09129999999999981,1.0,36.1,Warning,Normal,Normal
2026-04-11 12:00:00,hot_greenhouse,6.85,31.02,6.2,0.149,0.065,48.47,1.856,925.7,99.0,37.16,49.53,36813.0,1.2246467991473532e-16,-1.0,0.9859481499638304,-0.16705162550211924,0.0,0.0,0.0,0.0,0.14000000000000007,0.0,0.0,0.5099999999999998,0.11219999999999995,1.0,37.0,Warning,Normal,Normal
2026-04-11 13:00:00,hot_greenhouse,6.86,31.08,6.28,0.147,0.064,48.96,1.895,959.2,99.0,36.54,53.47,30443.0,-0.2588190451025208,-0.9659258262890683,0.9859481499638304,-0.16705162550211924,0.0,0.0,0.0,0.0,0.2960000000000002,0.0,0.0,0.5399999999999991,0.11879999999999981,1.0,39.5,Warning,Normal,Normal
2026-04-11 14:00:00,hot_greenhouse,6.87,31.13,6.23,0.136,0.068,48.09,1.884,953.7,99.0,35.78,53.12,25301.0,-0.4999999999999997,-0.8660254037844388,0.9859481499638304,-0.16705162550211924,0.0,0.0,0.0,0.0,0.26850000000000024,0.0,0.0,0.5649999999999995,0.1242999999999999,1.0,41.2,Warning,Normal,Normal
2026-04-11 15:00:00,hot_greenhouse,6.87,31.17,6.44,0.138,0.06,49.49,1.878,962.4,99.0,34.8,54.67,18558.0,-0.7071067811865471,-0.7071067811865479,0.9859481499638304,-0.16705162550211924,0.0,0.0,0.0,0.0,0.3119999999999999,0.0,0.0,0.5850000000000009,0.12870000000000018,0.9333333333333323,42.7,Warning,Normal,Normal
2026-04-11 16:00:00,hot_greenhouse,6.88,31.12,6.43,0.106,0.075,49.15,1.907,953.1,99.0,32.76,57.31,11254.0,-0.8660254037844385,-0.5000000000000004,0.9859481499638304,-0.16705162550211924,0.0,0.0,0.0,0.0,0.26749999999999985,0.0,0.0,0.5600000000000005,0.12320000000000011,0.2533333333333327,40.4,Warning,Normal,Normal
2026-04-11 17:00:00,hot_greenhouse,6.88,30.99,6.67,0.234,0.079,48.94,1.898,958.5,99.0,31.62,59.47,3615.0,-0.9659258262890683,-0.25881904510252063,0.9859481499638304,-0.16705162550211924,0.0,0.0,0.0,0.0,0.2925,0.0,0.0,0.4949999999999992,0.10889999999999983,0.0,35.7,Warning,Normal,Normal
2026-04-11 18:00:00,hot_greenhouse,6.88,30.86,6.68,0.205,0.074,49.64,1.917,944.5,99.0,30.62,62.32,0.0,-1.0,-1.8369701987210297e-16,0.9859481499638304,-0.16705162550211924,0.0,0.0,0.0,0.0,0.29249999999999987,0.0,0.0,0.4299999999999997,0.09459999999999993,0.0,31.1,Warning,Normal,Normal
2026-04-11 19:00:00,hot_greenhouse,6.88,30.6,6.58,0.185,0.059,49.41,1.895,958.6,99.0,29.8,67.53,34.0,-0.9659258262890684,0.2588190451025203,0.9859481499638304,-0.16705162550211924,0.0,0.0,0.0,0.0,0.2930000000000001,0.0,0.0,0.3000000000000007,0.06600000000000016,0.0,21.9,Normal,Normal,Normal
2026-04-11 20:00:00,hot_greenhouse,6.89,30.35,6.73,0.166,0.082,49.53,1.91,962.0,99.0,29.52,66.12,29.0,-0.8660254037844386,0.5000000000000001,0.9859481499638304,-0.16705162550211924,0.0,0.0,0.0,0.0,0.31,0.0,0.0,0.1750000000000007,0.03850000000000016,0.0,22.2,Normal,Normal,Normal
2026-04-11 21:00:00,hot_greenhouse,6.88,30.12,6.92,0.153,0.056,49.52,1.915,958.4,99.0,29.53,70.52,70.0,-0.7071067811865477,0.7071067811865474,0.9859481499638304,-0.16705162550211924,0.0,0.0,0.0,0.0,0.29199999999999987,0.0,0.0,0.0600000000000005,0.01320000000000011,0.0,20.6,Normal,Normal,Normal
2026-04-11 22:00:00,hot_greenhouse,6.86,29.86,6.88,0.125,0.075,49.29,1.916,965.1,99.0,29.0,72.6,55.0,-0.5000000000000004,0.8660254037844384,0.9859481499638304,-0.16705162550211924,0.0,0.0,0.0,0.0,0.3255000000000001,0.0,0.0,0.0,0.0,0.0,22.7,Normal,Normal,Normal
2026-04-11 23:00:00,hot_greenhouse,6.86,29.58,7.0,0.148,0.056,49.37,1.898,950.9,99.0,29.28,70.42,44.0,-0.25881904510252157,0.9659258262890681,0.9859481499638304,-0.16705162550211924,0.0,0.0,0.0,0.0,0.2544999999999999,0.0,0.0,0.0,0.0,0.0,17.7,Normal,Normal,Normal
2026-04-12 00:00:00,hot_greenhouse,6.85,29.31,7.01,0.142,0.068,48.81,1.866,958.4,99.0,28.34,71.54,60.0,0.0,1.0,0.9829265519799822,-0.18399835165768005,0.0,0.0,0.0,0.0,0.29199999999999987,0.0,0.0,0.0,0.0,0.0,20.4,Normal,Normal,Normal
2026-04-12 01:00:00,hot_greenhouse,6.88,29.01,7.19,0.116,0.066,48.95,1.861,927.7,99.0,27.54,72.97,47.0,0.25881904510252074,0.9659258262890683,0.9829265519799822,-0.18399835165768005,0.0,0.0,0.0,0.0,0.1524999999999998,0.0,0.0,0.0,0.0,0.0,10.6,Normal,Normal,Normal
2026-04-12 02:00:00,hot_greenhouse,6.87,28.65,7.15,0.1,0.063,49.55,1.853,923.8,99.0,27.13,74.56,23.0,0.49999999999999994,0.8660254037844387,0.9829265519799822,-0.18399835165768005,0.0,0.0,0.0,0.0,0.13249999999999978,0.0,0.0,0.0,0.0,0.0,9.2,Normal,Normal,Normal
2026-04-12 03:00:00,hot_greenhouse,6.86,28.27,7.28,0.097,0.058,49.61,1.857,932.9,99.0,26.95,74.93,51.0,0.7071067811865476,0.7071067811865476,0.9829265519799822,-0.18399835165768005,0.0,0.0,0.0,0.0,0.1644999999999999,0.0,0.0,0.0,0.0,0.0,11.5,Normal,Normal,Normal
2026-04-12 04:00:00,hot_greenhouse,6.87,27.92,7.26,0.107,0.047,49.28,1.845,913.9,99.0,27.21,77.0,52.0,0.8660254037844386,0.5000000000000001,0.9829265519799822,-0.18399835165768005,0.0,0.0,0.0,0.0,0.11249999999999978,0.0,0.0,0.0,0.0,0.0,7.8,Normal,Normal,Normal
2026-04-12 05:00:00,low_nutrient,6.87,27.52,7.26,0.106,0.068,46.66,1.776,889.3,99.0,26.34,79.41,0.0,0.9659258262890683,0.25881904510252074,0.9829265519799822,-0.18399835165768005,0.0,0.0,0.0,0.0,0.0,0.0,0.0,0.0,0.0,0.0,0.0,Normal,Normal,Normal
2026-04-12 06:00:00,low_nutrient,6.88,27.2,7.36,0.086,0.06,44.55,1.747,876.7,99.0,25.41,80.97,30.0,1.0,6.123233995736766e-17,0.9829265519799822,-0.18399835165768005,0.0,0.0,0.0,0.0,0.0,0.0,0.0,0.0,0.0,0.09699999999999989,3.3,Normal,Normal,Normal
2026-04-12 07:00:00,low_nutrient,6.87,26.86,7.51,0.212,0.061,42.83,1.693,835.2,99.0,26.26,75.76,3866.0,0.9659258262890683,-0.25881904510252063,0.9829265519799822,-0.18399835165768005,0.0,0.0,0.0,0.0,0.0,0.0,0.0,0.0,0.0,0.0,0.0,Normal,Normal,Normal
2026-04-12 08:00:00,low_nutrient,6.87,26.56,7.39,0.2,0.072,40.76,1.65,832.9,99.0,26.92,75.57,11146.0,0.8660254037844387,-0.4999999999999998,0.9829265519799822,-0.18399835165768005,0.0,0.0,0.0,0.0,0.0,0.0,0.0,0.0,0.0,0.0,0.0,Normal,Normal,Normal
2026-04-12 09:00:00,low_nutrient,6.87,26.26,7.35,0.173,0.069,37.92,1.594,810.5,99.0,27.43,76.37,19040.0,0.7071067811865476,-0.7071067811865475,0.9829265519799822,-0.18399835165768005,0.0,0.0,0.0,0.0,0.0,0.0,0.0,0.0,0.0,0.0,0.0,Normal,Normal,Normal
2026-04-12 10:00:00,low_nutrient,6.86,26.07,7.28,0.152,0.082,36.03,1.55,763.9,99.0,28.66,74.34,27468.0,0.49999999999999994,-0.8660254037844387,0.9829265519799822,-0.18399835165768005,0.0,0.0,0.0,0.0,0.0,0.0,0.0,0.0,0.0,0.0,0.0,Normal,Normal,Normal
2026-04-12 11:00:00,low_nutrient,6.86,25.75,7.41,0.159,0.066,34.64,1.477,738.5,99.0,28.97,78.29,30693.0,0.258819045102521,-0.9659258262890682,0.9829265519799822,-0.18399835165768005,0.0,0.0,0.0,0.0,0.0,0.0,0.0,0.0,0.0,0.0,0.0,Normal,Normal,Normal
2026-04-12 12:00:00,low_nutrient,6.87,25.84,7.46,0.125,0.072,31.86,1.461,717.0,99.0,29.56,73.8,32691.0,1.2246467991473532e-16,-1.0,0.9829265519799822,-0.18399835165768005,0.0,0.0,0.0,0.0,0.0,0.0,0.0,0.0,0.0,0.0,0.0,Normal,Normal,Normal
2026-04-12 13:00:00,low_nutrient,6.87,25.98,7.46,0.13,0.062,30.6,1.407,706.2,99.0,29.53,75.28,27518.0,-0.2588190451025208,-0.9659258262890683,0.9829265519799822,-0.18399835165768005,0.0,0.0,0.0,0.0,0.0,0.0,0.0,0.0,0.0,0.0,0.0,Normal,Normal,Normal
2026-04-12 14:00:00,low_nutrient,6.86,26.1,7.43,0.117,0.069,28.88,1.359,672.0,99.0,28.29,77.02,23428.0,-0.4999999999999997,-0.8660254037844388,0.9829265519799822,-0.18399835165768005,0.0,0.0,0.0,0.0,0.0,0.0,0.0,0.0,0.0,0.0,0.0,Normal,Normal,Normal
2026-04-12 15:00:00,low_nutrient,6.84,26.13,7.33,0.092,0.067,26.9,1.304,652.0,99.0,26.89,77.89,16736.0,-0.7071067811865471,-0.7071067811865479,0.9829265519799822,-0.18399835165768005,0.0,0.0,0.0,0.0,0.0,0.0,0.0,0.0,0.0,0.0,0.0,Normal,Normal,Normal
2026-04-12 16:00:00,low_nutrient,6.84,26.12,7.64,0.092,0.078,25.31,1.27,642.3,99.0,25.81,78.37,9622.0,-0.8660254037844385,-0.5000000000000004,0.9829265519799822,-0.18399835165768005,0.0,0.0,0.0,0.0,0.0,0.0,0.0,0.0,0.0,0.0,0.0,Normal,Normal,Normal
2026-04-12 17:00:00,low_nutrient,6.83,25.97,7.42,0.233,0.063,23.61,1.257,643.5,99.0,23.31,84.22,2808.0,-0.9659258262890683,-0.25881904510252063,0.9829265519799822,-0.18399835165768005,0.0,0.0,0.0,0.0,0.0,0.0,0.0,0.0,0.0,0.4219999999999999,14.5,Normal,Normal,Normal
2026-04-12 18:00:00,low_nutrient,6.84,25.88,7.58,0.199,0.062,22.29,1.232,627.1,99.0,23.39,84.33,0.0,-1.0,-1.8369701987210297e-16,0.9829265519799822,-0.18399835165768005,0.0,0.0,0.0,0.0,0.0,0.0,0.0,0.0,0.0,0.43299999999999983,14.9,Normal,Normal,Normal
2026-04-12 19:00:00,low_nutrient,6.85,25.87,7.56,0.182,0.071,21.0,1.216,617.9,99.0,23.14,87.82,61.0,-0.9659258262890684,0.2588190451025203,0.9829265519799822,-0.18399835165768005,0.0,0.0,0.0,0.0,0.0,0.0,0.0,0.0,0.0,0.7819999999999994,26.8,Normal,Normal,Normal
2026-04-12 20:00:00,low_nutrient,6.83,25.79,7.76,0.147,0.069,20.05,1.179,587.7,99.0,22.32,88.08,56.0,-0.8660254037844386,0.5000000000000001,0.9829265519799822,-0.18399835165768005,0.0,0.0,0.0,0.0,0.0,0.0,0.0,0.0,0.0,0.8079999999999998,27.7,Normal,Normal,Normal
2026-04-12 21:00:00,low_nutrient,6.82,25.72,7.72,0.14,0.073,18.81,1.172,579.0,99.0,23.95,89.09,31.0,-0.7071067811865477,0.7071067811865474,0.9829265519799822,-0.18399835165768005,0.0,0.0,0.0,0.0,0.11900000000000013,0.0,0.0,0.0,0.0,0.9090000000000004,31.4,Warning,Normal,Normal
2026-04-12 22:00:00,low_nutrient,6.83,25.65,7.7,0.138,0.068,17.69,1.144,570.1,99.0,23.54,87.69,10.0,-0.5000000000000004,0.8660254037844384,0.9829265519799822,-0.18399835165768005,0.0,0.0,0.0,0.0,0.23099999999999987,0.0,0.0,0.0,0.0,0.7689999999999998,26.9,Normal,Normal,Normal
2026-04-12 23:00:00,low_nutrient,6.82,25.55,7.65,0.144,0.062,16.69,1.122,549.2,99.0,22.98,87.32,0.0,-0.25881904510252157,0.9659258262890681,0.9829265519799822,-0.18399835165768005,0.0,0.0,0.0,0.0,0.33099999999999985,0.0,0.0,0.0,0.0,0.7319999999999993,25.8,Normal,Normal,Normal
2026-04-13 00:00:00,low_nutrient,6.84,25.51,7.71,0.112,0.046,16.55,1.094,549.8,99.0,23.14,88.3,37.0,0.0,1.0,0.9796136916454901,-0.20089055513063506,0.0,0.0,0.0,0.0,0.3449999999999999,0.0,0.0,0.0,0.0,0.8299999999999997,29.2,Normal,Normal,Normal
2026-04-13 01:00:00,low_nutrient,6.85,25.44,7.68,0.116,0.055,16.43,1.071,539.5,99.0,23.64,85.07,19.0,0.25881904510252074,0.9659258262890683,0.9796136916454901,-0.20089055513063506,0.0,0.0,0.0,0.0,0.35700000000000004,0.0,0.0,0.0,0.0,0.5069999999999993,25.2,Normal,Normal,Normal
2026-04-13 02:00:00,low_nutrient,6.85,25.43,7.69,0.093,0.07,15.77,1.056,549.1,99.0,23.48,90.21,109.0,0.49999999999999994,0.8660254037844387,0.9796136916454901,-0.20089055513063506,0.0,0.0,0.0,0.0,0.42300000000000004,0.0,0.0,0.0,0.0,1.0,35.2,Warning,Normal,Normal
2026-04-13 03:00:00,low_nutrient,6.83,25.5,7.78,0.099,0.061,15.42,1.06,523.8,99.0,22.99,86.67,50.0,0.7071067811865476,0.7071067811865476,0.9796136916454901,-0.20089055513063506,0.0,0.0,0.0,0.0,0.458,0.0,0.0,0.0,0.0,0.6670000000000001,32.3,Warning,Normal,Normal
2026-04-13 04:00:00,low_nutrient,6.82,25.45,7.75,0.107,0.07,15.3,1.039,517.3,99.0,23.35,87.67,13.0,0.8660254037844386,0.5000000000000001,0.9796136916454901,-0.20089055513063506,0.0,0.0,0.0,0.0,0.4699999999999999,0.0,0.0,0.0,0.0,0.7670000000000001,33.2,Warning,Normal,Normal
2026-04-13 05:00:00,low_nutrient,6.82,25.36,7.82,0.095,0.048,15.7,1.064,520.6,99.0,22.9,88.87,43.0,0.9659258262890683,0.25881904510252074,0.9796136916454901,-0.20089055513063506,0.0,0.0,0.0,0.0,0.43000000000000005,0.0,0.0,0.0,0.0,0.8870000000000005,31.4,Warning,Normal,Normal
2026-04-13 06:00:00,low_nutrient,6.82,25.2,7.8,0.096,0.063,15.94,1.06,529.2,99.0,23.09,89.53,54.0,1.0,6.123233995736766e-17,0.9796136916454901,-0.20089055513063506,0.0,0.0,0.0,0.0,0.406,0.0,0.0,0.0,0.0,0.9530000000000001,33.6,Warning,Normal,Normal
2026-04-13 07:00:00,low_nutrient,6.82,25.18,7.77,0.234,0.072,15.75,1.052,527.7,99.0,23.65,81.14,4206.0,0.9659258262890683,-0.25881904510252063,0.9796136916454901,-0.20089055513063506,0.0,0.0,0.0,0.0,0.425,0.0,0.0,0.0,0.0,0.11400000000000006,29.7,Normal,Normal,Normal
2026-04-13 08:00:00,low_nutrient,6.83,25.15,7.84,0.185,0.069,16.28,1.082,535.1,99.0,25.45,79.49,9279.0,0.8660254037844387,-0.4999999999999998,0.9796136916454901,-0.20089055513063506,0.0,0.0,0.0,0.0,0.3719999999999999,0.0,0.0,0.0,0.0,0.0,25.9,Normal,Normal,Normal
2026-04-13 09:00:00,low_nutrient,6.82,25.16,7.63,0.178,0.075,16.29,1.082,543.2,99.0,26.59,79.47,16794.0,0.7071067811865476,-0.7071067811865475,0.9796136916454901,-0.20089055513063506,0.0,0.0,0.0,0.0,0.3710000000000001,0.0,0.0,0.0,0.0,0.0,25.9,Normal,Normal,Normal
2026-04-13 10:00:00,low_nutrient,6.83,25.3,7.58,0.156,0.062,17.58,1.091,563.2,99.0,27.87,77.12,22831.0,0.49999999999999994,-0.8660254037844387,0.9796136916454901,-0.20089055513063506,0.0,0.0,0.0,0.0,0.24200000000000016,0.0,0.0,0.0,0.0,0.0,16.9,Normal,Normal,Normal
2026-04-13 11:00:00,low_nutrient,6.83,25.48,7.53,0.155,0.071,18.29,1.096,557.8,99.0,29.09,72.37,26648.0,0.258819045102521,-0.9659258262890682,0.9796136916454901,-0.20089055513063506,0.0,0.0,0.0,0.0,0.1710000000000001,0.0,0.0,0.0,0.0,0.0,11.9,Normal,Normal,Normal
2026-04-13 12:00:00,low_nutrient,6.83,25.58,7.47,0.123,0.054,19.75,1.12,573.6,99.0,29.75,74.26,28658.0,1.2246467991473532e-16,-1.0,0.9796136916454901,-0.20089055513063506,0.0,0.0,0.0,0.0,0.025,0.0,0.0,0.0,0.0,0.0,1.7,Normal,Normal,Normal
2026-04-13 13:00:00,low_nutrient,6.85,25.73,7.33,0.138,0.073,21.72,1.146,574.2,99.0,29.45,72.17,29955.0,-0.2588190451025208,-0.9659258262890683,0.9796136916454901,-0.20089055513063506,0.0,0.0,0.0,0.0,0.0,0.0,0.0,0.0,0.0,0.0,0.0,Normal,Normal,Normal
2026-04-13 14:00:00,low_nutrient,6.86,25.81,7.46,0.112,0.047,22.18,1.19,584.9,99.0,27.95,76.82,25215.0,-0.4999999999999997,-0.8660254037844388,0.9796136916454901,-0.20089055513063506,0.0,0.0,0.0,0.0,0.0,0.0,0.0,0.0,0.0,0.0,0.0,Normal,Normal,Normal
2026-04-13 15:00:00,low_nutrient,6.86,25.91,7.46,0.127,0.072,23.71,1.204,616.5,99.0,27.26,76.37,17849.0,-0.7071067811865471,-0.7071067811865479,0.9796136916454901,-0.20089055513063506,0.0,0.0,0.0,0.0,0.0,0.0,0.0,0.0,0.0,0.0,0.0,Normal,Normal,Normal
2026-04-13 16:00:00,low_nutrient,6.85,25.89,7.64,0.096,0.072,25.44,1.243,640.7,99.0,25.17,83.22,10627.0,-0.8660254037844385,-0.5000000000000004,0.9796136916454901,-0.20089055513063506,0.0,0.0,0.0,0.0,0.0,0.0,0.0,0.0,0.0,0.3219999999999999,11.0,Normal,Normal,Normal
2026-04-13 17:00:00,low_nutrient,6.84,25.85,7.55,0.226,0.075,27.12,1.303,651.3,99.0,23.57,79.54,3516.0,-0.9659258262890683,-0.25881904510252063,0.9796136916454901,-0.20089055513063506,0.0,0.0,0.0,0.0,0.0,0.0,0.0,0.0,0.0,0.0,0.0,Normal,Normal,Normal
2026-04-13 18:00:00,low_nutrient,6.83,25.77,7.66,0.205,0.087,28.24,1.352,680.0,99.0,23.01,84.26,0.0,-1.0,-1.8369701987210297e-16,0.9796136916454901,-0.20089055513063506,0.0,0.0,0.0,0.0,0.0,0.0,0.0,0.0,0.0,0.4260000000000005,14.6,Normal,Normal,Normal
2026-04-13 19:00:00,low_nutrient,6.82,25.72,7.63,0.173,0.069,29.55,1.426,705.2,99.0,23.73,89.91,33.0,-0.9659258262890684,0.2588190451025203,0.9796136916454901,-0.20089055513063506,0.0,0.0,0.0,0.0,0.0,0.0,0.0,0.0,0.0,0.9909999999999997,34.0,Warning,Normal,Normal
2026-04-13 20:00:00,low_nutrient,6.83,25.62,7.73,0.173,0.066,31.5,1.449,721.9,99.0,23.38,88.55,41.0,-0.8660254037844386,0.5000000000000001,0.9796136916454901,-0.20089055513063506,0.0,0.0,0.0,0.0,0.0,0.0,0.0,0.0,0.0,0.8549999999999998,29.3,Normal,Normal,Normal
2026-04-13 21:00:00,low_nutrient,6.83,25.45,7.68,0.17,0.077,33.5,1.502,741.6,99.0,23.61,86.55,65.0,-0.7071067811865477,0.7071067811865474,0.9796136916454901,-0.20089055513063506,0.0,0.0,0.0,0.0,0.0,0.0,0.0,0.0,0.0,0.6549999999999997,22.5,Normal,Normal,Normal
2026-04-13 22:00:00,low_nutrient,6.83,25.45,7.79,0.143,0.063,35.86,1.536,796.6,99.0,23.29,84.95,54.0,-0.5000000000000004,0.8660254037844384,0.9796136916454901,-0.20089055513063506,0.0,0.0,0.0,0.0,0.0,0.0,0.0,0.0,0.0,0.4950000000000003,17.0,Normal,Normal,Normal
2026-04-13 23:00:00,low_nutrient,6.82,25.38,7.68,0.139,0.069,37.57,1.61,797.4,99.0,23.63,87.77,41.0,-0.25881904510252157,0.9659258262890681,0.9796136916454901,-0.20089055513063506,0.0,0.0,0.0,0.0,0.0,0.0,0.0,0.0,0.0,0.7769999999999996,26.7,Normal,Normal,Normal
2026-04-14 00:00:00,low_nutrient,6.82,25.36,7.74,0.118,0.064,39.51,1.642,821.7,99.0,23.29,88.23,48.0,0.0,1.0,0.9760105506323683,-0.21772323039653177,0.0,0.0,0.0,0.0,0.0,0.0,0.0,0.0,0.0,0.8230000000000004,28.2,Normal,Normal,Normal
2026-04-14 01:00:00,low_nutrient,6.8,25.31,7.86,0.15,0.049,42.29,1.688,867.6,99.0,22.9,91.12,23.0,0.25881904510252074,0.9659258262890683,0.9760105506323683,-0.21772323039653177,0.0,0.0,0.0,0.0,0.0,0.0,0.0,0.0,0.0,1.0,34.3,Warning,Normal,Normal
2026-04-14 02:00:00,low_nutrient,6.79,25.3,7.76,0.125,0.055,43.7,1.741,862.3,99.0,23.24,89.77,7.0,0.49999999999999994,0.8660254037844387,0.9760105506323683,-0.21772323039653177,0.0,0.0,0.0,0.0,0.0,0.0,0.0,0.0,0.0,0.9769999999999996,33.5,Warning,Normal,Normal
2026-04-14 03:00:00,low_nutrient,6.8,25.26,7.86,0.116,0.05,46.16,1.804,908.5,99.0,22.64,88.32,79.0,0.7071067811865476,0.7071067811865476,0.9760105506323683,-0.21772323039653177,0.0,0.0,0.0,0.0,0.0425,0.0,0.0,0.0,0.0,0.8319999999999993,28.6,Normal,Normal,Normal
2026-04-14 04:00:00,low_nutrient,6.82,25.19,7.89,0.113,0.06,47.7,1.878,934.5,99.0,23.16,89.3,31.0,0.8660254037844386,0.5000000000000001,0.9760105506323683,-0.21772323039653177,0.0,0.0,0.0,0.0,0.19499999999999956,0.0,0.0,0.0,0.0,0.9299999999999997,32.3,Warning,Normal,Normal
2026-04-14 05:00:00,low_nutrient,6.83,25.18,7.79,0.098,0.074,49.96,1.941,944.9,99.0,23.25,88.49,49.0,0.9659258262890683,0.25881904510252074,0.9760105506323683,-0.21772323039653177,0.0,0.0,0.0,0.0,0.3524999999999999,0.0,0.0,0.0,0.0,0.8489999999999995,29.9,Normal,Normal,Normal
2026-04-14 06:00:00,normal,6.83,25.19,7.66,0.093,0.069,50.34,1.904,955.4,99.0,22.9,91.81,72.0,1.0,6.123233995736766e-17,0.9760105506323683,-0.21772323039653177,0.0,0.0,0.0,0.0,0.2769999999999999,0.0,0.0,0.0,0.0,1.0,34.9,Warning,Normal,Normal
2026-04-14 07:00:00,normal,6.84,25.23,7.73,0.198,0.077,50.43,1.86,941.1,99.0,23.73,82.8,4851.0,0.9659258262890683,-0.25881904510252063,0.9760105506323683,-0.21772323039653177,0.0,0.0,0.0,0.0,0.20550000000000013,0.0,0.0,0.0,0.0,0.2799999999999997,14.5,Normal,Normal,Normal
2026-04-14 08:00:00,normal,6.84,25.25,7.56,0.182,0.068,50.66,1.888,939.8,99.0,24.38,83.45,10875.0,0.8660254037844387,-0.4999999999999998,0.9760105506323683,-0.21772323039653177,0.0,0.0,0.0,0.0,0.21999999999999956,0.0,0.0,0.0,0.0,0.3450000000000003,15.5,Normal,Normal,Normal
2026-04-14 09:00:00,normal,6.85,25.39,7.55,0.176,0.045,49.67,1.868,924.9,99.0,26.25,79.0,17833.0,0.7071067811865476,-0.7071067811865475,0.9760105506323683,-0.21772323039653177,0.0,0.0,0.0,0.0,0.1700000000000001,0.0,0.0,0.0,0.0,0.0,11.9,Normal,Normal,Normal
2026-04-14 10:00:00,normal,6.86,25.59,7.48,0.126,0.06,49.85,1.877,921.7,99.0,27.54,76.79,25806.0,0.49999999999999994,-0.8660254037844387,0.9760105506323683,-0.21772323039653177,0.0,0.0,0.0,0.0,0.19249999999999984,0.0,0.0,0.0,0.0,0.0,13.4,Normal,Normal,Normal
2026-04-14 11:00:00,ph_drift,6.92,25.65,7.34,0.132,0.052,50.06,1.876,939.2,99.0,28.85,76.2,29892.0,0.258819045102521,-0.9659258262890682,0.9760105506323683,-0.21772323039653177,0.0,0.0,0.0,0.0,0.19600000000000023,0.0,0.0,0.0,0.0,0.0,13.7,Normal,Normal,Normal
2026-04-14 12:00:00,ph_drift,6.99,25.75,7.4,0.123,0.077,49.49,1.9,942.3,99.0,28.69,74.79,31389.0,1.2246467991473532e-16,-1.0,0.9760105506323683,-0.21772323039653177,0.0,0.0,0.0,0.0,0.24999999999999958,0.0,0.0,0.0,0.0,0.0,17.4,Normal,Normal,Normal
2026-04-14 13:00:00,ph_drift,7.08,25.85,7.43,0.142,0.071,50.16,1.883,942.8,99.0,28.14,75.17,28803.0,-0.2588190451025208,-0.9659258262890683,0.9760105506323683,-0.21772323039653177,0.0,0.0,0.0,0.0,0.21399999999999977,0.0,0.0,0.0,0.0,0.0,14.9,Normal,Normal,Normal
2026-04-14 14:00:00,ph_drift,7.15,25.84,7.64,0.13,0.067,50.6,1.908,947.3,99.0,27.45,76.9,23748.0,-0.4999999999999997,-0.8660254037844388,0.9760105506323683,-0.21772323039653177,0.0,0.0,0.0,0.0,0.2699999999999996,0.0,0.0,0.0,0.0,0.0,18.8,Normal,Normal,Normal
2026-04-14 15:00:00,ph_drift,7.2,25.87,7.7,0.118,0.063,49.89,1.891,959.0,99.0,26.41,78.55,17617.0,-0.7071067811865471,-0.7071067811865479,0.9760105506323683,-0.21772323039653177,0.0,0.0,0.0,0.0,0.295,0.0,0.0,0.0,0.0,0.0,20.6,Normal,Normal,Normal
2026-04-14 16:00:00,ph_drift,7.27,25.83,7.58,0.115,0.068,49.51,1.918,942.4,99.0,24.31,82.48,10260.0,-0.8660254037844385,-0.5000000000000004,0.9760105506323683,-0.21772323039653177,0.0,0.0,0.0,0.0,0.2949999999999996,0.0,0.0,0.0,0.0,0.2480000000000004,20.7,Normal,Normal,Normal
2026-04-14 17:00:00,ph_drift,7.34,25.83,7.7,0.225,0.07,50.38,1.889,953.1,99.0,23.84,83.51,3177.0,-0.9659258262890683,-0.25881904510252063,0.9760105506323683,-0.21772323039653177,0.0,0.0,0.0,0.0,0.2655000000000001,0.0,0.0,0.0,0.0,0.35100000000000053,18.7,Normal,Normal,Normal
2026-04-14 18:00:00,ph_drift,7.41,25.76,7.68,0.192,0.072,50.26,1.897,962.9,99.0,23.02,82.97,201.0,-1.0,-1.8369701987210297e-16,0.9760105506323683,-0.21772323039653177,0.0,0.0,0.0,0.0,0.3144999999999999,0.0,0.0,0.0,0.0,0.2969999999999999,22.1,Normal,Normal,Normal
2026-04-14 19:00:00,ph_drift,7.47,25.71,7.74,0.166,0.05,49.93,1.901,947.6,99.0,22.38,90.26,11.0,-0.9659258262890684,0.2588190451025203,0.9760105506323683,-0.21772323039653177,0.0,0.0,0.0,0.0,0.25249999999999984,0.0,0.0,0.0,0.0,1.0,34.9,Warning,Normal,Normal
2026-04-14 20:00:00,ph_drift,7.53,25.58,7.72,0.138,0.06,49.28,1.902,948.6,99.0,21.44,91.11,85.0,-0.8660254037844386,0.5000000000000001,0.9760105506323683,-0.21772323039653177,0.0,0.0,0.0,0.0,0.25499999999999956,0.0,0.0,0.0,0.0,1.0,34.9,Warning,Normal,Normal
2026-04-14 21:00:00,ph_drift,7.61,25.46,7.86,0.136,0.054,48.74,1.903,961.8,99.0,22.36,90.53,39.0,-0.7071067811865477,0.7071067811865474,0.9760105506323683,-0.21772323039653177,0.0,0.0,0.0,0.0,0.3089999999999998,0.05000000000000333,0.0,0.0,0.003500000000000234,1.0,35.1,Warning,Normal,Normal
2026-04-14 22:00:00,ph_drift,7.66,25.43,7.64,0.143,0.061,49.88,1.895,943.1,99.0,22.28,88.69,21.0,-0.5000000000000004,0.8660254037844384,0.9760105506323683,-0.21772323039653177,0.0,0.0,0.0,0.0,0.23749999999999985,0.3000000000000022,0.0,0.0,0.021000000000000157,0.8689999999999998,31.1,Warning,Normal,Normal
2026-04-14 23:00:00,ph_drift,7.7,25.45,7.7,0.113,0.06,50.36,1.911,941.8,99.0,22.86,90.01,49.0,-0.25881904510252157,0.9659258262890681,0.9760105506323683,-0.21772323039653177,0.0,0.0,0.0,0.0,0.27749999999999986,0.5000000000000022,0.0,0.0,0.035000000000000156,1.0,37.0,Warning,Normal,Normal
2026-04-15 00:00:00,ph_drift,7.75,25.39,7.82,0.098,0.052,49.58,1.936,961.7,99.0,22.65,87.35,23.0,0.0,1.0,0.9721181966290613,-0.23449138957040985,0.0,0.0,0.0,0.0,0.33999999999999964,0.7500000000000011,0.0,0.0,0.05250000000000008,0.7349999999999994,54.9,Warning,Normal,Normal
2026-04-15 01:00:00,ph_drift,7.78,25.36,7.79,0.121,0.064,49.75,1.898,954.7,99.0,22.11,89.09,74.0,0.25881904510252074,0.9659258262890683,0.9721181966290613,-0.23449138957040985,0.0,0.0,0.0,0.0,0.27350000000000024,0.9000000000000022,0.0,0.0,0.06300000000000017,0.9090000000000004,65.6,Warning,pH tidak stabil,pH tidak stabil
2026-04-15 02:00:00,ph_drift,7.8,25.33,7.62,0.122,0.054,49.66,1.892,951.5,99.0,22.85,89.66,53.0,0.49999999999999994,0.8660254037844387,0.9721181966290613,-0.23449138957040985,0.0,0.0,0.0,0.0,0.2575,1.0,0.0,0.0,0.07,0.9659999999999996,72.8,Critical,pH tidak stabil,pH tidak stabil
2026-04-15 03:00:00,ph_drift,7.84,25.25,7.78,0.095,0.064,49.87,1.907,959.6,99.0,22.46,91.24,0.0,0.7071067811865476,0.7071067811865476,0.9721181966290613,-0.23449138957040985,0.0,0.0,0.0,0.0,0.2980000000000001,1.0,0.0,0.0,0.07,1.0,72.9,Critical,pH tidak stabil,pH tidak stabil
2026-04-15 04:00:00,ph_drift,7.85,25.18,7.85,0.111,0.075,50.21,1.896,942.5,99.0,21.97,88.96,37.0,0.8660254037844386,0.5000000000000001,0.9721181966290613,-0.23449138957040985,0.0,0.0,0.0,0.0,0.23999999999999957,1.0,0.0,0.0,0.07,0.8959999999999994,72.7,Critical,pH tidak stabil,pH tidak stabil
2026-04-15 05:00:00,ph_drift,7.87,25.13,7.78,0.105,0.059,49.77,1.904,942.8,99.0,22.67,88.26,44.0,0.9659258262890683,0.25881904510252074,0.9721181966290613,-0.23449138957040985,0.0,0.0,0.0,0.0,0.25999999999999956,1.0,0.0,0.0,0.07,0.8260000000000005,72.7,Critical,pH tidak stabil,pH tidak stabil
2026-04-15 06:00:00,ph_drift,7.88,25.06,7.81,0.105,0.05,50.41,1.884,937.5,99.0,21.99,89.45,64.0,1.0,6.123233995736766e-17,0.9721181966290613,-0.23449138957040985,0.0,0.0,0.0,0.0,0.20999999999999955,1.0,0.0,0.0,0.07,0.9450000000000003,72.6,Critical,pH tidak stabil,pH tidak stabil
2026-04-15 07:00:00,ph_drift,7.88,25.02,7.78,0.219,0.082,50.59,1.862,936.2,99.0,22.9,80.69,3770.0,0.9659258262890683,-0.25881904510252063,0.9721181966290613,-0.23449138957040985,0.0,0.0,0.0,0.0,0.18100000000000022,1.0,0.0,0.0,0.07,0.06899999999999977,72.1,Critical,pH tidak stabil,pH tidak stabil
2026-04-15 08:00:00,ph_drift,7.88,25.04,7.69,0.214,0.081,50.83,1.91,940.1,99.0,24.55,81.33,10141.0,0.8660254037844387,-0.4999999999999998,0.9721181966290613,-0.23449138957040985,0.0,0.0,0.0,0.0,0.2749999999999996,1.0,0.0,0.0,0.07,0.13299999999999984,72.3,Critical,pH tidak stabil,pH tidak stabil
2026-04-15 09:00:00,ph_drift,7.9,25.11,7.52,0.198,0.057,50.32,1.868,948.1,99.0,25.8,80.13,16347.0,0.7071067811865476,-0.7071067811865475,0.9721181966290613,-0.23449138957040985,0.0,0.0,0.0,0.0,0.2405000000000001,1.0,0.0,0.0,0.07,0.012999999999999545,72.2,Critical,pH tidak stabil,pH tidak stabil
2026-04-15 10:00:00,ph_drift,7.9,25.27,7.5,0.162,0.069,50.55,1.871,929.6,99.0,27.05,77.73,23339.0,0.49999999999999994,-0.8660254037844387,0.9721181966290613,-0.23449138957040985,0.0,0.0,0.0,0.0,0.17749999999999982,1.0,0.0,0.0,0.07,0.0,72.0,Critical,pH tidak stabil,pH tidak stabil
2026-04-15 11:00:00,ph_drift,7.89,25.42,7.41,0.18,0.074,50.29,1.89,928.4,99.0,27.7,75.59,28980.0,0.258819045102521,-0.9659258262890682,0.9721181966290613,-0.23449138957040985,0.0,0.0,0.0,0.0,0.22499999999999956,1.0,0.0,0.0,0.07,0.0,72.2,Critical,pH tidak stabil,pH tidak stabil
2026-04-15 12:00:00,ph_drift,7.87,25.5,7.41,0.141,0.071,50.02,1.853,935.4,99.0,27.94,74.39,30531.0,1.2246467991473532e-16,-1.0,0.9721181966290613,-0.23449138957040985,0.0,0.0,0.0,0.0,0.17699999999999988,1.0,0.0,0.0,0.07,0.0,72.0,Critical,pH tidak stabil,pH tidak stabil
2026-04-15 13:00:00,ph_drift,7.85,25.65,7.38,0.162,0.066,50.33,1.871,941.2,99.0,27.81,76.2,31399.0,-0.2588190451025208,-0.9659258262890683,0.9721181966290613,-0.23449138957040985,0.0,0.0,0.0,0.0,0.20600000000000024,1.0,0.0,0.0,0.07,0.0,72.1,Critical,pH tidak stabil,pH tidak stabil
2026-04-15 14:00:00,ph_drift,7.8,25.76,7.37,0.141,0.074,50.42,1.87,950.5,99.0,27.21,77.45,27157.0,-0.4999999999999997,-0.8660254037844388,0.9721181966290613,-0.23449138957040985,0.0,0.0,0.0,0.0,0.2525,1.0,0.0,0.0,0.07,0.0,72.2,Critical,pH tidak stabil,pH tidak stabil
2026-04-15 15:00:00,ph_drift,7.77,25.77,7.39,0.114,0.073,50.26,1.879,946.3,99.0,25.54,79.08,20184.0,-0.7071067811865471,-0.7071067811865479,0.9721181966290613,-0.23449138957040985,0.0,0.0,0.0,0.0,0.23149999999999976,0.8499999999999989,0.0,0.0,0.05949999999999993,0.0,61.4,Warning,Normal,Normal
2026-04-15 16:00:00,ph_drift,7.75,25.75,7.62,0.111,0.068,50.04,1.876,938.0,99.0,24.27,77.56,11611.0,-0.8660254037844385,-0.5000000000000004,0.9721181966290613,-0.23449138957040985,0.0,0.0,0.0,0.0,0.19,0.7500000000000011,0.0,0.0,0.05250000000000008,0.0,54.2,Warning,Normal,Normal
2026-04-15 17:00:00,ph_drift,7.73,25.69,7.53,0.262,0.064,50.49,1.867,947.0,99.0,22.81,84.15,4431.0,-0.9659258262890683,-0.25881904510252063,0.9721181966290613,-0.23449138957040985,0.0,0.0,0.0,0.0,0.235,0.6500000000000034,0.0,0.0,0.04550000000000024,0.4150000000000006,47.3,Warning,Normal,Normal
2026-04-15 18:00:00,ph_drift,7.7,25.61,7.82,0.214,0.07,50.56,1.84,926.0,99.0,22.15,82.93,0.0,-1.0,-1.8369701987210297e-16,0.9721181966290613,-0.23449138957040985,0.0,0.0,0.0,0.0,0.13,0.5000000000000022,0.0,0.0,0.035000000000000156,0.2930000000000007,36.3,Warning,Normal,Normal
2026-04-15 19:00:00,ph_drift,7.67,25.62,7.68,0.181,0.067,50.91,1.844,916.8,99.0,23.23,87.33,66.0,-0.9659258262890684,0.2588190451025203,0.9721181966290613,-0.23449138957040985,0.0,0.0,0.0,0.0,0.11000000000000006,0.3500000000000011,0.0,0.0,0.024500000000000077,0.7329999999999999,26.3,Normal,Normal,Normal
2026-04-15 20:00:00,ph_drift,7.62,25.58,7.92,0.172,0.077,50.97,1.862,922.9,99.0,22.82,91.62,26.0,-0.8660254037844386,0.5000000000000001,0.9721181966290613,-0.23449138957040985,0.0,0.0,0.0,0.0,0.15500000000000008,0.10000000000000223,0.0,0.0,0.007000000000000156,1.0,34.9,Warning,Normal,Normal
2026-04-15 21:00:00,ph_drift,7.58,25.49,7.76,0.161,0.065,50.65,1.827,918.2,99.0,21.83,90.57,59.0,-0.7071067811865477,0.7071067811865474,0.9721181966290613,-0.23449138957040985,0.0,0.0,0.0,0.0,0.09100000000000023,0.0,0.0,0.0,0.0,1.0,34.5,Warning,Normal,Normal
2026-04-15 22:00:00,ph_drift,7.54,25.42,7.68,0.157,0.06,50.5,1.835,922.9,99.0,23.0,89.67,69.0,-0.5000000000000004,0.8660254037844384,0.9721181966290613,-0.23449138957040985,0.0,0.0,0.0,0.0,0.11449999999999988,0.0,0.0,0.0,0.0,0.9670000000000002,33.4,Warning,Normal,Normal
2026-04-15 23:00:00,ph_drift,7.48,25.28,7.78,0.13,0.065,50.15,1.835,935.1,99.0,22.34,88.66,37.0,-0.25881904510252157,0.9659258262890681,0.9721181966290613,-0.23449138957040985,0.0,0.0,0.0,0.0,0.1755000000000001,0.0,0.0,0.0,0.0,0.8659999999999997,30.1,Warning,Normal,Normal
2026-04-16 00:00:00,ph_drift,7.44,25.28,7.76,0.144,0.06,50.52,1.847,926.2,99.0,22.16,88.84,82.0,0.0,1.0,0.9679377830240642,-0.25119006388481935,0.0,0.0,0.0,0.0,0.13100000000000023,0.0,0.0,0.0,0.0,0.8840000000000003,30.6,Warning,Normal,Normal
2026-04-16 01:00:00,ph_drift,7.38,25.24,7.78,0.111,0.056,50.33,1.841,927.0,99.0,22.84,88.3,36.0,0.25881904510252074,0.9659258262890683,0.9679377830240642,-0.25119006388481935,0.0,0.0,0.0,0.0,0.135,0.0,0.0,0.0,0.0,0.8299999999999997,28.8,Normal,Normal,Normal
2026-04-16 02:00:00,ph_drift,7.31,25.22,7.61,0.115,0.056,51.05,1.838,931.6,99.0,22.71,88.11,3.0,0.49999999999999994,0.8660254037844387,0.9679377830240642,-0.25119006388481935,0.0,0.0,0.0,0.0,0.1580000000000001,0.0,0.0,0.0,0.0,0.8109999999999999,28.2,Normal,Normal,Normal
2026-04-16 03:00:00,ph_drift,7.24,25.19,7.82,0.11,0.05,50.76,1.851,923.1,99.0,22.41,88.54,43.0,0.7071067811865476,0.7071067811865476,0.9679377830240642,-0.25119006388481935,0.0,0.0,0.0,0.0,0.12749999999999978,0.0,0.0,0.0,0.0,0.8540000000000006,29.6,Normal,Normal,Normal
2026-04-16 04:00:00,ph_drift,7.17,25.13,7.88,0.102,0.067,51.49,1.847,924.9,99.0,22.37,90.05,62.0,0.8660254037844386,0.5000000000000001,0.9679377830240642,-0.25119006388481935,0.0,0.0,0.0,0.0,0.12449999999999989,0.0,0.0,0.0,0.0,1.0,34.6,Warning,Normal,Normal
2026-04-16 05:00:00,low_water_level,7.09,25.05,7.73,0.104,0.076,51.35,1.853,927.2,99.0,23.25,89.2,54.0,0.9659258262890683,0.25881904510252074,0.9679377830240642,-0.25119006388481935,0.0,0.0,0.0,0.0,0.13600000000000023,0.0,0.0,0.0,0.0,0.9200000000000003,31.9,Warning,Normal,Normal
2026-04-16 06:00:00,low_water_level,7.03,25.1,7.67,0.118,0.068,51.71,1.836,923.9,99.0,22.79,87.41,13.0,1.0,6.123233995736766e-17,0.9679377830240642,-0.25119006388481935,0.0,0.0,0.0,0.0,0.11949999999999988,0.0,0.0,0.0,0.0,0.7409999999999997,25.7,Normal,Normal,Normal
2026-04-16 07:00:00,low_water_level,6.97,25.17,7.69,0.241,0.073,51.2,1.84,927.4,99.0,23.62,83.6,3629.0,0.9659258262890683,-0.25881904510252063,0.9679377830240642,-0.25119006388481935,0.0,0.0,0.0,0.0,0.1369999999999999,0.0,0.0,0.0,0.0,0.35999999999999943,12.7,Normal,Normal,Normal
2026-04-16 08:00:00,low_water_level,6.91,25.25,7.65,0.192,0.073,51.26,1.817,920.2,99.0,24.66,83.19,11800.0,0.8660254037844387,-0.4999999999999998,0.9679377830240642,-0.25119006388481935,0.0,0.0,0.0,0.0,0.10100000000000023,0.0,0.0,0.0,0.0,0.3189999999999998,11.2,Normal,Normal,Normal
2026-04-16 09:00:00,low_water_level,6.89,25.3,7.42,0.187,0.077,51.65,1.869,929.8,99.0,26.36,78.77,20948.0,0.7071067811865476,-0.7071067811865475,0.9679377830240642,-0.25119006388481935,0.0,0.0,0.0,0.0,0.17249999999999982,0.0,0.0,0.0,0.0,0.0,12.0,Normal,Normal,Normal
2026-04-16 10:00:00,low_water_level,6.9,25.4,7.49,0.165,0.073,52.01,1.844,929.4,99.0,27.93,73.64,27863.0,0.49999999999999994,-0.8660254037844387,0.9679377830240642,-0.25119006388481935,0.0,0.0,0.0,0.0,0.14699999999999988,0.0,0.0,0.0,0.0,0.0,10.2,Normal,Normal,Normal
2026-04-16 11:00:00,low_water_level,6.9,25.61,7.41,0.152,0.056,51.63,1.852,912.3,99.0,28.7,75.82,31532.0,0.258819045102521,-0.9659258262890682,0.9679377830240642,-0.25119006388481935,0.0,0.0,0.0,0.0,0.13000000000000006,0.0,0.0,0.0,0.0,0.0,9.1,Normal,Normal,Normal
2026-04-16 12:00:00,low_water_level,6.91,25.74,7.26,0.147,0.058,51.4,1.863,913.6,99.0,28.94,73.49,33879.0,1.2246467991473532e-16,-1.0,0.9679377830240642,-0.25119006388481935,0.0,0.0,0.0,0.0,0.1574999999999998,0.0,0.0,0.0,0.0,0.0,11.0,Normal,Normal,Normal
2026-04-16 13:00:00,low_water_level,6.91,25.88,7.42,0.134,0.06,51.22,1.846,929.1,99.0,28.99,73.78,29959.0,-0.2588190451025208,-0.9659258262890683,0.9679377830240642,-0.25119006388481935,0.0,0.0,0.0,0.0,0.1455000000000001,0.0,0.0,0.0,0.0,0.0,10.1,Normal,Normal,Normal
2026-04-16 14:00:00,low_water_level,6.9,25.92,7.36,0.147,0.071,51.07,1.854,917.7,99.0,27.33,75.81,25827.0,-0.4999999999999997,-0.8660254037844388,0.9679377830240642,-0.25119006388481935,0.0,0.0,0.0,0.0,0.13500000000000006,0.0,0.0,0.0,0.0,0.0,9.4,Normal,Normal,Normal
2026-04-16 15:00:00,low_water_level,6.9,25.97,7.58,0.112,0.073,51.3,1.868,931.9,99.0,26.26,77.1,18376.0,-0.7071067811865471,-0.7071067811865479,0.9679377830240642,-0.25119006388481935,0.0,0.0,0.0,0.0,0.1700000000000001,0.0,0.0,0.0,0.0,0.0,11.9,Normal,Normal,Normal
2026-04-16 16:00:00,low_water_level,6.91,25.95,7.62,0.088,0.075,51.48,1.853,935.6,99.0,25.24,79.54,11172.0,-0.8660254037844385,-0.5000000000000004,0.9679377830240642,-0.25119006388481935,0.0,0.0,0.0,0.0,0.1780000000000001,0.0,0.0,0.0,0.0,0.0,12.4,Normal,Normal,Normal
2026-04-16 17:00:00,low_water_level,6.93,25.87,7.58,0.24,0.054,52.15,1.862,923.0,99.0,23.13,83.81,2941.0,-0.9659258262890683,-0.25881904510252063,0.9679377830240642,-0.25119006388481935,0.0,0.0,0.0,0.0,0.15500000000000008,0.0,0.0,0.0,0.0,0.3810000000000002,13.4,Normal,Normal,Normal
2026-04-16 18:00:00,low_water_level,6.93,25.75,7.73,0.223,0.063,52.07,1.846,933.3,99.0,23.21,82.7,0.0,-1.0,-1.8369701987210297e-16,0.9679377830240642,-0.25119006388481935,0.0,0.0,0.0,0.0,0.16649999999999976,0.0,0.0,0.0,0.0,0.2700000000000003,11.8,Normal,Normal,Normal
2026-04-16 19:00:00,low_water_level,6.93,25.63,7.67,0.189,0.073,52.11,1.834,925.8,99.0,23.73,88.06,28.0,-0.9659258262890684,0.2588190451025203,0.9679377830240642,-0.25119006388481935,0.0,0.0,0.0,0.0,0.12899999999999978,0.0,0.0,0.0,0.0,0.8060000000000003,27.9,Normal,Normal,Normal
2026-04-16 20:00:00,low_water_level,6.93,25.65,7.62,0.161,0.076,51.73,1.873,933.1,99.0,23.27,87.39,15.0,-0.8660254037844386,0.5000000000000001,0.9679377830240642,-0.25119006388481935,0.0,0.0,0.0,0.0,0.18249999999999983,0.0,0.0,0.0,0.0,0.7390000000000001,25.8,Normal,Normal,Normal
2026-04-16 21:00:00,low_water_level,6.92,25.55,7.75,0.142,0.071,51.41,1.864,952.9,99.0,22.91,90.19,70.0,-0.7071067811865477,0.7071067811865474,0.9679377830240642,-0.25119006388481935,0.0,0.0,0.0,0.0,0.2644999999999999,0.0,0.0,0.0,0.0,1.0,34.9,Warning,Normal,Normal
2026-04-16 22:00:00,low_water_level,6.9,25.55,7.7,0.136,0.071,51.46,1.874,928.9,99.0,23.34,88.0,48.0,-0.5000000000000004,0.8660254037844384,0.9679377830240642,-0.25119006388481935,0.0,0.0,0.0,0.0,0.1850000000000001,0.0,0.0,0.0,0.0,0.8,27.9,Normal,Normal,Normal
2026-04-16 23:00:00,low_water_level,6.92,25.64,7.66,0.108,0.054,51.3,1.896,958.0,99.0,22.88,88.44,30.0,-0.25881904510252157,0.9659258262890681,0.9679377830240642,-0.25119006388481935,0.0,0.0,0.0,0.0,0.29,0.0,0.0,0.0,0.0,0.8439999999999998,29.6,Normal,Normal,Normal
2026-04-17 00:00:00,low_water_level,6.92,25.66,7.71,0.099,0.044,52.03,1.903,941.7,99.0,23.19,87.95,14.0,0.0,1.0,0.9634705485641488,-0.2678143051621742,0.0,0.0,0.0,0.0,0.25749999999999984,0.0,0.0,0.0,0.0,0.7950000000000003,27.8,Normal,Normal,Normal
2026-04-17 01:00:00,low_water_level,6.92,25.58,7.75,0.09,0.053,51.67,1.896,960.1,99.0,23.6,89.2,6.0,0.25881904510252074,0.9659258262890683,0.9634705485641488,-0.2678143051621742,0.0,0.0,0.0,0.0,0.3005000000000001,0.0,0.0,0.0,0.0,0.9200000000000003,32.2,Warning,Normal,Normal
2026-04-17 02:00:00,low_water_level,6.92,25.56,7.81,0.057,0.049,51.68,1.894,946.2,99.0,23.85,86.37,19.0,0.49999999999999994,0.8660254037844387,0.9634705485641488,-0.2678143051621742,0.0,0.0,0.0,0.0,0.23499999999999957,0.0,0.0,0.0,0.0,0.6370000000000005,22.4,Normal,Normal,Normal
2026-04-17 03:00:00,low_water_level,6.92,25.53,7.71,0.068,0.062,51.44,1.907,957.1,99.0,23.34,88.0,68.0,0.7071067811865476,0.7071067811865476,0.9634705485641488,-0.2678143051621742,0.0,0.0,0.0,0.0,0.2855000000000001,0.0,0.0,0.0,0.0,0.8,28.1,Normal,Normal,Normal
2026-04-17 04:00:00,low_water_level,6.92,25.49,7.84,0.074,0.053,51.82,1.897,947.8,99.0,23.62,87.2,60.0,0.8660254037844386,0.5000000000000001,0.9634705485641488,-0.2678143051621742,0.0,0.0,0.0,0.0,0.24249999999999985,0.0,0.0,0.0,0.0,0.7200000000000003,25.2,Normal,Normal,Normal
2026-04-17 05:00:00,low_water_level,6.93,25.39,7.77,0.098,0.058,52.43,1.886,942.5,99.0,23.13,89.64,0.0,0.9659258262890683,0.25881904510252074,0.9634705485641488,-0.2678143051621742,0.0,0.0,0.0,0.0,0.21499999999999955,0.0,0.0,0.0,0.0,0.9640000000000001,33.5,Warning,Normal,Normal
2026-04-17 06:00:00,low_water_level,6.95,25.34,7.96,0.084,0.066,52.16,1.875,958.8,99.0,23.63,88.58,24.0,1.0,6.123233995736766e-17,0.9634705485641488,-0.2678143051621742,0.0,0.0,0.0,0.0,0.29399999999999976,0.0,0.0,0.0,0.0,0.8579999999999999,30.1,Warning,Normal,Normal
2026-04-17 07:00:00,low_water_level,6.94,25.39,7.72,0.211,0.058,51.94,1.884,919.2,99.0,24.54,83.14,4331.0,0.9659258262890683,-0.25881904510252063,0.9634705485641488,-0.2678143051621742,0.0,0.0,0.0,0.0,0.20999999999999955,0.0,0.0,0.0,0.0,0.31400000000000006,14.8,Normal,Normal,Normal
2026-04-17 08:00:00,low_water_level,6.94,25.41,7.67,0.172,0.053,51.68,1.862,944.5,99.0,25.14,79.71,10725.0,0.8660254037844387,-0.4999999999999998,0.9634705485641488,-0.2678143051621742,0.0,0.0,0.0,0.0,0.2225,0.0,0.0,0.0,0.0,0.0,15.5,Normal,Normal,Normal
2026-04-17 09:00:00,low_water_level,6.94,25.45,7.36,0.158,0.07,52.3,1.884,936.0,99.0,27.2,77.0,18887.0,0.7071067811865476,-0.7071067811865475,0.9634705485641488,-0.2678143051621742,0.0,0.0,0.0,0.0,0.20999999999999955,0.0,0.0,0.0,0.0,0.0,14.6,Normal,Normal,Normal
2026-04-17 10:00:00,low_water_level,6.94,25.56,7.49,0.171,0.066,52.11,1.897,942.3,99.0,27.61,75.46,25469.0,0.49999999999999994,-0.8660254037844387,0.9634705485641488,-0.2678143051621742,0.0,0.0,0.0,0.0,0.24249999999999985,0.0,0.0,0.0,0.0,0.0,16.9,Normal,Normal,Normal
2026-04-17 11:00:00,low_water_level,6.95,25.69,7.28,0.13,0.063,51.89,1.904,968.8,99.0,28.99,73.49,29230.0,0.258819045102521,-0.9659258262890682,0.9634705485641488,-0.2678143051621742,0.0,0.0,0.0,0.0,0.34399999999999975,0.0,0.0,0.0,0.0,0.0,24.0,Normal,Normal,Normal
2026-04-17 12:00:00,low_water_level,6.94,25.86,7.41,0.134,0.066,51.71,1.914,956.7,99.0,29.69,74.04,31699.0,1.2246467991473532e-16,-1.0,0.9634705485641488,-0.2678143051621742,0.0,0.0,0.0,0.0,0.2849999999999996,0.0,0.0,0.0,0.0,0.0,19.9,Normal,Normal,Normal
2026-04-17 13:00:00,low_water_level,6.95,25.92,7.35,0.127,0.067,51.62,1.93,948.9,99.0,28.7,75.49,30415.0,-0.2588190451025208,-0.9659258262890683,0.9634705485641488,-0.2678143051621742,0.0,0.0,0.0,0.0,0.3249999999999996,0.0,0.0,0.0,0.0,0.0,22.7,Normal,Normal,Normal
2026-04-17 14:00:00,low_water_level,6.94,25.96,7.47,0.111,0.068,51.71,1.895,947.6,99.0,28.56,75.27,25861.0,-0.4999999999999997,-0.8660254037844388,0.9634705485641488,-0.2678143051621742,0.0,0.0,0.0,0.0,0.2380000000000001,0.0,0.0,0.0,0.0,0.0,16.6,Normal,Normal,Normal
2026-04-17 15:00:00,low_water_level,6.93,26.02,7.48,0.137,0.058,52.28,1.898,950.6,99.0,27.09,78.98,18375.0,-0.7071067811865471,-0.7071067811865479,0.9634705485641488,-0.2678143051621742,0.0,0.0,0.0,0.0,0.2530000000000001,0.0,0.0,0.0,0.0,0.0,17.6,Normal,Normal,Normal
2026-04-17 16:00:00,normal,6.91,25.92,7.59,0.12,0.064,52.23,1.867,941.3,99.0,25.66,82.19,10547.0,-0.8660254037844385,-0.5000000000000004,0.9634705485641488,-0.2678143051621742,0.0,0.0,0.0,0.0,0.20649999999999977,0.0,0.0,0.0,0.0,0.21899999999999978,14.5,Normal,Normal,Normal
2026-04-17 17:00:00,oxygen_stress,6.9,25.95,7.26,0.247,0.072,51.74,1.868,942.7,99.0,24.0,80.84,4409.0,-0.9659258262890683,-0.25881904510252063,0.9634705485641488,-0.2678143051621742,0.0,0.0,0.0,0.0,0.21350000000000022,0.0,0.0,0.0,0.0,0.08400000000000034,14.9,Normal,Normal,Normal
2026-04-17 18:00:00,oxygen_stress,6.91,25.86,7.09,0.208,0.065,52.42,1.911,955.0,99.0,23.85,82.51,355.0,-1.0,-1.8369701987210297e-16,0.9634705485641488,-0.2678143051621742,0.0,0.0,0.0,0.0,0.27749999999999986,0.0,0.0,0.0,0.0,0.2510000000000005,19.5,Normal,Normal,Normal
2026-04-17 19:00:00,oxygen_stress,6.91,25.73,6.9,0.186,0.068,52.21,1.914,966.0,99.0,23.76,90.21,2.0,-0.9659258262890684,0.2588190451025203,0.9634705485641488,-0.2678143051621742,0.0,0.0,0.0,0.0,0.33,0.0,0.0,0.0,0.0,1.0,35.0,Warning,Normal,Normal
2026-04-17 20:00:00,oxygen_stress,6.91,25.77,6.57,0.174,0.071,51.83,1.864,932.7,99.0,24.05,86.53,43.0,-0.8660254037844386,0.5000000000000001,0.9634705485641488,-0.2678143051621742,0.0,0.0,0.0,0.0,0.16350000000000023,0.0,0.0,0.0,0.0,0.6530000000000001,22.8,Normal,Normal,Normal
2026-04-17 21:00:00,oxygen_stress,6.91,25.75,6.31,0.134,0.089,52.5,1.899,938.2,99.0,24.37,89.78,26.0,-0.7071067811865477,0.7071067811865474,0.9634705485641488,-0.2678143051621742,0.0,0.0,0.0,0.0,0.24749999999999986,0.0,0.0,0.0,0.0,0.9780000000000001,34.1,Warning,Normal,Normal
2026-04-17 22:00:00,oxygen_stress,6.91,25.71,6.22,0.124,0.069,52.55,1.856,915.8,99.0,24.19,89.58,48.0,-0.5000000000000004,0.8660254037844384,0.9634705485641488,-0.2678143051621742,0.0,0.0,0.0,0.0,0.14000000000000007,0.0,0.0,0.0,0.0,0.9579999999999999,33.2,Warning,Normal,Normal
2026-04-17 23:00:00,oxygen_stress,6.9,25.69,6.0,0.152,0.059,52.46,1.847,946.2,99.0,24.25,89.17,52.0,-0.25881904510252157,0.9659258262890681,0.9634705485641488,-0.2678143051621742,0.0,0.0,0.0,0.0,0.23100000000000023,0.0,0.0,0.0,0.0,0.9170000000000001,32.0,Warning,Normal,Normal
2026-04-18 00:00:00,oxygen_stress,6.88,25.52,5.59,0.129,0.061,52.42,1.855,932.0,99.0,23.8,86.31,19.0,0.0,1.0,0.9587178169872964,-0.2843591872810034,0.0,0.0,0.0,0.0,0.16,0.0,0.0,0.0,0.0,0.6310000000000002,22.0,Normal,Normal,Normal
2026-04-18 01:00:00,oxygen_stress,6.89,25.53,5.38,0.107,0.054,52.59,1.864,925.0,99.0,24.19,89.35,80.0,0.25881904510252074,0.9659258262890683,0.9587178169872964,-0.2843591872810034,0.0,0.0,0.0,0.0,0.1600000000000001,0.0,0.0,0.0,0.0,0.9349999999999994,32.4,Warning,Normal,Normal
2026-04-18 02:00:00,oxygen_stress,6.88,25.57,5.38,0.099,0.05,52.88,1.862,936.0,99.0,23.2,88.74,97.0,0.49999999999999994,0.8660254037844387,0.9587178169872964,-0.2843591872810034,0.0,0.0,0.0,0.0,0.18,0.0,0.0,0.0,0.0,0.8739999999999994,30.4,Warning,Normal,Normal
2026-04-18 03:00:00,oxygen_stress,6.88,25.55,5.19,0.069,0.042,53.23,1.865,932.7,99.0,24.01,87.24,50.0,0.7071067811865476,0.7071067811865476,0.9587178169872964,-0.2843591872810034,0.0,0.0,0.0,0.0,0.16350000000000023,0.0,0.0,0.0,0.0,0.7239999999999995,25.2,Normal,Normal,Normal
2026-04-18 04:00:00,oxygen_stress,6.87,25.56,4.88,0.078,0.075,52.83,1.855,920.9,99.0,23.76,89.79,22.0,0.8660254037844386,0.5000000000000001,0.9587178169872964,-0.2843591872810034,0.0,0.1200000000000001,0.0,0.0,0.1374999999999998,0.0,0.0,0.0,0.03600000000000003,0.9790000000000006,34.4,Warning,Normal,Normal
2026-04-18 05:00:00,oxygen_stress,6.87,25.49,4.92,0.079,0.065,52.67,1.852,940.4,99.0,23.64,89.48,29.0,0.9659258262890683,0.25881904510252074,0.9587178169872964,-0.2843591872810034,0.0,0.08000000000000007,0.0,0.0,0.20199999999999987,0.0,0.0,0.0,0.02400000000000002,0.9480000000000004,33.3,Warning,Normal,Normal
2026-04-18 06:00:00,oxygen_stress,6.89,25.44,4.77,0.098,0.066,52.74,1.884,935.5,99.0,23.51,87.42,27.0,1.0,6.123233995736766e-17,0.9587178169872964,-0.2843591872810034,0.0,0.23000000000000043,0.0,0.0,0.20999999999999955,0.0,0.0,0.0,0.06900000000000013,0.7420000000000002,27.0,Normal,Normal,Normal
2026-04-18 07:00:00,oxygen_stress,6.88,25.39,4.7,0.212,0.065,51.95,1.867,929.2,99.0,23.9,83.67,2490.0,0.9659258262890683,-0.25881904510252063,0.9587178169872964,-0.2843591872810034,0.0,0.2999999999999998,0.0,0.0,0.16749999999999982,0.0,0.0,0.0,0.08999999999999994,0.36700000000000016,24.4,Normal,Normal,Normal
2026-04-18 08:00:00,oxygen_stress,6.86,25.41,4.63,0.181,0.067,52.88,1.905,946.1,99.0,26.2,78.41,11199.0,0.8660254037844387,-0.4999999999999998,0.9587178169872964,-0.2843591872810034,0.0,0.3700000000000001,0.0,0.0,0.26249999999999984,0.0,0.0,0.0,0.11100000000000003,0.0,30.0,Warning,Normal,Normal
2026-04-18 09:00:00,oxygen_stress,6.84,25.46,4.68,0.146,0.078,53.19,1.882,944.1,99.0,27.1,75.52,18728.0,0.7071067811865476,-0.7071067811865475,0.9587178169872964,-0.2843591872810034,0.0,0.3200000000000003,0.0,0.0,0.2205000000000001,0.0,0.0,0.0,0.09600000000000009,0.0,25.9,Normal,Normal,Normal
2026-04-18 10:00:00,oxygen_stress,6.85,25.65,4.6,0.132,0.066,53.23,1.877,936.1,99.0,28.59,76.23,25798.0,0.49999999999999994,-0.8660254037844387,0.9587178169872964,-0.2843591872810034,0.0,0.40000000000000036,0.0,0.0,0.19249999999999984,0.0,0.0,0.0,0.1200000000000001,0.0,32.2,Warning,Normal,Normal
2026-04-18 11:00:00,oxygen_stress,6.84,25.74,4.48,0.148,0.064,53.65,1.869,949.3,99.0,29.66,74.29,30604.0,0.258819045102521,-0.9659258262890682,0.9587178169872964,-0.2843591872810034,0.0,0.5199999999999996,0.0,0.0,0.24649999999999977,0.0,0.0,0.0,0.15599999999999986,0.0,41.9,Warning,Normal,Normal
2026-04-18 12:00:00,oxygen_stress,6.84,25.86,4.53,0.124,0.045,53.75,1.884,943.9,99.0,30.09,75.01,32503.0,1.2246467991473532e-16,-1.0,0.9587178169872964,-0.2843591872810034,0.0,0.46999999999999975,0.0,0.0,0.2194999999999999,0.0,0.0,0.0,0.14099999999999993,0.0,37.9,Warning,Normal,Normal
2026-04-18 13:00:00,oxygen_stress,6.85,25.95,4.7,0.146,0.051,53.14,1.881,944.3,99.0,29.06,73.77,32346.0,-0.2588190451025208,-0.9659258262890683,0.9587178169872964,-0.2843591872810034,0.0,0.2999999999999998,0.0,0.0,0.22149999999999978,0.0,0.0,0.0,0.08999999999999994,0.0,24.3,Normal,Normal,Normal
2026-04-18 14:00:00,oxygen_stress,6.84,26.01,4.76,0.126,0.066,53.67,1.887,944.4,99.0,28.53,74.16,26909.0,-0.4999999999999997,-0.8660254037844388,0.9587178169872964,-0.2843591872810034,0.0,0.2400000000000002,0.0,0.0,0.2219999999999999,0.0,0.0,0.0,0.07200000000000006,0.0,19.6,Normal,Normal,Normal
2026-04-18 15:00:00,oxygen_stress,6.83,26.03,5.05,0.118,0.074,53.56,1.876,957.4,99.0,28.1,77.16,20437.0,-0.7071067811865471,-0.7071067811865479,0.9587178169872964,-0.2843591872810034,0.0,0.0,0.0,0.0,0.28699999999999987,0.0,0.0,0.0,0.0,0.0,20.0,Normal,Normal,Normal
2026-04-18 16:00:00,oxygen_stress,6.84,25.9,5.28,0.1,0.065,53.37,1.925,955.3,99.0,25.69,83.11,11528.0,-0.8660254037844385,-0.5000000000000004,0.9587178169872964,-0.2843591872810034,0.0,0.0,0.0,0.0,0.3124999999999999,0.0,0.0,0.0,0.0,0.31099999999999994,22.0,Normal,Normal,Normal
2026-04-18 17:00:00,oxygen_stress,6.84,25.91,5.5,0.243,0.081,53.68,1.915,959.0,99.0,25.53,81.16,4312.0,-0.9659258262890683,-0.25881904510252063,0.9587178169872964,-0.2843591872810034,0.0,0.0,0.0,0.0,0.295,0.0,0.0,0.0,0.0,0.11599999999999966,20.6,Normal,Normal,Normal
2026-04-18 18:00:00,oxygen_stress,6.83,25.81,5.86,0.216,0.082,54.03,1.903,958.7,99.0,24.29,82.59,0.0,-1.0,-1.8369701987210297e-16,0.9587178169872964,-0.2843591872810034,0.0,0.0,0.0,0.0,0.2935000000000002,0.0,0.0,0.0,0.0,0.25900000000000034,20.6,Normal,Normal,Normal
2026-04-18 19:00:00,oxygen_stress,6.84,25.76,6.08,0.183,0.062,53.53,1.93,966.8,99.0,24.3,86.78,58.0,-0.9659258262890684,0.2588190451025203,0.9587178169872964,-0.2843591872810034,0.0,0.0,0.0,0.0,0.3339999999999998,0.0,0.0,0.0,0.0,0.6780000000000002,24.0,Normal,Normal,Normal
2026-04-18 20:00:00,oxygen_stress,6.84,25.74,6.39,0.185,0.057,52.61,1.922,960.5,99.0,24.23,87.89,77.0,-0.8660254037844386,0.5000000000000001,0.9587178169872964,-0.2843591872810034,0.0,0.0,0.0,0.0,0.3049999999999996,0.0,0.0,0.0,0.0,0.789,27.7,Normal,Normal,Normal
2026-04-18 21:00:00,oxygen_stress,6.83,25.65,6.59,0.153,0.057,53.2,1.893,947.0,99.0,23.96,91.32,0.0,-0.7071067811865477,0.7071067811865474,0.9587178169872964,-0.2843591872810034,0.0,0.0,0.0,0.0,0.235,0.0,0.0,0.0,0.0,1.0,34.8,Warning,Normal,Normal
2026-04-18 22:00:00,oxygen_stress,6.82,25.6,6.87,0.126,0.074,52.97,1.906,953.5,99.0,24.32,87.65,62.0,-0.5000000000000004,0.8660254037844384,0.9587178169872964,-0.2843591872810034,0.0,0.0,0.0,0.0,0.2675,0.0,0.0,0.0,0.0,0.7650000000000006,26.8,Normal,Normal,Normal
2026-04-18 23:00:00,oxygen_stress,6.81,25.5,7.16,0.112,0.068,53.22,1.914,968.2,99.0,24.08,86.43,50.0,-0.25881904510252157,0.9659258262890681,0.9587178169872964,-0.2843591872810034,0.0,0.0,0.0,0.0,0.34100000000000025,0.0,0.0,0.0,0.0,0.6430000000000007,24.1,Normal,Normal,Normal
2026-04-19 00:00:00,oxygen_stress,6.82,25.51,7.41,0.141,0.053,53.02,1.93,960.8,99.0,24.44,86.19,31.0,0.0,1.0,0.9536809966304457,-0.30081980763566735,0.0,0.0,0.0,0.0,0.3249999999999996,0.0,0.0,0.0,0.0,0.6189999999999998,23.0,Normal,Normal,Normal
2026-04-19 01:00:00,oxygen_stress,6.82,25.45,7.8,0.116,0.061,53.57,1.921,957.6,99.0,24.04,90.39,58.0,0.25881904510252074,0.9659258262890683,0.9536809966304457,-0.30081980763566735,0.0,0.0,0.0,0.0,0.3024999999999999,0.0,0.0,0.0,0.0,1.0,35.0,Warning,Normal,Normal
2026-04-19 02:00:00,fish_stress_combo,6.82,25.74,7.45,0.159,0.074,53.4,1.925,951.5,99.0,24.6,85.43,90.0,0.49999999999999994,0.8660254037844387,0.9536809966304457,-0.30081980763566735,0.0,0.0,0.0,0.0,0.3124999999999999,0.0,0.0,0.0,0.0,0.5430000000000007,22.1,Normal,Normal,Normal
2026-04-19 03:00:00,fish_stress_combo,6.81,26.07,7.37,0.179,0.104,53.96,1.94,964.5,99.0,25.22,84.01,59.0,0.7071067811865476,0.7071067811865476,0.9536809966304457,-0.30081980763566735,0.0,0.0,0.0,0.0,0.34999999999999964,0.0,0.0,0.0,0.0,0.4010000000000005,24.6,Normal,Normal,Normal
2026-04-19 04:00:00,fish_stress_combo,6.8,26.35,7.0,0.195,0.117,53.25,1.953,972.7,99.0,25.66,82.87,67.0,0.8660254037844386,0.5000000000000001,0.9536809966304457,-0.30081980763566735,0.0,0.0,0.0,0.0,0.38249999999999995,0.0,0.0,0.0,0.0,0.2870000000000005,26.8,Normal,Normal,Normal
2026-04-19 05:00:00,fish_stress_combo,6.81,26.61,6.86,0.214,0.144,52.86,1.967,974.8,99.0,25.79,82.14,34.0,0.9659258262890683,0.25881904510252074,0.9536809966304457,-0.30081980763566735,0.0,0.0,0.0,0.0,0.4174999999999999,0.0,0.0,0.0,0.0,0.21400000000000005,29.2,Normal,Normal,Normal
2026-04-19 06:00:00,fish_stress_combo,6.82,26.93,6.82,0.217,0.167,53.5,1.956,978.1,99.0,26.92,79.99,51.0,1.0,6.123233995736766e-17,0.9536809966304457,-0.30081980763566735,0.0,0.0,0.0,0.0,0.3905000000000001,0.0,0.0,0.0,0.0,0.0,27.2,Normal,Normal,Normal
2026-04-19 07:00:00,fish_stress_combo,6.81,27.24,6.31,0.375,0.179,53.55,1.953,971.3,99.0,27.78,74.36,4145.0,0.9659258262890683,-0.25881904510252063,0.9536809966304457,-0.30081980763566735,0.0,0.0,0.0,0.0,0.38249999999999995,0.0,0.0,0.0,0.0,0.0,26.7,Normal,Normal,Normal
2026-04-19 08:00:00,fish_stress_combo,6.8,27.62,6.07,0.374,0.2,53.38,1.947,975.8,99.0,29.65,68.11,10722.0,0.8660254037844387,-0.4999999999999998,0.9536809966304457,-0.30081980763566735,0.0,0.0,0.0,0.0,0.3789999999999998,0.0,0.0,0.0,0.0,0.0,26.4,Normal,Normal,Normal
2026-04-19 09:00:00,fish_stress_combo,6.81,28.05,5.71,0.376,0.23,52.89,1.931,980.1,99.0,31.94,63.95,19665.0,0.7071067811865476,-0.7071067811865475,0.9536809966304457,-0.30081980763566735,0.0,0.0,0.0,0.0,0.40050000000000013,0.0,0.0,0.0,0.0,0.0,27.9,Normal,Normal,Normal
2026-04-19 10:00:00,fish_stress_combo,6.81,28.47,5.42,0.395,0.251,53.97,1.909,968.6,99.0,33.34,61.7,27021.0,0.49999999999999994,-0.8660254037844387,0.9536809966304457,-0.30081980763566735,0.0,0.0,0.0,0.0,0.34300000000000014,0.0,0.0,0.0,0.0,0.4466666666666678,24.2,Normal,Normal,Normal
2026-04-19 11:00:00,fish_stress_combo,6.81,28.9,4.97,0.429,0.269,53.13,1.939,965.9,99.0,34.34,60.09,31176.0,0.258819045102521,-0.9659258262890682,0.9536809966304457,-0.30081980763566735,0.0,0.03000000000000025,0.0,0.0,0.3474999999999999,0.0,0.0,0.0,0.009000000000000074,0.7800000000000011,27.7,Normal,Normal,Normal
2026-04-19 12:00:00,fish_stress_combo,6.83,29.32,4.73,0.431,0.28,53.71,1.926,958.6,99.0,34.9,57.7,32985.0,1.2246467991473532e-16,-1.0,0.9536809966304457,-0.30081980763566735,0.0,0.2699999999999996,0.0,0.0,0.3149999999999996,0.0,0.0,0.0,0.08099999999999986,0.9666666666666662,35.1,Warning,Normal,Normal
2026-04-19 13:00:00,fish_stress_combo,6.81,29.78,4.59,0.423,0.298,53.64,1.893,956.9,99.0,35.57,56.02,33889.0,-0.2588190451025208,-0.9659258262890683,0.9536809966304457,-0.30081980763566735,0.0,0.41000000000000014,0.0,0.0,0.28449999999999986,0.0,0.0,0.0,0.12300000000000004,1.0,36.8,Warning,Normal,Normal
2026-04-19 14:00:00,fish_stress_combo,6.8,30.11,4.19,0.418,0.317,53.33,1.899,963.5,99.0,34.5,57.58,28522.0,-0.4999999999999997,-0.8660254037844388,0.9536809966304457,-0.30081980763566735,0.0,0.8099999999999996,0.0,0.0,0.3175,0.0,0.0,0.054999999999999716,0.4350999999999998,0.8333333333333334,66.4,Warning,Normal,Normal
2026-04-19 15:00:00,fish_stress_combo,6.8,30.34,3.88,0.458,0.366,53.31,1.931,954.6,99.0,34.33,56.06,20791.0,-0.7071067811865471,-0.7071067811865479,0.9536809966304457,-0.30081980763566735,0.0,1.0,0.0,0.0,0.3274999999999999,0.0,0.0,0.16999999999999993,0.5174,0.7766666666666661,81.9,Critical,DO rendah,DO rendah
2026-04-19 16:00:00,fish_stress_combo,6.8,30.52,3.84,0.454,0.373,52.89,1.924,967.4,99.0,32.34,60.57,12117.0,-0.8660254037844385,-0.5000000000000004,0.9536809966304457,-0.30081980763566735,0.0,1.0,0.0,0.0,0.3369999999999999,0.0,0.0,0.2599999999999998,0.5371999999999999,0.11333333333333447,81.8,Critical,DO rendah,DO rendah
2026-04-19 17:00:00,fish_stress_combo,6.8,30.69,3.78,0.589,0.387,53.23,1.907,962.1,99.0,32.11,61.51,4711.0,-0.9659258262890683,-0.25881904510252063,0.9536809966304457,-0.30081980763566735,0.0,1.0,0.17799999999999994,0.0,0.3105000000000001,0.0,0.0,0.34500000000000064,0.5915000000000001,0.03666666666666648,82.7,Critical,DO rendah,DO rendah
2026-04-19 18:00:00,fish_stress_combo,6.79,30.77,3.87,0.568,0.411,53.55,1.933,974.7,99.0,30.89,61.63,153.0,-1.0,-1.8369701987210297e-16,0.9536809966304457,-0.30081980763566735,0.0,1.0,0.1359999999999999,0.0,0.3735000000000002,0.0,0.0,0.3849999999999998,0.5918999999999999,0.0,82.8,Critical,DO rendah,DO rendah
2026-04-19 19:00:00,fish_stress_combo,6.78,30.89,3.6,0.575,0.433,53.18,1.886,960.1,99.0,31.13,66.0,83.0,-0.9659258262890684,0.2588190451025203,0.9536809966304457,-0.30081980763566735,0.0,1.0,0.1499999999999999,0.0,0.3005000000000001,0.0,0.0,0.4450000000000003,0.6079,0.0,82.9,Critical,DO rendah,DO rendah
2026-04-19 20:00:00,fish_stress_combo,6.78,31.06,3.48,0.571,0.436,53.58,1.903,950.9,99.0,31.32,64.18,66.0,-0.8660254037844386,0.5000000000000001,0.9536809966304457,-0.30081980763566735,0.0,1.0,0.1419999999999999,0.0,0.25749999999999984,0.0,0.0,0.5299999999999994,0.6249999999999998,0.0,83.1,Critical,Risiko stres ikan,Risiko stres ikan
2026-04-19 21:00:00,fish_stress_combo,6.79,31.18,3.47,0.556,0.454,53.21,1.917,973.8,99.0,32.06,63.31,41.0,-0.7071067811865477,0.7071067811865474,0.9536809966304457,-0.30081980763566735,0.0,1.0,0.1120000000000001,0.0,0.3689999999999998,0.0,0.0,0.5899999999999999,0.6322,0.020000000000000757,83.4,Critical,Risiko stres ikan,Risiko stres ikan
2026-04-19 22:00:00,fish_stress_combo,6.79,31.31,3.12,0.544,0.473,53.8,1.923,937.3,99.0,32.16,64.46,48.0,-0.5000000000000004,0.8660254037844384,0.9536809966304457,-0.30081980763566735,0.0,1.0,0.08800000000000008,0.0,0.3074999999999999,0.0,0.0,0.6549999999999994,0.6416999999999998,0.0533333333333322,83.4,Critical,Risiko stres ikan,Risiko stres ikan
2026-04-19 23:00:00,fish_stress_combo,6.79,31.35,3.16,0.554,0.472,53.5,1.925,970.8,99.0,32.47,63.59,45.0,-0.25881904510252157,0.9659258262890681,0.9536809966304457,-0.30081980763566735,0.0,1.0,0.1080000000000001,0.0,0.35399999999999976,0.0,0.0,0.6750000000000007,0.6501000000000001,0.1566666666666663,83.7,Critical,Risiko stres ikan,Risiko stres ikan
2026-04-20 00:00:00,fish_stress_combo,6.8,31.33,3.28,0.573,0.483,53.69,1.921,943.1,99.0,32.7,62.89,3.0,0.0,1.0,0.9483615800121715,-0.3171912885891061,0.0,1.0,0.1459999999999999,0.0,0.3024999999999999,0.0,0.0,0.6649999999999991,0.6554999999999997,0.23333333333333428,83.8,Critical,Risiko stres ikan,Risiko stres ikan
2026-04-20 01:00:00,fish_stress_combo,6.79,31.37,3.24,0.569,0.48,53.18,1.938,968.9,99.0,32.87,63.6,57.0,0.25881904510252074,0.9659258262890683,0.9483615800121715,-0.3171912885891061,0.0,1.0,0.1379999999999999,0.0,0.34499999999999964,0.0,0.0,0.6850000000000005,0.6583000000000001,0.28999999999999915,83.9,Critical,Risiko stres ikan,Risiko stres ikan
2026-04-20 02:00:00,fish_stress_combo,6.81,31.37,3.17,0.564,0.485,53.79,1.939,978.7,99.0,32.65,62.5,54.0,0.49999999999999994,0.8660254037844387,0.9483615800121715,-0.3171912885891061,0.0,1.0,0.1279999999999999,0.0,0.39350000000000024,0.0,0.0,0.6850000000000005,0.6563000000000001,0.2166666666666662,84.0,Critical,Risiko stres ikan,Risiko stres ikan
2026-04-20 03:00:00,fish_stress_combo,6.82,31.36,3.11,0.555,0.495,53.56,1.935,975.3,99.0,33.06,61.72,85.0,0.7071067811865476,0.7071067811865476,0.9483615800121715,-0.3171912885891061,0.0,1.0,0.1100000000000001,0.0,0.3764999999999998,0.0,0.0,0.6799999999999997,0.6516,0.3533333333333341,83.9,Critical,Risiko stres ikan,Risiko stres ikan
2026-04-20 04:00:00,fish_stress_combo,6.83,31.28,3.09,0.554,0.504,52.97,1.933,992.7,99.0,32.47,63.06,42.0,0.8660254037844386,0.5000000000000001,0.9483615800121715,-0.3171912885891061,0.0,1.0,0.1080000000000001,0.008000000000000007,0.46350000000000025,0.0,0.0,0.6400000000000006,0.6437600000000001,0.1566666666666663,83.9,Critical,Risiko stres ikan,Risiko stres ikan
2026-04-20 05:00:00,fish_stress_combo,6.83,31.24,3.21,0.549,0.507,53.99,1.946,962.8,99.0,32.79,63.3,88.0,0.9659258262890683,0.25881904510252074,0.9483615800121715,-0.3171912885891061,0.0,1.0,0.09800000000000009,0.014000000000000012,0.36499999999999966,0.0,0.0,0.6199999999999992,0.6383799999999997,0.26333333333333303,83.6,Critical,Risiko stres ikan,Risiko stres ikan
2026-04-20 06:00:00,fish_stress_combo,6.81,31.22,3.28,0.535,0.497,54.09,1.914,980.2,99.0,32.68,62.52,26.0,1.0,6.123233995736766e-17,0.9483615800121715,-0.3171912885891061,0.0,1.0,0.07000000000000006,0.0,0.40100000000000025,0.0,0.0,0.6099999999999994,0.6281999999999999,0.22666666666666657,83.5,Critical,Risiko stres ikan,Risiko stres ikan
2026-04-20 07:00:00,fish_stress_combo,6.78,31.07,3.38,0.67,0.515,53.82,1.94,964.1,99.0,32.83,58.29,4958.0,0.9659258262890683,-0.25881904510252063,0.9483615800121715,-0.3171912885891061,0.0,1.0,0.3400000000000001,0.030000000000000027,0.34999999999999964,0.0,0.0,0.5350000000000001,0.6708000000000001,0.2766666666666661,84.4,Critical,Risiko stres ikan,Risiko stres ikan
2026-04-20 08:00:00,fish_stress_combo,6.8,31.04,3.12,0.624,0.512,54.11,1.946,960.3,99.0,34.4,55.6,12345.0,0.8660254037844387,-0.4999999999999998,0.9483615800121715,-0.3171912885891061,0.0,1.0,0.248,0.02400000000000002,0.36499999999999966,0.0,0.0,0.5199999999999996,0.6480799999999999,0.7999999999999995,84.2,Critical,Risiko stres ikan,Risiko stres ikan
2026-04-20 09:00:00,fish_stress_combo,6.82,31.0,3.26,0.594,0.495,54.79,1.938,974.1,99.0,35.39,52.92,21137.0,0.7071067811865476,-0.7071067811865475,0.9483615800121715,-0.3171912885891061,0.0,1.0,0.18799999999999994,0.0,0.3705000000000001,0.0,0.0,0.5,0.6275999999999999,1.0,84.0,Critical,Risiko stres ikan,Risiko stres ikan
2026-04-20 10:00:00,fish_stress_combo,6.8,30.99,3.12,0.562,0.492,53.74,1.906,948.0,99.0,35.89,51.0,27979.0,0.49999999999999994,-0.8660254037844387,0.9483615800121715,-0.3171912885891061,0.0,1.0,0.12400000000000011,0.0,0.26499999999999957,0.0,0.0,0.4949999999999992,0.6136999999999999,1.0,83.5,Critical,Risiko stres ikan,Risiko stres ikan
2026-04-20 11:00:00,fish_stress_combo,6.81,30.95,3.36,0.526,0.475,54.15,1.95,951.5,99.0,37.55,50.72,34004.0,0.258819045102521,-0.9659258262890682,0.9483615800121715,-0.3171912885891061,0.0,1.0,0.052000000000000046,0.0,0.37499999999999967,0.0,0.0,0.47499999999999964,0.5949,1.0,83.4,Critical,Risiko stres ikan,Risiko stres ikan
2026-04-20 12:00:00,fish_stress_combo,6.81,30.98,3.15,0.506,0.474,54.37,1.944,954.4,99.0,37.67,49.98,36192.0,1.2246467991473532e-16,-1.0,0.9483615800121715,-0.3171912885891061,0.0,1.0,0.01200000000000001,0.0,0.35999999999999965,0.0,0.0,0.4900000000000002,0.5902000000000001,1.0,83.2,Critical,Risiko stres ikan,Risiko stres ikan
2026-04-20 13:00:00,fish_stress_combo,6.81,30.9,3.42,0.49,0.458,54.34,1.95,969.4,99.0,36.05,52.96,28469.0,-0.2588190451025208,-0.9659258262890683,0.9483615800121715,-0.3171912885891061,0.0,1.0,0.0,0.0,0.37499999999999967,0.0,0.0,0.4499999999999993,0.5789999999999997,1.0,83.1,Critical,DO rendah,DO rendah
2026-04-20 14:00:00,fish_stress_combo,6.81,30.84,3.52,0.457,0.443,54.51,1.942,968.2,99.0,35.64,56.39,25476.0,-0.4999999999999997,-0.8660254037844388,0.9483615800121715,-0.3171912885891061,0.0,1.0,0.0,0.0,0.35499999999999965,0.0,0.0,0.41999999999999993,0.5724,1.0,82.9,Critical,DO rendah,DO rendah
2026-04-20 15:00:00,fish_stress_combo,6.81,30.58,4.25,0.446,0.45,54.39,1.93,964.8,99.0,34.38,60.99,17630.0,-0.7071067811865471,-0.7071067811865479,0.9483615800121715,-0.3171912885891061,0.0,0.75,0.0,0.0,0.3249999999999996,0.0,0.0,0.28999999999999915,0.4687999999999998,0.7933333333333342,62.4,Warning,Normal,Normal
2026-04-20 16:00:00,fish_stress_combo,6.81,30.32,4.6,0.44,0.405,54.36,1.943,974.1,99.0,32.25,62.55,10615.0,-0.8660254037844385,-0.5000000000000004,0.9483615800121715,-0.3171912885891061,0.0,0.40000000000000036,0.0,0.0,0.3705000000000001,0.0,0.0,0.16000000000000014,0.15520000000000014,0.08333333333333333,33.2,Warning,Normal,Normal
2026-04-20 17:00:00,fish_stress_combo,6.79,30.01,4.34,0.533,0.404,54.26,1.931,978.8,99.0,30.88,62.43,4427.0,-0.9659258262890683,-0.25881904510252063,0.9483615800121715,-0.3171912885891061,0.0,0.6600000000000001,0.06600000000000006,0.0,0.3939999999999998,0.0,0.0,0.005000000000000782,0.3923000000000002,0.0,54.3,Warning,Normal,Normal
2026-04-20 18:00:00,fish_stress_combo,6.78,29.72,4.42,0.498,0.402,54.45,1.954,982.4,99.0,30.23,65.09,0.0,-1.0,-1.8369701987210297e-16,0.9483615800121715,-0.3171912885891061,0.0,0.5800000000000001,0.0,0.0,0.41199999999999987,0.0,0.0,0.0,0.17400000000000002,0.0,47.0,Warning,Normal,Normal
2026-04-20 19:00:00,fish_stress_combo,6.79,29.4,5.09,0.462,0.372,54.52,1.96,971.1,99.0,28.99,74.24,28.0,-0.9659258262890684,0.2588190451025203,0.9483615800121715,-0.3171912885891061,0.0,0.0,0.0,0.0,0.3999999999999997,0.0,0.0,0.0,0.0,0.0,27.9,Normal,Normal,Normal
2026-04-20 20:00:00,fish_stress_combo,6.77,29.08,5.48,0.411,0.353,54.44,1.957,976.4,99.0,29.03,75.41,35.0,-0.8660254037844386,0.5000000000000001,0.9483615800121715,-0.3171912885891061,0.0,0.0,0.0,0.0,0.39249999999999996,0.0,0.0,0.0,0.0,0.0,27.4,Normal,Normal,Normal
2026-04-20 21:00:00,fish_stress_combo,6.78,28.76,5.61,0.385,0.314,53.73,1.956,982.5,99.0,28.03,75.85,35.0,-0.7071067811865477,0.7071067811865474,0.9483615800121715,-0.3171912885891061,0.0,0.0,0.0,0.0,0.4125,0.0,0.0,0.0,0.0,0.0,28.8,Normal,Normal,Normal
2026-04-20 22:00:00,feeding_ammonia,6.78,28.39,5.85,0.392,0.297,53.87,1.981,985.3,99.0,27.88,78.97,84.0,-0.5000000000000004,0.8660254037844384,0.9483615800121715,-0.3171912885891061,0.0,0.0,0.0,0.0,0.45249999999999996,0.0,0.0,0.0,0.0,0.0,31.6,Warning,Normal,Normal
2026-04-20 23:00:00,feeding_ammonia,6.77,28.02,6.02,0.439,0.277,54.12,1.975,978.8,99.0,27.28,79.85,34.0,-0.25881904510252157,0.9659258262890681,0.9483615800121715,-0.3171912885891061,0.0,0.0,0.0,0.0,0.43749999999999994,0.0,0.0,0.0,0.0,0.0,30.5,Warning,Normal,Normal
2026-04-21 00:00:00,feeding_ammonia,6.78,27.76,5.88,0.471,0.253,54.51,1.951,974.6,99.0,27.35,82.02,85.0,0.0,1.0,0.9427611433904207,-0.3334687789181868,0.0,0.0,0.0,0.0,0.37749999999999995,0.0,0.0,0.0,0.0,0.2019999999999996,26.4,Normal,Normal,Normal
2026-04-21 01:00:00,feeding_ammonia,6.78,27.35,6.27,0.474,0.232,54.67,1.941,985.7,99.0,26.5,82.19,27.0,0.25881904510252074,0.9659258262890683,0.9427611433904207,-0.3334687789181868,0.0,0.0,0.0,0.0,0.4285000000000002,0.0,0.0,0.0,0.0,0.21899999999999978,30.0,Warning,Normal,Normal
2026-04-21 02:00:00,feeding_ammonia,6.79,27.02,6.47,0.518,0.187,53.32,1.954,968.4,99.0,25.58,83.26,43.0,0.49999999999999994,0.8660254037844387,0.9427611433904207,-0.3334687789181868,0.0,0.0,0.03600000000000003,0.0,0.3849999999999997,0.0,0.0,0.0,0.007200000000000007,0.3260000000000005,27.2,Normal,Normal,Normal
2026-04-21 03:00:00,feeding_ammonia,6.8,26.62,6.76,0.519,0.177,53.91,1.958,979.2,99.0,25.35,83.38,65.0,0.7071067811865476,0.7071067811865476,0.9427611433904207,-0.3334687789181868,0.0,0.0,0.038000000000000034,0.0,0.39600000000000024,0.0,0.0,0.0,0.007600000000000007,0.3379999999999995,28.0,Normal,Normal,Normal
2026-04-21 04:00:00,feeding_ammonia,6.78,26.27,7.05,0.551,0.154,53.64,1.989,989.8,99.0,24.85,85.42,55.0,0.8660254037844386,0.5000000000000001,0.9427611433904207,-0.3334687789181868,0.0,0.0,0.10200000000000009,0.0,0.4725,0.0,0.0,0.0,0.02040000000000002,0.5420000000000001,33.7,Warning,Normal,Normal
2026-04-21 05:00:00,feeding_ammonia,6.79,25.94,7.17,0.59,0.116,54.26,1.995,997.6,99.0,23.92,87.45,9.0,0.9659258262890683,0.25881904510252074,0.9427611433904207,-0.3334687789181868,0.0,0.0,0.17999999999999994,0.0,0.4880000000000001,0.0,0.0,0.0,0.03599999999999999,0.7450000000000003,35.2,Warning,Normal,Normal
2026-04-21 06:00:00,feeding_ammonia,6.78,25.87,7.36,0.629,0.148,53.63,1.982,990.4,99.0,24.08,88.45,76.0,1.0,6.123233995736766e-17,0.9427611433904207,-0.3334687789181868,0.0,0.0,0.258,0.0,0.4549999999999997,0.0,0.0,0.0,0.05160000000000001,0.8450000000000003,33.2,Warning,Normal,Normal
2026-04-21 07:00:00,feeding_ammonia,6.79,25.82,7.13,0.778,0.15,53.99,1.955,988.4,99.0,25.05,81.33,4416.0,0.9659258262890683,-0.25881904510252063,0.9427611433904207,-0.3334687789181868,0.0,0.0,0.556,0.0,0.4419999999999999,0.0,0.0,0.0,0.11120000000000002,0.13299999999999984,45.0,Warning,Normal,Normal
2026-04-21 08:00:00,feeding_ammonia,6.77,25.86,7.28,0.802,0.145,54.58,1.939,978.8,99.0,27.06,77.49,10715.0,0.8660254037844387,-0.4999999999999998,0.9427611433904207,-0.3334687789181868,0.0,0.0,0.6040000000000001,0.0,0.3939999999999998,0.0,0.0,0.0,0.12080000000000002,0.0,48.6,Warning,Normal,Normal
2026-04-21 09:00:00,feeding_ammonia,6.77,25.92,7.07,0.824,0.196,54.41,1.919,961.8,99.0,27.49,77.65,17841.0,0.7071067811865476,-0.7071067811865475,0.9427611433904207,-0.3334687789181868,0.0,0.0,0.6479999999999999,0.0,0.3089999999999998,0.0,0.0,0.0,0.1296,0.0,51.9,Warning,Normal,Normal
2026-04-21 10:00:00,feeding_ammonia,6.78,25.98,7.18,0.82,0.187,53.74,1.911,954.2,99.0,28.65,75.62,24067.0,0.49999999999999994,-0.8660254037844387,0.9427611433904207,-0.3334687789181868,0.0,0.0,0.6399999999999999,0.0,0.27749999999999986,0.0,0.0,0.0,0.12799999999999997,0.0,51.2,Warning,Normal,Normal
2026-04-21 11:00:00,feeding_ammonia,6.78,26.07,6.83,0.835,0.185,53.57,1.894,946.4,99.0,29.74,73.68,29390.0,0.258819045102521,-0.9659258262890682,0.9427611433904207,-0.3334687789181868,0.0,0.0,0.6699999999999999,0.0,0.23499999999999957,0.0,0.0,0.0,0.13399999999999998,0.0,53.5,Warning,Normal,Normal
2026-04-21 12:00:00,feeding_ammonia,6.78,26.23,6.91,0.852,0.189,54.37,1.932,957.0,99.0,30.88,72.59,30959.0,1.2246467991473532e-16,-1.0,0.9427611433904207,-0.3334687789181868,0.0,0.0,0.704,0.0,0.3299999999999996,0.0,0.0,0.0,0.1408,0.0,56.4,Warning,Normal,Normal
2026-04-21 13:00:00,feeding_ammonia,6.77,26.33,6.86,0.823,0.215,54.1,1.911,961.3,99.0,29.49,77.66,26927.0,-0.2588190451025208,-0.9659258262890683,0.9427611433904207,-0.3334687789181868,0.0,0.0,0.6459999999999999,0.0,0.3064999999999998,0.0,0.0,0.0,0.12919999999999998,0.0,51.7,Warning,Normal,Normal
2026-04-21 14:00:00,feeding_ammonia,6.77,26.44,6.91,0.857,0.197,54.43,1.93,966.5,99.0,29.44,75.38,23275.0,-0.4999999999999997,-0.8660254037844388,0.9427611433904207,-0.3334687789181868,0.0,0.0,0.714,0.0,0.3325,0.0,0.0,0.0,0.1428,0.0,57.2,Warning,Normal,Normal
2026-04-21 15:00:00,feeding_ammonia,6.78,26.42,7.04,0.853,0.223,53.98,1.928,962.5,99.0,27.86,80.87,15747.0,-0.7071067811865471,-0.7071067811865479,0.9427611433904207,-0.3334687789181868,0.0,0.0,0.706,0.0,0.3199999999999996,0.0,0.0,0.0,0.1412,0.08700000000000045,56.5,Warning,Normal,Normal
2026-04-21 16:00:00,feeding_ammonia,6.79,26.41,7.22,0.825,0.242,54.51,1.907,944.7,99.0,26.02,80.11,9423.0,-0.8660254037844385,-0.5000000000000004,0.9427611433904207,-0.3334687789181868,0.0,0.0,0.6499999999999999,0.0,0.26749999999999985,0.0,0.0,0.0,0.12999999999999998,0.010999999999999944,52.0,Warning,Normal,Normal
2026-04-21 17:00:00,feeding_ammonia,6.78,26.33,7.18,0.947,0.251,53.71,1.915,951.0,99.0,24.46,81.65,2460.0,-0.9659258262890683,-0.25881904510252063,0.9427611433904207,-0.3334687789181868,0.0,0.0,0.8939999999999999,0.0,0.28749999999999987,0.0,0.0,0.0,0.1788,0.16500000000000056,71.4,Critical,Amonia tinggi,Amonia tinggi
2026-04-21 18:00:00,feeding_ammonia,6.78,26.26,6.96,0.949,0.247,53.61,1.902,956.1,99.0,23.79,82.78,529.0,-1.0,-1.8369701987210297e-16,0.9427611433904207,-0.3334687789181868,0.0,0.0,0.8979999999999999,0.0,0.28050000000000014,0.0,0.0,0.0,0.17959999999999998,0.27800000000000014,71.7,Critical,Amonia tinggi,Amonia tinggi
2026-04-21 19:00:00,feeding_ammonia,6.79,26.14,7.02,0.863,0.262,54.58,1.88,954.3,99.0,23.69,88.07,55.0,-0.9659258262890684,0.2588190451025203,0.9427611433904207,-0.3334687789181868,0.0,0.0,0.726,0.0,0.2714999999999998,0.0,0.0,0.0,0.1452,0.8069999999999993,58.4,Warning,Normal,Normal
2026-04-21 20:00:00,feeding_ammonia,6.8,26.05,7.04,0.825,0.268,53.84,1.904,975.2,99.0,23.45,87.81,33.0,-0.8660254037844386,0.5000000000000001,0.9427611433904207,-0.3334687789181868,0.0,0.0,0.6499999999999999,0.0,0.3760000000000002,0.0,0.0,0.0,0.12999999999999998,0.7810000000000002,52.6,Warning,Normal,Normal
2026-04-21 21:00:00,feeding_ammonia,6.8,25.95,7.11,0.759,0.279,53.78,1.897,943.5,99.0,23.42,86.84,27.0,-0.7071067811865477,0.7071067811865474,0.9427611433904207,-0.3334687789181868,0.0,0.0,0.518,0.0,0.24249999999999985,0.0,0.0,0.0,0.10360000000000001,0.6840000000000004,41.8,Warning,Normal,Normal
2026-04-21 22:00:00,feeding_ammonia,6.8,25.86,7.15,0.73,0.28,54.64,1.899,948.8,99.0,24.11,87.36,78.0,-0.5000000000000004,0.8660254037844384,0.9427611433904207,-0.3334687789181868,0.0,0.0,0.45999999999999996,0.0,0.24749999999999986,0.0,0.0,0.0,0.092,0.736,37.3,Warning,Normal,Normal
2026-04-21 23:00:00,feeding_ammonia,6.81,25.8,7.15,0.686,0.26,54.24,1.899,965.5,99.0,24.05,87.52,20.0,-0.25881904510252157,0.9659258262890681,0.9427611433904207,-0.3334687789181868,0.0,0.0,0.3720000000000001,0.0,0.3275,0.0,0.0,0.0,0.07440000000000002,0.7519999999999996,30.5,Warning,Normal,Normal
2026-04-22 00:00:00,feeding_ammonia,6.83,25.69,7.08,0.642,0.271,53.56,1.897,951.9,99.0,23.21,89.09,41.0,0.0,1.0,0.9368813462954315,-0.3496474552512284,0.0,0.0,0.28400000000000003,0.0,0.2594999999999999,0.0,0.0,0.0,0.05680000000000001,0.9090000000000004,32.9,Warning,Normal,Normal
2026-04-22 01:00:00,feeding_ammonia,6.81,25.68,7.08,0.606,0.263,53.83,1.908,955.5,99.0,24.04,88.13,0.0,0.25881904510252074,0.9659258262890683,0.9368813462954315,-0.3496474552512284,0.0,0.0,0.21199999999999997,0.0,0.2775,0.0,0.0,0.0,0.04239999999999999,0.8129999999999995,29.4,Normal,Normal,Normal
2026-04-22 02:00:00,feeding_ammonia,6.8,25.65,7.11,0.522,0.255,53.76,1.875,940.7,99.0,23.29,87.97,44.0,0.49999999999999994,0.8660254037844387,0.9368813462954315,-0.3496474552512284,0.0,0.0,0.04400000000000004,0.0,0.20350000000000024,0.0,0.0,0.0,0.008800000000000007,0.7969999999999999,28.0,Normal,Normal,Normal
2026-04-22 03:00:00,feeding_ammonia,6.8,25.63,7.16,0.472,0.259,54.11,1.906,939.6,99.0,23.46,87.5,74.0,0.7071067811865476,0.7071067811865476,0.9368813462954315,-0.3496474552512284,0.0,0.0,0.0,0.0,0.26499999999999957,0.0,0.0,0.0,0.0,0.75,26.3,Normal,Normal,Normal
2026-04-22 04:00:00,feeding_ammonia,6.78,25.64,7.66,0.42,0.255,53.9,1.896,955.7,99.0,23.75,88.05,0.0,0.8660254037844386,0.5000000000000001,0.9368813462954315,-0.3496474552512284,0.0,0.0,0.0,0.0,0.27850000000000025,0.0,0.0,0.0,0.0,0.8049999999999997,28.2,Normal,Normal,Normal
2026-04-22 05:00:00,feeding_ammonia,6.78,25.63,7.6,0.343,0.244,54.41,1.915,953.6,99.0,23.68,86.66,70.0,0.9659258262890683,0.25881904510252074,0.9368813462954315,-0.3496474552512284,0.0,0.0,0.0,0.0,0.28749999999999987,0.0,0.0,0.0,0.0,0.6659999999999997,23.5,Normal,Normal,Normal
2026-04-22 06:00:00,feeding_ammonia,6.78,25.58,7.75,0.295,0.237,53.73,1.924,952.2,99.0,23.46,89.39,113.0,1.0,6.123233995736766e-17,0.9368813462954315,-0.3496474552512284,0.0,0.0,0.0,0.0,0.3099999999999996,0.0,0.0,0.0,0.0,0.9390000000000001,32.9,Warning,Normal,Normal
2026-04-22 07:00:00,feeding_ammonia,6.79,25.61,7.65,0.342,0.238,53.8,1.902,938.7,99.0,23.96,84.41,3976.0,0.9659258262890683,-0.25881904510252063,0.9368813462954315,-0.3496474552512284,0.0,0.0,0.0,0.0,0.25499999999999956,0.0,0.0,0.0,0.0,0.44099999999999967,18.0,Normal,Normal,Normal
2026-04-22 08:00:00,feeding_ammonia,6.8,25.59,7.63,0.246,0.224,53.96,1.892,943.4,99.0,25.4,81.59,9801.0,0.8660254037844387,-0.4999999999999998,0.9368813462954315,-0.3496474552512284,0.0,0.0,0.0,0.0,0.22999999999999957,0.0,0.0,0.0,0.0,0.15900000000000034,16.1,Normal,Normal,Normal
2026-04-22 09:00:00,feeding_ammonia,6.8,25.7,7.49,0.169,0.188,53.72,1.922,968.1,99.0,27.49,77.54,16430.0,0.7071067811865476,-0.7071067811865475,0.9368813462954315,-0.3496474552512284,0.0,0.0,0.0,0.0,0.34050000000000014,0.0,0.0,0.0,0.0,0.0,23.7,Normal,Normal,Normal
2026-04-22 10:00:00,normal,6.81,25.72,7.45,0.129,0.192,53.36,1.937,965.3,99.0,28.39,74.13,22872.0,0.49999999999999994,-0.8660254037844387,0.9368813462954315,-0.3496474552512284,0.0,0.0,0.0,0.0,0.3424999999999999,0.0,0.0,0.0,0.0,0.0,23.9,Normal,Normal,Normal
2026-04-22 11:00:00,normal,6.81,25.86,7.31,0.118,0.171,53.51,1.934,954.2,99.0,28.78,75.18,27488.0,0.258819045102521,-0.9659258262890682,0.9368813462954315,-0.3496474552512284,0.0,0.0,0.0,0.0,0.33499999999999963,0.0,0.0,0.0,0.0,0.0,23.4,Normal,Normal,Normal
2026-04-22 12:00:00,normal,6.81,25.93,7.36,0.123,0.141,53.04,1.92,947.1,99.0,28.97,74.58,28488.0,1.2246467991473532e-16,-1.0,0.9368813462954315,-0.3496474552512284,0.0,0.0,0.0,0.0,0.2999999999999996,0.0,0.0,0.0,0.0,0.0,20.9,Normal,Normal,Normal
2026-04-22 13:00:00,biofilter_nitrite,6.81,26.03,7.28,0.108,0.177,53.34,1.909,946.0,99.0,28.6,75.66,31676.0,-0.2588190451025208,-0.9659258262890683,0.9368813462954315,-0.3496474552512284,0.0,0.0,0.0,0.0,0.27249999999999985,0.0,0.0,0.0,0.0,0.0,19.0,Normal,Normal,Normal
2026-04-22 14:00:00,biofilter_nitrite,6.8,26.03,7.31,0.131,0.178,53.34,1.887,941.9,99.0,28.33,75.72,26037.0,-0.4999999999999997,-0.8660254037844388,0.9368813462954315,-0.3496474552512284,0.0,0.0,0.0,0.0,0.21749999999999983,0.0,0.0,0.0,0.0,0.0,15.2,Normal,Normal,Normal
2026-04-22 15:00:00,biofilter_nitrite,6.8,26.05,7.63,0.122,0.193,53.27,1.916,942.7,99.0,27.13,77.21,19150.0,-0.7071067811865471,-0.7071067811865479,0.9368813462954315,-0.3496474552512284,0.0,0.0,0.0,0.0,0.2899999999999996,0.0,0.0,0.0,0.0,0.0,20.2,Normal,Normal,Normal
2026-04-22 16:00:00,biofilter_nitrite,6.81,26.04,7.48,0.127,0.226,53.72,1.931,965.0,99.0,25.07,82.03,11113.0,-0.8660254037844385,-0.5000000000000004,0.9368813462954315,-0.3496474552512284,0.0,0.0,0.0,0.0,0.3274999999999999,0.0,0.0,0.0,0.0,0.20300000000000012,22.9,Normal,Normal,Normal
2026-04-22 17:00:00,biofilter_nitrite,6.81,26.02,7.51,0.267,0.241,53.29,1.906,950.8,99.0,24.28,82.72,4112.0,-0.9659258262890683,-0.25881904510252063,0.9368813462954315,-0.3496474552512284,0.0,0.0,0.0,0.0,0.26499999999999957,0.0,0.0,0.0,0.0,0.2719999999999999,18.6,Normal,Normal,Normal
2026-04-22 18:00:00,biofilter_nitrite,6.81,25.95,7.5,0.248,0.285,53.35,1.901,957.5,99.0,23.48,83.64,152.0,-1.0,-1.8369701987210297e-16,0.9368813462954315,-0.3496474552512284,0.0,0.0,0.0,0.0,0.2875,0.0,0.0,0.0,0.0,0.36400000000000005,20.2,Normal,Normal,Normal
2026-04-22 19:00:00,biofilter_nitrite,6.81,25.86,7.48,0.22,0.315,53.73,1.892,943.1,99.0,23.43,85.99,44.0,-0.9659258262890684,0.2588190451025203,0.9368813462954315,-0.3496474552512284,0.0,0.0,0.0,0.0,0.22999999999999957,0.0,0.0,0.0,0.0,0.5989999999999995,21.1,Normal,Normal,Normal
2026-04-22 20:00:00,biofilter_nitrite,6.81,25.85,7.57,0.229,0.337,52.69,1.924,947.1,99.0,23.3,88.1,9.0,-0.8660254037844386,0.5000000000000001,0.9368813462954315,-0.3496474552512284,0.0,0.0,0.0,0.0,0.3099999999999996,0.0,0.0,0.0,0.0,0.8099999999999994,28.5,Normal,Normal,Normal
2026-04-22 21:00:00,biofilter_nitrite,6.81,25.79,7.63,0.215,0.382,52.44,1.899,950.4,99.0,22.93,88.2,15.0,-0.7071067811865477,0.7071067811865474,0.9368813462954315,-0.3496474552512284,0.0,0.0,0.0,0.0,0.2519999999999999,0.0,0.0,0.0,0.0,0.8200000000000003,28.7,Normal,Normal,Normal
2026-04-22 22:00:00,biofilter_nitrite,6.8,25.68,7.47,0.22,0.42,53.42,1.881,959.6,99.0,22.5,89.56,51.0,-0.5000000000000004,0.8660254037844384,0.9368813462954315,-0.3496474552512284,0.0,0.0,0.0,0.0,0.2980000000000001,0.0,0.0,0.0,0.0,0.9560000000000002,33.5,Warning,Normal,Normal
2026-04-22 23:00:00,biofilter_nitrite,6.79,25.62,7.71,0.205,0.444,53.75,1.909,944.3,99.0,22.85,86.68,26.0,-0.25881904510252157,0.9659258262890681,0.9368813462954315,-0.3496474552512284,0.0,0.0,0.0,0.0,0.27249999999999985,0.0,0.0,0.0,0.0,0.6680000000000007,23.5,Normal,Normal,Normal
2026-04-23 00:00:00,biofilter_nitrite,6.8,25.44,7.6,0.225,0.455,53.41,1.908,946.3,99.0,23.28,88.55,30.0,0.0,1.0,0.9307239310379795,-0.36572252349726897,0.0,0.0,0.0,0.0,0.2699999999999996,0.0,0.0,0.0,0.0,0.8549999999999998,29.9,Normal,Normal,Normal
2026-04-23 01:00:00,biofilter_nitrite,6.81,25.47,7.54,0.211,0.49,52.71,1.895,947.2,99.0,22.84,89.14,23.0,0.25881904510252074,0.9659258262890683,0.9307239310379795,-0.36572252349726897,0.0,0.0,0.0,0.0,0.23749999999999985,0.0,0.0,0.0,0.0,0.914,31.9,Warning,Normal,Normal
2026-04-23 02:00:00,biofilter_nitrite,6.83,25.41,7.66,0.194,0.534,53.56,1.912,946.0,99.0,22.64,89.5,25.0,0.49999999999999994,0.8660254037844387,0.9307239310379795,-0.36572252349726897,0.0,0.0,0.0,0.06800000000000006,0.2799999999999996,0.0,0.0,0.0,0.011560000000000011,0.95,33.5,Warning,Normal,Normal
2026-04-23 03:00:00,biofilter_nitrite,6.83,25.36,7.67,0.213,0.542,53.94,1.9,967.5,99.0,22.53,86.98,21.0,0.7071067811865476,0.7071067811865476,0.9307239310379795,-0.36572252349726897,0.0,0.0,0.0,0.08400000000000007,0.3375,0.0,0.0,0.0,0.014280000000000013,0.6980000000000004,25.0,Normal,Normal,Normal
2026-04-23 04:00:00,biofilter_nitrite,6.83,25.28,7.52,0.215,0.58,53.46,1.899,944.8,99.0,22.56,88.4,57.0,0.8660254037844386,0.5000000000000001,0.9307239310379795,-0.36572252349726897,0.0,0.0,0.0,0.15999999999999992,0.24749999999999986,0.0,0.0,0.0,0.027199999999999988,0.8400000000000005,30.0,Warning,Normal,Normal
2026-04-23 05:00:00,biofilter_nitrite,6.83,25.19,7.58,0.201,0.583,53.37,1.901,947.4,99.0,22.6,89.39,25.0,0.9659258262890683,0.25881904510252074,0.9307239310379795,-0.36572252349726897,0.0,0.0,0.0,0.16599999999999993,0.25249999999999984,0.0,0.0,0.0,0.028219999999999988,0.9390000000000001,33.4,Warning,Normal,Normal
2026-04-23 06:00:00,biofilter_nitrite,6.84,25.13,7.66,0.258,0.625,53.33,1.886,960.1,99.0,23.06,86.52,47.0,1.0,6.123233995736766e-17,0.9307239310379795,-0.36572252349726897,0.0,0.0,0.0,0.25,0.3005000000000001,0.0,0.0,0.0,0.0425,0.6519999999999996,24.0,Normal,Normal,Normal
2026-04-23 07:00:00,biofilter_nitrite,6.83,25.12,7.58,0.379,0.645,53.11,1.888,954.2,99.0,23.5,84.08,4221.0,0.9659258262890683,-0.25881904510252063,0.9307239310379795,-0.36572252349726897,0.0,0.0,0.0,0.29000000000000004,0.27100000000000024,0.0,0.0,0.0,0.04930000000000001,0.4079999999999998,23.7,Normal,Normal,Normal
2026-04-23 08:00:00,biofilter_nitrite,6.84,25.18,7.66,0.361,0.655,54.25,1.861,934.4,99.0,24.93,82.08,11275.0,0.8660254037844387,-0.4999999999999998,0.9307239310379795,-0.36572252349726897,0.0,0.0,0.0,0.31000000000000005,0.17199999999999988,0.0,0.0,0.0,0.05270000000000001,0.20799999999999982,24.9,Normal,Normal,Normal
2026-04-23 09:00:00,biofilter_nitrite,6.84,25.24,7.53,0.336,0.66,54.27,1.886,936.4,99.0,25.56,79.69,19388.0,0.7071067811865476,-0.7071067811865475,0.9307239310379795,-0.36572252349726897,0.0,0.0,0.0,0.32000000000000006,0.21499999999999955,0.0,0.0,0.0,0.05440000000000002,0.0,25.7,Normal,Normal,Normal
2026-04-23 10:00:00,biofilter_nitrite,6.82,25.4,7.42,0.318,0.697,54.2,1.886,949.8,99.0,27.33,76.65,26761.0,0.49999999999999994,-0.8660254037844387,0.9307239310379795,-0.36572252349726897,0.0,0.0,0.0,0.3939999999999999,0.24899999999999978,0.0,0.0,0.0,0.06697999999999998,0.0,31.6,Warning,Normal,Normal
2026-04-23 11:00:00,biofilter_nitrite,6.81,25.48,7.23,0.292,0.676,53.78,1.869,929.2,99.0,27.98,76.91,30818.0,0.258819045102521,-0.9659258262890682,0.9307239310379795,-0.36572252349726897,0.0,0.0,0.0,0.3520000000000001,0.17249999999999982,0.0,0.0,0.0,0.05984000000000002,0.0,28.1,Normal,Normal,Normal
2026-04-23 12:00:00,biofilter_nitrite,6.81,25.6,7.11,0.264,0.681,54.2,1.881,959.9,99.0,28.73,72.9,33161.0,1.2246467991473532e-16,-1.0,0.9307239310379795,-0.36572252349726897,0.0,0.0,0.0,0.3620000000000001,0.2994999999999999,0.0,0.0,0.0,0.06154000000000002,0.0,29.2,Normal,Normal,Normal
2026-04-23 13:00:00,biofilter_nitrite,6.8,25.65,7.18,0.259,0.674,53.49,1.892,937.7,99.0,27.64,74.11,35076.0,-0.2588190451025208,-0.9659258262890683,0.9307239310379795,-0.36572252349726897,0.0,0.0,0.0,0.3480000000000001,0.22999999999999957,0.0,0.0,0.0,0.05916000000000002,0.0,27.9,Normal,Normal,Normal
2026-04-23 14:00:00,biofilter_nitrite,6.83,25.74,7.22,0.265,0.686,53.16,1.883,951.8,99.0,27.07,75.27,30054.0,-0.4999999999999997,-0.8660254037844388,0.9307239310379795,-0.36572252349726897,0.0,0.0,0.0,0.3720000000000001,0.2589999999999998,0.0,0.0,0.0,0.06324000000000002,0.0,29.9,Normal,Normal,Normal
2026-04-23 15:00:00,biofilter_nitrite,6.84,25.82,7.18,0.251,0.679,54.11,1.902,954.2,99.0,26.0,76.43,22250.0,-0.7071067811865471,-0.7071067811865479,0.9307239310379795,-0.36572252349726897,0.0,0.0,0.0,0.3580000000000001,0.27100000000000024,0.0,0.0,0.0,0.06086000000000002,0.0,28.8,Normal,Normal,Normal
2026-04-23 16:00:00,biofilter_nitrite,6.84,25.84,7.38,0.253,0.68,53.58,1.928,967.2,99.0,25.12,81.76,12384.0,-0.8660254037844385,-0.5000000000000004,0.9307239310379795,-0.36572252349726897,0.0,0.0,0.0,0.3600000000000001,0.33600000000000024,0.0,0.0,0.0,0.06120000000000002,0.17600000000000052,29.2,Normal,Normal,Normal
2026-04-23 17:00:00,biofilter_nitrite,6.87,25.72,7.42,0.366,0.671,54.19,1.919,966.0,99.0,23.24,84.64,4821.0,-0.9659258262890683,-0.25881904510252063,0.9307239310379795,-0.36572252349726897,0.0,0.0,0.0,0.3420000000000001,0.33,0.0,0.0,0.0,0.05814000000000002,0.4640000000000001,27.9,Normal,Normal,Normal
2026-04-23 18:00:00,biofilter_nitrite,6.86,25.61,7.63,0.344,0.662,54.9,1.926,961.0,99.0,22.66,86.5,495.0,-1.0,-1.8369701987210297e-16,0.9307239310379795,-0.36572252349726897,0.0,0.0,0.0,0.32400000000000007,0.3149999999999996,0.0,0.0,0.0,0.05508000000000002,0.65,26.6,Normal,Normal,Normal
2026-04-23 19:00:00,biofilter_nitrite,6.87,25.54,7.74,0.318,0.661,53.98,1.922,958.4,99.0,23.08,89.2,48.0,-0.9659258262890684,0.2588190451025203,0.9307239310379795,-0.36572252349726897,0.0,0.0,0.0,0.32200000000000006,0.3049999999999996,0.0,0.0,0.0,0.05474000000000002,0.9200000000000003,33.5,Warning,Normal,Normal
2026-04-23 20:00:00,biofilter_nitrite,6.86,25.44,7.47,0.325,0.642,54.76,1.914,959.2,99.0,22.44,91.51,59.0,-0.8660254037844386,0.5000000000000001,0.9307239310379795,-0.36572252349726897,0.0,0.0,0.0,0.28400000000000003,0.2960000000000002,0.0,0.0,0.0,0.04828000000000001,1.0,36.0,Warning,Normal,Normal
2026-04-23 21:00:00,biofilter_nitrite,6.85,25.36,7.65,0.287,0.608,54.59,1.939,969.1,99.0,22.44,89.72,56.0,-0.7071067811865477,0.7071067811865474,0.9307239310379795,-0.36572252349726897,0.0,0.0,0.0,0.21599999999999997,0.3474999999999999,0.0,0.0,0.0,0.036719999999999996,0.9719999999999999,34.9,Warning,Normal,Normal
2026-04-23 22:00:00,biofilter_nitrite,6.85,25.39,7.64,0.281,0.587,54.97,1.948,968.2,99.0,22.83,88.94,42.0,-0.5000000000000004,0.8660254037844384,0.9307239310379795,-0.36572252349726897,0.0,0.0,0.0,0.17399999999999993,0.36999999999999966,0.0,0.0,0.0,0.02957999999999999,0.8939999999999998,32.1,Warning,Normal,Normal
2026-04-23 23:00:00,biofilter_nitrite,6.85,25.38,7.67,0.282,0.564,54.9,1.942,958.5,99.0,22.84,88.24,43.0,-0.25881904510252157,0.9659258262890681,0.9307239310379795,-0.36572252349726897,0.0,0.0,0.0,0.1279999999999999,0.35499999999999965,0.0,0.0,0.0,0.021759999999999984,0.8239999999999995,29.5,Normal,Normal,Normal
2026-04-24 00:00:00,biofilter_nitrite,6.84,25.31,7.56,0.264,0.542,54.68,1.95,960.6,99.0,23.44,88.47,17.0,0.0,1.0,0.9242907221930933,-0.3816892202666588,0.0,0.0,0.0,0.08400000000000007,0.37499999999999967,0.0,0.0,0.0,0.014280000000000013,0.8469999999999999,30.2,Warning,Normal,Normal
2026-04-24 01:00:00,biofilter_nitrite,6.85,25.27,7.58,0.25,0.517,54.77,1.928,957.7,99.0,22.74,88.48,49.0,0.25881904510252074,0.9659258262890683,0.9242907221930933,-0.3816892202666588,0.0,0.0,0.0,0.03400000000000003,0.3199999999999996,0.0,0.0,0.0,0.005780000000000006,0.8480000000000004,29.9,Normal,Normal,Normal
2026-04-24 02:00:00,biofilter_nitrite,6.84,25.28,7.69,0.208,0.497,54.95,1.941,966.0,99.0,22.77,90.93,64.0,0.49999999999999994,0.8660254037844387,0.9242907221930933,-0.3816892202666588,0.0,0.0,0.0,0.0,0.3524999999999999,0.0,0.0,0.0,0.0,1.0,35.1,Warning,Normal,Normal
2026-04-24 03:00:00,biofilter_nitrite,6.84,25.26,7.56,0.202,0.465,54.98,1.948,964.2,99.0,22.21,89.3,16.0,0.7071067811865476,0.7071067811865476,0.9242907221930933,-0.3816892202666588,0.0,0.0,0.0,0.0,0.36999999999999966,0.0,0.0,0.0,0.0,0.9299999999999997,32.7,Warning,Normal,Normal
2026-04-24 04:00:00,biofilter_nitrite,6.84,25.19,7.62,0.209,0.431,55.4,1.92,947.8,99.0,21.88,90.09,14.0,0.8660254037844386,0.5000000000000001,0.9242907221930933,-0.3816892202666588,0.0,0.0,0.0,0.0,0.2999999999999996,0.0,0.0,0.0,0.0,1.0,35.0,Warning,Normal,Normal
2026-04-24 05:00:00,biofilter_nitrite,6.83,25.06,7.75,0.194,0.39,55.05,1.934,963.3,99.0,22.27,88.28,12.0,0.9659258262890683,0.25881904510252074,0.9242907221930933,-0.3816892202666588,0.0,0.0,0.0,0.0,0.33499999999999963,0.0,0.0,0.0,0.0,0.8280000000000001,29.2,Normal,Normal,Normal
2026-04-24 06:00:00,biofilter_nitrite,6.84,25.05,7.84,0.184,0.367,55.41,1.911,950.3,99.0,22.45,90.81,54.0,1.0,6.123233995736766e-17,0.9242907221930933,-0.3816892202666588,0.0,0.0,0.0,0.0,0.27749999999999986,0.0,0.0,0.0,0.0,1.0,34.9,Warning,Normal,Normal
2026-04-24 07:00:00,biofilter_nitrite,6.82,24.98,7.66,0.319,0.315,55.54,1.91,968.2,99.0,22.37,81.79,4955.0,0.9659258262890683,-0.25881904510252063,0.9242907221930933,-0.3816892202666588,0.0,0.0,0.0,0.0,0.34100000000000025,0.0,0.0,0.0,0.0,0.17900000000000063,23.9,Normal,Normal,Normal
2026-04-24 08:00:00,biofilter_nitrite,6.83,25.0,7.63,0.247,0.295,56.36,1.932,973.9,99.0,23.81,82.2,11799.0,0.8660254037844387,-0.4999999999999998,0.9242907221930933,-0.3816892202666588,0.0,0.0,0.0,0.0,0.3694999999999999,0.0,0.0,0.0,0.0,0.22000000000000028,25.9,Normal,Normal,Normal
2026-04-24 09:00:00,biofilter_nitrite,6.83,24.98,7.77,0.211,0.252,55.79,1.918,962.0,99.0,25.32,78.18,21936.0,0.7071067811865476,-0.7071067811865475,0.9242907221930933,-0.3816892202666588,0.0,0.0,0.0,0.0,0.31,0.0,0.0,0.0,0.0,0.0,21.6,Normal,Normal,Normal
2026-04-24 10:00:00,biofilter_nitrite,6.83,25.15,7.51,0.179,0.226,56.23,1.921,954.3,99.0,27.16,76.02,28504.0,0.49999999999999994,-0.8660254037844387,0.9242907221930933,-0.3816892202666588,0.0,0.0,0.0,0.0,0.3024999999999999,0.0,0.0,0.0,0.0,0.0,21.1,Normal,Normal,Normal
2026-04-24 11:00:00,biofilter_nitrite,6.81,25.19,7.42,0.149,0.158,55.99,1.905,948.2,99.0,27.22,75.18,34745.0,0.258819045102521,-0.9659258262890682,0.9242907221930933,-0.3816892202666588,0.0,0.0,0.0,0.0,0.26249999999999984,0.0,0.0,0.0,0.0,0.0,18.3,Normal,Normal,Normal
2026-04-24 12:00:00,biofilter_nitrite,6.79,25.33,7.33,0.142,0.128,56.2,1.911,949.9,99.0,28.12,75.86,36956.0,1.2246467991473532e-16,-1.0,0.9242907221930933,-0.3816892202666588,0.0,0.0,0.0,0.0,0.27749999999999986,0.0,0.0,0.0,0.0,0.0,19.3,Normal,Normal,Normal
2026-04-24 13:00:00,biofilter_nitrite,6.8,25.48,7.5,0.102,0.086,56.18,1.901,951.7,99.0,28.12,75.59,27338.0,-0.2588190451025208,-0.9659258262890683,0.9242907221930933,-0.3816892202666588,0.0,0.0,0.0,0.0,0.25850000000000023,0.0,0.0,0.0,0.0,0.0,18.0,Normal,Normal,Normal
2026-04-24 14:00:00,hot_greenhouse,6.8,25.9,7.54,0.114,0.086,56.33,1.93,969.3,99.0,27.79,75.94,23682.0,-0.4999999999999997,-0.8660254037844388,0.9242907221930933,-0.3816892202666588,0.0,0.0,0.0,0.0,0.34649999999999975,0.0,0.0,0.0,0.0,0.0,24.2,Normal,Normal,Normal
2026-04-24 15:00:00,hot_greenhouse,6.8,26.3,7.37,0.101,0.073,56.18,1.95,982.0,99.0,26.55,77.75,16352.0,-0.7071067811865471,-0.7071067811865479,0.9242907221930933,-0.3816892202666588,0.0,0.0,0.0,0.0,0.41,0.0,0.0,0.0,0.0,0.0,28.6,Normal,Normal,Normal
2026-04-24 16:00:00,hot_greenhouse,6.79,26.62,7.38,0.089,0.083,56.95,1.949,984.2,99.0,25.85,75.65,10255.0,-0.8660254037844385,-0.5000000000000004,0.9242907221930933,-0.3816892202666588,0.0,0.0,0.0,0.0,0.4210000000000002,0.0,0.0,0.0,0.0,0.0,29.4,Normal,Normal,Normal
2026-04-24 17:00:00,hot_greenhouse,6.79,26.9,7.44,0.211,0.071,56.16,1.96,987.6,99.0,24.53,81.48,3914.0,-0.9659258262890683,-0.25881904510252063,0.9242907221930933,-0.3816892202666588,0.0,0.0,0.0,0.0,0.4380000000000001,0.0,0.0,0.0,0.0,0.1480000000000004,30.6,Warning,Normal,Normal
2026-04-24 18:00:00,hot_greenhouse,6.79,27.17,7.34,0.175,0.064,56.42,1.951,972.1,99.0,24.87,78.58,0.0,-1.0,-1.8369701987210297e-16,0.9242907221930933,-0.3816892202666588,0.0,0.0,0.0,0.0,0.37749999999999995,0.0,0.0,0.0,0.0,0.0,26.3,Normal,Normal,Normal
2026-04-24 19:00:00,hot_greenhouse,6.8,27.45,7.33,0.174,0.064,55.98,1.956,979.8,99.0,25.21,81.53,45.0,-0.9659258262890684,0.2588190451025203,0.9242907221930933,-0.3816892202666588,0.0,0.0,0.0,0.0,0.3989999999999998,0.0,0.0,0.0,0.0,0.1530000000000001,27.9,Normal,Normal,Normal
2026-04-24 20:00:00,hot_greenhouse,6.81,27.67,7.38,0.162,0.08,55.78,1.963,988.6,99.0,25.27,79.93,69.0,-0.8660254037844386,0.5000000000000001,0.9242907221930933,-0.3816892202666588,0.0,0.0,0.0,0.0,0.4430000000000001,0.0,0.0,0.0,0.0,0.0,30.9,Warning,Normal,Normal
2026-04-24 21:00:00,hot_greenhouse,6.82,27.93,7.26,0.144,0.077,56.41,1.964,968.5,99.0,26.38,78.93,90.0,-0.7071067811865477,0.7071067811865474,0.9242907221930933,-0.3816892202666588,0.0,0.0,0.0,0.0,0.4099999999999997,0.0,0.0,0.0,0.0,0.0,28.6,Normal,Normal,Normal
2026-04-24 22:00:00,hot_greenhouse,6.8,28.24,7.11,0.124,0.063,55.8,1.959,983.1,99.0,26.46,75.54,65.0,-0.5000000000000004,0.8660254037844384,0.9242907221930933,-0.3816892202666588,0.0,0.0,0.0,0.0,0.4155000000000001,0.0,0.0,0.0,0.0,0.0,29.0,Normal,Normal,Normal
2026-04-24 23:00:00,hot_greenhouse,6.78,28.49,7.19,0.1,0.055,56.8,1.939,959.2,99.0,26.66,74.83,11.0,-0.25881904510252157,0.9659258262890681,0.9242907221930933,-0.3816892202666588,0.0,0.0,0.0,0.0,0.3474999999999999,0.0,0.0,0.0,0.0,0.0,24.2,Normal,Normal,Normal
2026-04-25 00:00:00,hot_greenhouse,6.78,28.72,6.95,0.121,0.051,55.77,1.923,955.7,99.0,27.08,73.3,48.0,0.0,1.0,0.9175836260593937,-0.39754281428255595,0.0,0.0,0.0,0.0,0.3074999999999999,0.0,0.0,0.0,0.0,0.0,21.4,Normal,Normal,Normal
2026-04-25 01:00:00,hot_greenhouse,6.77,28.95,6.88,0.113,0.044,55.91,1.93,971.2,99.0,27.26,73.84,74.0,0.25881904510252074,0.9659258262890683,0.9175836260593937,-0.39754281428255595,0.0,0.0,0.0,0.0,0.3560000000000002,0.0,0.0,0.0,0.0,0.0,24.8,Normal,Normal,Normal
2026-04-25 02:00:00,hot_greenhouse,6.76,29.18,6.97,0.094,0.054,56.26,1.942,960.0,99.0,27.7,71.89,41.0,0.49999999999999994,0.8660254037844387,0.9175836260593937,-0.39754281428255595,0.0,0.0,0.0,0.0,0.35499999999999965,0.0,0.0,0.0,0.0,0.0,24.8,Normal,Normal,Normal
2026-04-25 03:00:00,hot_greenhouse,6.76,29.31,7.08,0.095,0.067,56.43,1.957,977.7,99.0,27.92,74.51,0.0,0.7071067811865476,0.7071067811865476,0.9175836260593937,-0.39754281428255595,0.0,0.0,0.0,0.0,0.39249999999999996,0.0,0.0,0.0,0.0,0.0,27.4,Normal,Normal,Normal
2026-04-25 04:00:00,hot_greenhouse,6.75,29.48,6.77,0.107,0.065,56.26,1.956,978.8,99.0,28.24,70.06,8.0,0.8660254037844386,0.5000000000000001,0.9175836260593937,-0.39754281428255595,0.0,0.0,0.0,0.0,0.3939999999999998,0.0,0.0,0.0,0.0,0.0,27.5,Normal,Normal,Normal
2026-04-25 05:00:00,hot_greenhouse,6.76,29.62,6.89,0.083,0.066,56.35,1.984,983.7,99.0,29.43,68.1,83.0,0.9659258262890683,0.25881904510252074,0.9175836260593937,-0.39754281428255595,0.0,0.0,0.0,0.0,0.4599999999999997,0.0,0.0,0.0,0.0,0.0,32.1,Warning,Normal,Normal
2026-04-25 06:00:00,hot_greenhouse,6.76,29.94,6.73,0.101,0.067,56.58,1.951,984.4,99.0,29.02,67.09,0.0,1.0,6.123233995736766e-17,0.9175836260593937,-0.39754281428255595,0.0,0.0,0.0,0.0,0.4219999999999999,0.0,0.0,0.0,0.0,0.0,29.4,Normal,Normal,Normal
2026-04-25 07:00:00,hot_greenhouse,6.75,30.14,6.78,0.236,0.072,57.1,1.958,980.6,99.0,30.18,60.05,3291.0,0.9659258262890683,-0.25881904510252063,0.9175836260593937,-0.39754281428255595,0.0,0.0,0.0,0.0,0.40300000000000014,0.0,0.0,0.07000000000000028,0.015400000000000063,0.0,28.3,Normal,Normal,Normal
2026-04-25 08:00:00,hot_greenhouse,6.74,30.34,6.55,0.183,0.058,56.8,1.922,959.0,99.0,31.6,57.69,10274.0,0.8660254037844387,-0.4999999999999998,0.9175836260593937,-0.39754281428255595,0.0,0.0,0.0,0.0,0.3049999999999996,0.0,0.0,0.16999999999999993,0.03739999999999998,0.0,21.8,Normal,Normal,Normal
2026-04-25 09:00:00,hot_greenhouse,6.74,30.57,6.54,0.204,0.082,56.85,1.918,978.7,99.0,33.42,55.26,16555.0,0.7071067811865476,-0.7071067811865475,0.9175836260593937,-0.39754281428255595,0.0,0.0,0.0,0.0,0.39350000000000024,0.0,0.0,0.28500000000000014,0.06270000000000003,0.4733333333333339,28.7,Normal,Normal,Normal
2026-04-25 10:00:00,hot_greenhouse,6.75,30.78,6.44,0.188,0.076,56.69,1.95,959.4,99.0,34.97,53.8,22050.0,0.49999999999999994,-0.8660254037844387,0.9175836260593937,-0.39754281428255595,0.0,0.0,0.0,0.0,0.37499999999999967,0.0,0.0,0.39000000000000057,0.08580000000000013,0.9899999999999997,36.1,Warning,Normal,Normal
2026-04-25 11:00:00,hot_greenhouse,6.74,31.01,6.25,0.167,0.068,56.22,1.915,968.6,99.0,35.68,54.9,26624.0,0.258819045102521,-0.9659258262890682,0.9175836260593937,-0.39754281428255595,0.0,0.0,0.0,0.0,0.34300000000000014,0.0,0.0,0.5050000000000008,0.11110000000000017,1.0,37.1,Warning,Normal,Normal
2026-04-25 12:00:00,hot_greenhouse,6.74,31.2,6.36,0.129,0.066,56.6,1.952,978.7,99.0,36.63,51.64,27527.0,1.2246467991473532e-16,-1.0,0.9175836260593937,-0.39754281428255595,0.0,0.0,0.0,0.0,0.39350000000000024,0.0,0.0,0.5999999999999996,0.13199999999999992,1.0,44.0,Warning,Normal,Normal
2026-04-25 13:00:00,hot_greenhouse,6.74,31.43,6.31,0.139,0.059,57.36,1.934,977.2,99.0,36.42,49.74,31620.0,-0.2588190451025208,-0.9659258262890683,0.9175836260593937,-0.39754281428255595,0.0,0.0,0.0,0.0,0.38600000000000023,0.0,0.0,0.7149999999999999,0.15729999999999997,1.0,52.1,Warning,Normal,Normal
2026-04-25 14:00:00,hot_greenhouse,6.74,31.49,6.26,0.125,0.082,57.16,1.966,971.4,99.0,35.26,50.51,26729.0,-0.4999999999999997,-0.8660254037844388,0.9175836260593937,-0.39754281428255595,0.0,0.0,0.0,0.0,0.4149999999999997,0.0,0.0,0.7449999999999992,0.16389999999999982,1.0,54.3,Warning,Normal,Normal
2026-04-25 15:00:00,hot_greenhouse,6.74,31.6,6.37,0.124,0.066,57.31,1.965,987.1,99.0,33.74,54.27,19938.0,-0.7071067811865471,-0.7071067811865479,0.9175836260593937,-0.39754281428255595,0.0,0.0,0.0,0.0,0.4355000000000001,0.0,0.0,0.8000000000000007,0.17600000000000016,0.5800000000000006,58.0,Warning,Normal,Normal
2026-04-25 16:00:00,hot_greenhouse,6.75,31.67,6.3,0.126,0.063,57.12,1.954,989.5,99.0,32.5,54.26,11866.0,-0.8660254037844385,-0.5000000000000004,0.9175836260593937,-0.39754281428255595,0.0,0.0,0.0,0.0,0.4475,0.0,0.0,0.8350000000000009,0.1837000000000002,0.16666666666666666,60.3,Warning,Normal,Normal
2026-04-25 17:00:00,hot_greenhouse,6.75,31.67,6.37,0.247,0.078,56.45,1.971,976.9,99.0,32.36,56.49,3919.0,-0.9659258262890683,-0.25881904510252063,0.9175836260593937,-0.39754281428255595,0.0,0.0,0.0,0.0,0.42749999999999994,0.0,0.0,0.8350000000000009,0.1837000000000002,0.11999999999999982,60.2,Warning,Normal,Normal
2026-04-25 18:00:00,hot_greenhouse,6.74,31.59,6.53,0.218,0.088,56.61,1.96,969.2,99.0,31.39,58.63,0.0,-1.0,-1.8369701987210297e-16,0.9175836260593937,-0.39754281428255595,0.0,0.0,0.0,0.0,0.3999999999999997,0.0,0.0,0.7949999999999999,0.17489999999999997,0.0,57.2,Warning,Normal,Normal
2026-04-25 19:00:00,hot_greenhouse,6.74,31.51,6.54,0.187,0.078,56.99,1.961,973.1,99.0,30.84,64.57,79.0,-0.9659258262890684,0.2588190451025203,0.9175836260593937,-0.39754281428255595,0.0,0.0,0.0,0.0,0.40249999999999997,0.0,0.0,0.7550000000000008,0.16610000000000016,0.0,54.4,Warning,Normal,Normal
2026-04-25 20:00:00,hot_greenhouse,6.74,31.38,6.44,0.161,0.07,56.93,1.986,972.3,99.0,31.12,65.22,35.0,-0.8660254037844386,0.5000000000000001,0.9175836260593937,-0.39754281428255595,0.0,0.0,0.0,0.0,0.4649999999999997,0.0,0.0,0.6899999999999995,0.15179999999999988,0.0,49.9,Warning,Normal,Normal
2026-04-25 21:00:00,hot_greenhouse,6.74,31.21,6.58,0.163,0.067,57.13,2.001,989.0,99.0,31.19,61.48,34.0,-0.7071067811865477,0.7071067811865474,0.9175836260593937,-0.39754281428255595,0.0,0.0,0.0,0.0,0.5024999999999994,0.0,0.0,0.6050000000000004,0.1331000000000001,0.0,44.0,Warning,Normal,Normal
2026-04-25 22:00:00,hot_greenhouse,6.73,31.11,6.6,0.146,0.072,56.94,1.995,1001.3,99.0,31.66,62.49,116.0,-0.5000000000000004,0.8660254037844384,0.9175836260593937,-0.39754281428255595,0.0,0.0,0.0,0.0,0.5064999999999997,0.0,0.0,0.5549999999999997,0.12209999999999994,0.0,40.5,Warning,Normal,Normal
2026-04-25 23:00:00,hot_greenhouse,6.73,30.9,6.46,0.147,0.038,57.18,1.989,994.5,99.0,30.65,66.2,48.0,-0.25881904510252157,0.9659258262890681,0.9175836260593937,-0.39754281428255595,0.0,0.0,0.0,0.0,0.4725,0.0,0.0,0.4499999999999993,0.09899999999999984,0.0,34.5,Warning,Normal,Normal
2026-04-26 00:00:00,hot_greenhouse,6.74,30.8,6.71,0.094,0.054,57.86,2.005,1007.1,99.0,30.68,67.31,35.0,0.0,1.0,0.9106046300942162,-0.4132786077829042,0.0,0.0,0.0,0.0,0.5355000000000001,0.0,0.0,0.40000000000000036,0.08800000000000008,0.0,38.7,Warning,Normal,Normal
2026-04-26 01:00:00,hot_greenhouse,6.76,30.55,6.82,0.101,0.063,57.24,1.996,1011.1,99.0,30.36,66.62,19.0,0.25881904510252074,0.9659258262890683,0.9106046300942162,-0.4132786077829042,0.0,0.0,0.0,0.0,0.5555000000000001,0.0,0.0,0.27500000000000036,0.06050000000000008,0.0,39.7,Warning,Normal,Normal
2026-04-26 02:00:00,hot_greenhouse,6.77,30.48,6.74,0.091,0.052,57.12,2.03,1008.7,99.0,31.04,66.38,16.0,0.49999999999999994,0.8660254037844387,0.9106046300942162,-0.4132786077829042,0.0,0.0,0.0,0.0,0.5749999999999992,0.0,0.0,0.2400000000000002,0.05280000000000005,0.0,40.9,Warning,Normal,Normal
2026-04-26 03:00:00,hot_greenhouse,6.77,30.3,6.71,0.112,0.06,57.28,2.02,994.4,99.0,29.8,66.56,64.0,0.7071067811865476,0.7071067811865476,0.9106046300942162,-0.4132786077829042,0.0,0.0,0.0,0.0,0.5499999999999997,0.0,0.0,0.15000000000000036,0.03300000000000008,0.0,38.9,Warning,Normal,Normal
2026-04-26 04:00:00,hot_greenhouse,6.78,30.03,6.72,0.076,0.052,57.27,1.976,1007.9,99.0,29.38,67.63,55.0,0.8660254037844386,0.5000000000000001,0.9106046300942162,-0.4132786077829042,0.0,0.0,0.0,0.0,0.5394999999999999,0.0,0.0,0.015000000000000568,0.003300000000000125,0.0,37.7,Warning,Normal,Normal
2026-04-26 05:00:00,hot_greenhouse,6.78,29.83,6.83,0.094,0.06,56.84,1.981,995.0,99.0,29.27,68.98,72.0,0.9659258262890683,0.25881904510252074,0.9106046300942162,-0.4132786077829042,0.0,0.0,0.0,0.0,0.475,0.0,0.0,0.0,0.0,0.0,33.1,Warning,Normal,Normal
2026-04-26 06:00:00,hot_greenhouse,6.79,29.66,6.88,0.086,0.047,57.24,2.019,1001.8,99.0,29.38,69.84,28.0,1.0,6.123233995736766e-17,0.9106046300942162,-0.4132786077829042,0.0,0.0,0.0,0.0,0.5475,0.0,0.0,0.0,0.0,0.0,38.2,Warning,Normal,Normal
2026-04-26 07:00:00,hot_greenhouse,6.77,29.44,6.89,0.214,0.059,57.17,1.984,987.2,99.0,29.98,61.22,3958.0,0.9659258262890683,-0.25881904510252063,0.9106046300942162,-0.4132786077829042,0.0,0.0,0.0,0.0,0.4599999999999997,0.0,0.0,0.0,0.0,0.0,32.1,Warning,Normal,Normal
2026-04-26 08:00:00,hot_greenhouse,6.78,29.16,6.8,0.193,0.063,57.32,2.008,994.4,99.0,30.62,65.1,12343.0,0.8660254037844387,-0.4999999999999998,0.9106046300942162,-0.4132786077829042,0.0,0.0,0.0,0.0,0.5199999999999997,0.0,0.0,0.0,0.0,0.0,36.3,Warning,Normal,Normal
2026-04-26 09:00:00,hot_greenhouse,6.77,29.07,6.8,0.175,0.072,57.02,2.004,999.2,99.0,32.14,61.39,19309.0,0.7071067811865476,-0.7071067811865475,0.9106046300942162,-0.4132786077829042,0.0,0.0,0.0,0.0,0.5099999999999997,0.0,0.0,0.0,0.0,0.046666666666666856,35.6,Warning,Normal,Normal
2026-04-26 10:00:00,hot_greenhouse,6.76,28.92,6.83,0.171,0.06,56.65,2.013,997.8,99.0,33.62,61.01,26374.0,0.49999999999999994,-0.8660254037844387,0.9106046300942162,-0.4132786077829042,0.0,0.0,0.0,0.0,0.5324999999999994,0.0,0.0,0.0,0.0,0.5399999999999991,37.4,Warning,Normal,Normal
2026-04-26 11:00:00,low_nutrient,6.76,28.89,6.78,0.144,0.091,54.74,1.904,947.3,99.0,34.56,60.64,31642.0,0.258819045102521,-0.9659258262890682,0.9106046300942162,-0.4132786077829042,0.0,0.0,0.0,0.0,0.25999999999999956,0.0,0.0,0.0,0.0,0.853333333333334,29.9,Normal,Normal,Normal
2026-04-26 12:00:00,low_nutrient,6.76,28.79,6.75,0.146,0.066,52.47,1.852,946.9,99.0,34.34,58.44,33339.0,1.2246467991473532e-16,-1.0,0.9106046300942162,-0.4132786077829042,0.0,0.0,0.0,0.0,0.23449999999999988,0.0,0.0,0.0,0.0,0.7800000000000011,27.3,Normal,Normal,Normal
2026-04-26 13:00:00,low_nutrient,6.77,28.56,6.69,0.131,0.061,50.42,1.828,910.2,99.0,32.81,61.88,37072.0,-0.2588190451025208,-0.9659258262890683,0.9106046300942162,-0.4132786077829042,0.0,0.0,0.0,0.0,0.07000000000000003,0.0,0.0,0.0,0.0,0.27000000000000074,9.4,Normal,Normal,Normal
2026-04-26 14:00:00,low_nutrient,6.77,28.35,6.8,0.157,0.058,48.34,1.774,871.1,99.0,31.16,66.87,30456.0,-0.4999999999999997,-0.8660254037844388,0.9106046300942162,-0.4132786077829042,0.0,0.0,0.0,0.0,0.0,0.0,0.0,0.0,0.0,0.0,0.0,Normal,Normal,Normal
2026-04-26 15:00:00,low_nutrient,6.76,28.12,6.96,0.137,0.047,45.53,1.705,852.0,99.0,29.84,69.7,22821.0,-0.7071067811865471,-0.7071067811865479,0.9106046300942162,-0.4132786077829042,0.0,0.0,0.0,0.0,0.0,0.0,0.0,0.0,0.0,0.0,0.0,Normal,Normal,Normal
2026-04-26 16:00:00,low_nutrient,6.77,27.78,7.14,0.101,0.07,43.91,1.659,834.0,99.0,28.19,73.86,12981.0,-0.8660254037844385,-0.5000000000000004,0.9106046300942162,-0.4132786077829042,0.0,0.0,0.0,0.0,0.0,0.0,0.0,0.0,0.0,0.0,0.0,Normal,Normal,Normal
2026-04-26 17:00:00,low_nutrient,6.77,27.45,7.33,0.241,0.063,42.0,1.638,817.6,99.0,25.85,78.12,4916.0,-0.9659258262890683,-0.25881904510252063,0.9106046300942162,-0.4132786077829042,0.0,0.0,0.0,0.0,0.0,0.0,0.0,0.0,0.0,0.0,0.0,Normal,Normal,Normal
2026-04-26 18:00:00,low_nutrient,6.78,27.12,7.29,0.219,0.07,39.76,1.573,790.4,99.0,25.23,79.48,402.0,-1.0,-1.8369701987210297e-16,0.9106046300942162,-0.4132786077829042,0.0,0.0,0.0,0.0,0.0,0.0,0.0,0.0,0.0,0.0,0.0,Normal,Normal,Normal
2026-04-26 19:00:00,low_nutrient,6.77,26.74,7.48,0.194,0.076,37.62,1.546,794.1,99.0,24.41,88.38,3.0,-0.9659258262890684,0.2588190451025203,0.9106046300942162,-0.4132786077829042,0.0,0.0,0.0,0.0,0.0,0.0,0.0,0.0,0.0,0.8379999999999995,28.7,Normal,Normal,Normal
2026-04-26 20:00:00,low_nutrient,6.78,26.44,7.62,0.172,0.072,35.79,1.495,748.7,99.0,24.59,85.64,84.0,-0.8660254037844386,0.5000000000000001,0.9106046300942162,-0.4132786077829042,0.0,0.0,0.0,0.0,0.0,0.0,0.0,0.0,0.0,0.5640000000000001,19.3,Normal,Normal,Normal
2026-04-26 21:00:00,low_nutrient,6.78,26.02,7.73,0.172,0.065,34.16,1.469,722.1,99.0,23.74,86.69,0.0,-0.7071067811865477,0.7071067811865474,0.9106046300942162,-0.4132786077829042,0.0,0.0,0.0,0.0,0.0,0.0,0.0,0.0,0.0,0.6689999999999998,23.0,Normal,Normal,Normal
2026-04-26 22:00:00,low_nutrient,6.79,25.98,7.57,0.15,0.06,32.45,1.398,712.0,99.0,24.44,88.74,37.0,-0.5000000000000004,0.8660254037844384,0.9106046300942162,-0.4132786077829042,0.0,0.0,0.0,0.0,0.0,0.0,0.0,0.0,0.0,0.8739999999999994,30.0,Warning,Normal,Normal
2026-04-26 23:00:00,low_nutrient,6.8,25.91,7.66,0.115,0.073,30.48,1.394,689.7,99.0,23.39,88.21,26.0,-0.25881904510252157,0.9659258262890681,0.9106046300942162,-0.4132786077829042,0.0,0.0,0.0,0.0,0.0,0.0,0.0,0.0,0.0,0.8209999999999994,28.2,Normal,Normal,Normal
2026-04-27 00:00:00,low_nutrient,6.8,25.87,7.7,0.121,0.067,29.09,1.339,665.9,99.0,23.91,87.8,66.0,0.0,1.0,0.9033558023246845,-0.4288919379124835,0.0,0.0,0.0,0.0,0.0,0.0,0.0,0.0,0.0,0.7799999999999997,26.8,Normal,Normal,Normal
2026-04-27 01:00:00,low_nutrient,6.81,25.89,7.64,0.116,0.068,27.73,1.311,653.3,99.0,23.88,88.04,90.0,0.25881904510252074,0.9659258262890683,0.9033558023246845,-0.4288919379124835,0.0,0.0,0.0,0.0,0.0,0.0,0.0,0.0,0.0,0.8040000000000006,27.6,Normal,Normal,Normal
2026-04-27 02:00:00,low_nutrient,6.81,25.9,7.63,0.1,0.051,26.98,1.257,636.4,99.0,23.44,88.55,0.0,0.49999999999999994,0.8660254037844387,0.9033558023246845,-0.4288919379124835,0.0,0.0,0.0,0.0,0.0,0.0,0.0,0.0,0.0,0.8549999999999998,29.3,Normal,Normal,Normal
2026-04-27 03:00:00,low_nutrient,6.81,25.82,7.66,0.112,0.073,25.76,1.234,621.6,99.0,24.03,87.27,35.0,0.7071067811865476,0.7071067811865476,0.9033558023246845,-0.4288919379124835,0.0,0.0,0.0,0.0,0.0,0.0,0.0,0.0,0.0,0.7269999999999996,24.9,Normal,Normal,Normal
2026-04-27 04:00:00,low_nutrient,6.8,25.75,7.57,0.083,0.053,25.08,1.207,610.7,99.0,23.42,87.81,22.0,0.8660254037844386,0.5000000000000001,0.9033558023246845,-0.4288919379124835,0.0,0.0,0.0,0.0,0.0,0.0,0.0,0.0,0.0,0.7810000000000002,26.8,Normal,Normal,Normal
2026-04-27 05:00:00,low_nutrient,6.81,25.75,7.77,0.131,0.056,24.06,1.181,605.2,99.0,24.24,88.99,45.0,0.9659258262890683,0.25881904510252074,0.9033558023246845,-0.4288919379124835,0.0,0.0,0.0,0.0,0.0,0.0,0.0,0.0,0.0,0.8989999999999995,30.8,Warning,Normal,Normal
2026-04-27 06:00:00,low_nutrient,6.82,25.77,7.73,0.11,0.072,23.92,1.181,576.0,99.0,23.73,87.52,107.0,1.0,6.123233995736766e-17,0.9033558023246845,-0.4288919379124835,0.0,0.0,0.0,0.0,0.0,0.0,0.0,0.0,0.0,0.7519999999999996,25.8,Normal,Normal,Normal
2026-04-27 07:00:00,low_nutrient,6.82,25.7,7.64,0.24,0.06,23.62,1.203,588.5,99.0,24.73,79.46,4477.0,0.9659258262890683,-0.25881904510252063,0.9033558023246845,-0.4288919379124835,0.0,0.0,0.0,0.0,0.0,0.0,0.0,0.0,0.0,0.0,0.0,Normal,Normal,Normal
2026-04-27 08:00:00,low_nutrient,6.82,25.78,7.56,0.185,0.057,23.5,1.172,580.2,99.0,26.48,78.56,13199.0,0.8660254037844387,-0.4999999999999998,0.9033558023246845,-0.4288919379124835,0.0,0.0,0.0,0.0,0.0,0.0,0.0,0.0,0.0,0.0,0.0,Normal,Normal,Normal
2026-04-27 09:00:00,low_nutrient,6.8,25.87,7.58,0.159,0.076,23.57,1.188,576.6,99.0,27.82,75.96,23038.0,0.7071067811865476,-0.7071067811865475,0.9033558023246845,-0.4288919379124835,0.0,0.0,0.0,0.0,0.0,0.0,0.0,0.0,0.0,0.0,0.0,Normal,Normal,Normal
2026-04-27 10:00:00,low_nutrient,6.81,25.96,7.34,0.149,0.083,23.86,1.172,593.3,99.0,29.15,74.12,30881.0,0.49999999999999994,-0.8660254037844387,0.9033558023246845,-0.4288919379124835,0.0,0.0,0.0,0.0,0.0,0.0,0.0,0.0,0.0,0.0,0.0,Normal,Normal,Normal
2026-04-27 11:00:00,low_nutrient,6.8,26.06,7.27,0.133,0.074,24.24,1.185,600.6,99.0,29.57,71.53,36707.0,0.258819045102521,-0.9659258262890682,0.9033558023246845,-0.4288919379124835,0.0,0.0,0.0,0.0,0.0,0.0,0.0,0.0,0.0,0.0,0.0,Normal,Normal,Normal
2026-04-27 12:00:00,low_nutrient,6.8,26.07,7.29,0.118,0.058,24.42,1.22,585.8,99.0,30.55,73.41,39112.0,1.2246467991473532e-16,-1.0,0.9033558023246845,-0.4288919379124835,0.0,0.0,0.0,0.0,0.0,0.0,0.0,0.0,0.0,0.0,0.0,Normal,Normal,Normal
2026-04-27 13:00:00,low_nutrient,6.79,26.23,7.37,0.112,0.06,25.03,1.196,617.5,99.0,29.79,75.71,27802.0,-0.2588190451025208,-0.9659258262890683,0.9033558023246845,-0.4288919379124835,0.0,0.0,0.0,0.0,0.0,0.0,0.0,0.0,0.0,0.0,0.0,Normal,Normal,Normal
2026-04-27 14:00:00,low_nutrient,6.8,26.35,7.33,0.121,0.05,25.76,1.217,599.9,99.0,29.04,77.2,23069.0,-0.4999999999999997,-0.8660254037844388,0.9033558023246845,-0.4288919379124835,0.0,0.0,0.0,0.0,0.0,0.0,0.0,0.0,0.0,0.0,0.0,Normal,Normal,Normal
2026-04-27 15:00:00,low_nutrient,6.8,26.41,7.23,0.108,0.05,26.25,1.21,621.4,99.0,28.0,77.29,16913.0,-0.7071067811865471,-0.7071067811865479,0.9033558023246845,-0.4288919379124835,0.0,0.0,0.0,0.0,0.0,0.0,0.0,0.0,0.0,0.0,0.0,Normal,Normal,Normal
2026-04-27 16:00:00,low_nutrient,6.79,26.5,7.33,0.079,0.073,27.65,1.248,638.6,99.0,26.76,79.07,10056.0,-0.8660254037844385,-0.5000000000000004,0.9033558023246845,-0.4288919379124835,0.0,0.0,0.0,0.0,0.0,0.0,0.0,0.0,0.0,0.0,0.0,Normal,Normal,Normal
2026-04-27 17:00:00,low_nutrient,6.8,26.43,7.56,0.204,0.071,28.25,1.291,654.7,99.0,24.68,82.0,3754.0,-0.9659258262890683,-0.25881904510252063,0.9033558023246845,-0.4288919379124835,0.0,0.0,0.0,0.0,0.0,0.0,0.0,0.0,0.0,0.2,6.9,Normal,Normal,Normal
2026-04-27 18:00:00,low_nutrient,6.79,26.26,7.53,0.198,0.064,29.59,1.337,662.2,99.0,23.62,83.92,842.0,-1.0,-1.8369701987210297e-16,0.9033558023246845,-0.4288919379124835,0.0,0.0,0.0,0.0,0.0,0.0,0.0,0.0,0.0,0.3920000000000002,13.4,Normal,Normal,Normal
2026-04-27 19:00:00,low_nutrient,6.8,26.14,7.65,0.188,0.067,31.37,1.35,676.9,99.0,23.88,90.66,61.0,-0.9659258262890684,0.2588190451025203,0.9033558023246845,-0.4288919379124835,0.0,0.0,0.0,0.0,0.0,0.0,0.0,0.0,0.0,1.0,34.3,Warning,Normal,Normal
2026-04-27 20:00:00,low_nutrient,6.8,26.11,7.58,0.138,0.055,32.96,1.385,714.4,99.0,24.33,90.38,21.0,-0.8660254037844386,0.5000000000000001,0.9033558023246845,-0.4288919379124835,0.0,0.0,0.0,0.0,0.0,0.0,0.0,0.0,0.0,1.0,34.3,Warning,Normal,Normal
2026-04-27 21:00:00,low_nutrient,6.78,26.0,7.59,0.125,0.062,34.51,1.42,705.2,99.0,24.77,84.96,51.0,-0.7071067811865477,0.7071067811865474,0.9033558023246845,-0.4288919379124835,0.0,0.0,0.0,0.0,0.0,0.0,0.0,0.0,0.0,0.4959999999999994,17.0,Normal,Normal,Normal
2026-04-27 22:00:00,low_nutrient,6.77,25.92,7.67,0.096,0.075,36.2,1.469,741.4,99.0,24.66,86.29,36.0,-0.5000000000000004,0.8660254037844384,0.9033558023246845,-0.4288919379124835,0.0,0.0,0.0,0.0,0.0,0.0,0.0,0.0,0.0,0.6290000000000007,21.6,Normal,Normal,Normal
2026-04-27 23:00:00,low_nutrient,6.75,25.92,7.6,0.143,0.055,38.06,1.523,773.1,99.0,24.53,88.6,72.0,-0.25881904510252157,0.9659258262890681,0.9033558023246845,-0.4288919379124835,0.0,0.0,0.0,0.0,0.0,0.0,0.0,0.0,0.0,0.8599999999999994,29.5,Normal,Normal,Normal
2026-04-28 00:00:00,ph_drift,6.68,25.87,7.7,0.106,0.065,40.01,1.58,800.4,99.0,24.34,86.75,54.0,0.0,1.0,0.895839290734909,-0.4443781781046132,0.0,0.0,0.0,0.0,0.0,0.0,0.0,0.0,0.0,0.675,23.2,Normal,Normal,Normal
2026-04-28 01:00:00,ph_drift,6.61,25.83,7.9,0.101,0.066,42.06,1.616,797.6,99.0,24.61,88.09,39.0,0.25881904510252074,0.9659258262890683,0.895839290734909,-0.4443781781046132,0.0,0.0,0.0,0.0,0.0,0.0,0.0,0.0,0.0,0.8090000000000004,27.8,Normal,Normal,Normal
2026-04-28 02:00:00,ph_drift,6.55,25.78,7.57,0.099,0.066,43.91,1.657,840.2,99.0,24.94,87.92,19.0,0.49999999999999994,0.8660254037844387,0.895839290734909,-0.4443781781046132,0.0,0.0,0.0,0.0,0.0,0.0,0.0,0.0,0.0,0.7920000000000001,27.2,Normal,Normal,Normal
2026-04-28 03:00:00,ph_drift,6.49,25.71,7.62,0.106,0.068,46.69,1.717,851.4,99.0,24.88,87.63,32.0,0.7071067811865476,0.7071067811865476,0.895839290734909,-0.4443781781046132,0.0,0.0,0.0,0.0,0.0,0.0,0.0,0.0,0.0,0.7629999999999996,26.2,Normal,Normal,Normal
2026-04-28 04:00:00,ph_drift,6.43,25.76,7.65,0.12,0.079,48.24,1.752,867.5,99.0,24.77,85.94,46.0,0.8660254037844386,0.5000000000000001,0.895839290734909,-0.4443781781046132,0.0,0.0,0.0,0.0,0.0,0.0,0.0,0.0,0.0,0.5939999999999998,20.4,Normal,Normal,Normal
2026-04-28 05:00:00,ph_drift,6.36,25.75,7.71,0.099,0.06,51.19,1.824,911.7,99.0,24.44,86.75,26.0,0.9659258262890683,0.25881904510252074,0.895839290734909,-0.4443781781046132,0.0,0.0,0.0,0.0,0.06000000000000003,0.2,0.0,0.0,0.014000000000000002,0.675,23.8,Normal,Normal,Normal
2026-04-28 06:00:00,ph_drift,6.3,25.62,7.6,0.113,0.069,53.34,1.863,936.9,99.0,24.45,87.85,35.0,1.0,6.123233995736766e-17,0.895839290734909,-0.4443781781046132,0.0,0.0,0.0,0.0,0.1844999999999999,0.5000000000000022,0.0,0.0,0.035000000000000156,0.7849999999999995,36.7,Warning,Normal,Normal
2026-04-28 07:00:00,ph_drift,6.26,25.67,7.69,0.234,0.079,55.03,1.901,966.4,99.0,25.76,80.55,2533.0,0.9659258262890683,-0.25881904510252063,0.895839290734909,-0.4443781781046132,0.0,0.0,0.0,0.0,0.3319999999999999,0.7000000000000022,0.0,0.0,0.049000000000000155,0.054999999999999716,50.9,Warning,Normal,Normal
2026-04-28 08:00:00,ph_drift,6.21,25.69,7.54,0.185,0.059,57.19,1.996,992.3,99.0,26.88,78.07,9310.0,0.8660254037844387,-0.4999999999999998,0.895839290734909,-0.4443781781046132,0.0,0.0,0.0,0.0,0.4899999999999997,0.9500000000000011,0.0,0.0,0.06650000000000009,0.0,69.2,Warning,pH tidak stabil,pH tidak stabil
2026-04-28 09:00:00,ph_drift,6.16,25.82,7.56,0.167,0.07,57.56,1.954,983.0,99.0,29.06,75.21,17283.0,0.7071067811865476,-0.7071067811865475,0.895839290734909,-0.4443781781046132,0.0,0.0,0.0,0.0,0.415,1.0,0.0,0.0,0.07,0.0,72.6,Critical,pH tidak stabil,pH tidak stabil
2026-04-28 10:00:00,ph_drift,6.1,25.94,7.22,0.154,0.065,57.16,1.976,982.5,99.0,29.73,72.02,23718.0,0.49999999999999994,-0.8660254037844387,0.895839290734909,-0.4443781781046132,0.0,0.0,0.0,0.0,0.43999999999999967,1.0,0.0,0.0,0.07,0.0,72.6,Critical,pH tidak stabil,pH tidak stabil
2026-04-28 11:00:00,ph_drift,6.04,26.08,7.4,0.089,0.06,57.73,1.945,986.6,99.0,30.49,73.16,27324.0,0.258819045102521,-0.9659258262890682,0.895839290734909,-0.4443781781046132,0.0,0.0,0.0,0.0,0.4330000000000001,1.0,0.0,0.0,0.07,0.0,72.6,Critical,pH tidak stabil,pH tidak stabil
2026-04-28 12:00:00,ph_drift,6.0,26.17,7.44,0.103,0.051,57.24,2.009,979.3,99.0,30.93,72.05,29127.0,1.2246467991473532e-16,-1.0,0.895839290734909,-0.4443781781046132,0.0,0.0,0.0,0.0,0.5224999999999994,1.0,0.0,0.0,0.07,0.0,72.8,Critical,pH tidak stabil,pH tidak stabil
2026-04-28 13:00:00,ph_drift,5.94,26.36,7.32,0.09,0.057,57.53,1.975,986.7,99.0,30.15,72.94,26256.0,-0.2588190451025208,-0.9659258262890683,0.895839290734909,-0.4443781781046132,0.0,0.0,0.0,0.0,0.43749999999999994,1.0,0.0,0.0,0.07,0.0,72.6,Critical,pH tidak stabil,pH tidak stabil
2026-04-28 14:00:00,ph_drift,5.88,26.44,7.37,0.082,0.053,57.07,1.952,1000.6,99.0,29.76,74.27,22454.0,-0.4999999999999997,-0.8660254037844388,0.895839290734909,-0.4443781781046132,0.0,0.0,0.0,0.0,0.5030000000000001,1.0,0.0,0.0,0.07,0.0,72.8,Critical,pH tidak stabil,pH tidak stabil
2026-04-28 15:00:00,ph_drift,5.85,26.47,7.4,0.109,0.058,57.87,1.969,995.7,99.0,28.53,78.02,16220.0,-0.7071067811865471,-0.7071067811865479,0.895839290734909,-0.4443781781046132,0.0,0.0,0.0,0.0,0.4785000000000002,1.0,0.0,0.0,0.07,0.0,72.7,Critical,pH tidak stabil,pH tidak stabil
2026-04-28 16:00:00,ph_drift,5.85,26.42,7.47,0.057,0.055,57.29,1.99,982.1,99.0,26.96,79.19,8784.0,-0.8660254037844385,-0.5000000000000004,0.895839290734909,-0.4443781781046132,0.0,0.0,0.0,0.0,0.4749999999999997,1.0,0.0,0.0,0.07,0.0,72.7,Critical,pH tidak stabil,pH tidak stabil
2026-04-28 17:00:00,ph_drift,5.85,26.41,7.55,0.201,0.055,57.17,1.98,1003.0,99.0,25.55,81.79,4427.0,-0.9659258262890683,-0.25881904510252063,0.895839290734909,-0.4443781781046132,0.0,0.0,0.0,0.0,0.515,1.0,0.0,0.0,0.07,0.17900000000000063,72.9,Critical,pH tidak stabil,pH tidak stabil
2026-04-28 18:00:00,ph_drift,5.85,26.29,7.56,0.168,0.053,57.29,1.967,988.5,99.0,25.05,81.64,370.0,-1.0,-1.8369701987210297e-16,0.895839290734909,-0.4443781781046132,0.0,0.0,0.0,0.0,0.4425,1.0,0.0,0.0,0.07,0.16400000000000006,72.7,Critical,pH tidak stabil,pH tidak stabil
2026-04-28 19:00:00,ph_drift,5.85,26.22,7.8,0.145,0.068,57.81,2.001,996.2,99.0,25.16,84.64,82.0,-0.9659258262890684,0.2588190451025203,0.895839290734909,-0.4443781781046132,0.0,0.0,0.0,0.0,0.5024999999999994,1.0,0.0,0.0,0.07,0.4640000000000001,73.0,Critical,pH tidak stabil,pH tidak stabil
2026-04-28 20:00:00,ph_drift,5.85,26.12,7.72,0.119,0.065,58.25,2.006,987.8,99.0,25.07,87.2,49.0,-0.8660254037844386,0.5000000000000001,0.895839290734909,-0.4443781781046132,0.0,0.0,0.0,0.0,0.5149999999999991,1.0,0.0,0.0,0.07,0.7200000000000003,73.2,Critical,pH tidak stabil,pH tidak stabil
2026-04-28 21:00:00,ph_drift,5.85,26.09,7.65,0.129,0.064,57.61,2.0,1012.8,99.0,25.49,85.98,26.0,-0.7071067811865477,0.7071067811865474,0.895839290734909,-0.4443781781046132,0.0,0.0,0.0,0.0,0.5639999999999997,1.0,0.0,0.0,0.07,0.5980000000000004,73.2,Critical,pH tidak stabil,pH tidak stabil
2026-04-28 22:00:00,ph_drift,5.85,26.0,7.78,0.105,0.063,57.73,2.005,1015.4,99.0,25.33,86.4,62.0,-0.5000000000000004,0.8660254037844384,0.895839290734909,-0.4443781781046132,0.0,0.0,0.0,0.0,0.5769999999999998,1.0,0.0,0.0,0.07,0.6400000000000006,73.3,Critical,pH tidak stabil,pH tidak stabil
2026-04-28 23:00:00,ph_drift,5.85,25.95,7.95,0.11,0.057,58.26,2.018,1003.9,99.0,25.23,86.7,45.0,-0.25881904510252157,0.9659258262890681,0.895839290734909,-0.4443781781046132,0.0,0.0,0.0,0.0,0.5449999999999992,1.0,0.0,0.0,0.07,0.6700000000000003,73.2,Critical,pH tidak stabil,pH tidak stabil
2026-04-29 00:00:00,ph_drift,5.85,26.05,7.69,0.086,0.047,58.12,2.004,1009.0,99.0,26.13,84.53,72.0,0.0,1.0,0.8880573226294932,-0.45973273945210397,0.0,0.0,0.0,0.0,0.545,1.0,0.0,0.0,0.07,0.4530000000000001,73.1,Critical,pH tidak stabil,pH tidak stabil
2026-04-29 01:00:00,ph_drift,5.85,26.04,7.59,0.076,0.053,58.14,1.979,991.2,99.0,24.62,86.64,90.0,0.25881904510252074,0.9659258262890683,0.8880573226294932,-0.45973273945210397,0.0,0.0,0.0,0.0,0.45600000000000024,1.0,0.0,0.0,0.07,0.664,73.0,Critical,pH tidak stabil,pH tidak stabil
2026-04-29 02:00:00,ph_drift,5.85,26.06,7.74,0.091,0.048,58.69,2.018,1008.3,99.0,25.62,84.6,27.0,0.49999999999999994,0.8660254037844387,0.8880573226294932,-0.45973273945210397,0.0,0.0,0.0,0.0,0.5449999999999992,1.0,0.0,0.0,0.07,0.4599999999999994,73.1,Critical,pH tidak stabil,pH tidak stabil
2026-04-29 03:00:00,ph_drift,5.85,26.02,7.67,0.07,0.057,57.14,2.028,1007.8,99.0,24.81,87.11,70.0,0.7071067811865476,0.7071067811865476,0.8880573226294932,-0.45973273945210397,0.0,0.0,0.0,0.0,0.5699999999999997,1.0,0.0,0.0,0.07,0.711,73.3,Critical,pH tidak stabil,pH tidak stabil
2026-04-29 04:00:00,ph_drift,5.85,25.96,7.65,0.088,0.048,58.12,2.035,1014.5,99.0,25.02,87.91,22.0,0.8660254037844386,0.5000000000000001,0.8880573226294932,-0.45973273945210397,0.0,0.0,0.0,0.0,0.5875,1.0,0.0,0.0,0.07,0.7909999999999997,73.4,Critical,pH tidak stabil,pH tidak stabil
2026-04-29 05:00:00,ph_drift,5.85,25.98,7.63,0.117,0.08,57.32,2.02,1003.3,99.0,25.22,86.95,1.0,0.9659258262890683,0.25881904510252074,0.8880573226294932,-0.45973273945210397,0.0,0.0,0.0,0.0,0.5499999999999997,1.0,0.0,0.0,0.07,0.6950000000000003,73.3,Critical,pH tidak stabil,pH tidak stabil
2026-04-29 06:00:00,ph_drift,5.85,25.92,7.62,0.105,0.057,57.48,2.018,1002.3,99.0,25.65,86.52,29.0,1.0,6.123233995736766e-17,0.8880573226294932,-0.45973273945210397,0.0,0.0,0.0,0.0,0.5449999999999992,1.0,0.0,0.0,0.07,0.6519999999999996,73.2,Critical,pH tidak stabil,pH tidak stabil
2026-04-29 07:00:00,ph_drift,5.85,25.87,7.67,0.242,0.07,57.43,2.006,1012.0,99.0,25.81,82.09,4458.0,0.9659258262890683,-0.25881904510252063,0.8880573226294932,-0.45973273945210397,0.0,0.0,0.0,0.0,0.56,1.0,0.0,0.0,0.07,0.20900000000000035,73.0,Critical,pH tidak stabil,pH tidak stabil
2026-04-29 08:00:00,ph_drift,5.85,25.87,7.52,0.211,0.066,56.64,2.025,997.4,99.0,26.74,80.53,9550.0,0.8660254037844387,-0.4999999999999998,0.8880573226294932,-0.45973273945210397,0.0,0.0,0.0,0.0,0.5624999999999994,1.0,0.0,0.0,0.07,0.053000000000000116,72.9,Critical,pH tidak stabil,pH tidak stabil
2026-04-29 09:00:00,ph_drift,5.85,25.9,7.65,0.181,0.081,57.3,2.011,1008.3,99.0,28.2,77.0,15650.0,0.7071067811865476,-0.7071067811865475,0.8880573226294932,-0.45973273945210397,0.0,0.0,0.0,0.0,0.5414999999999998,1.0,0.0,0.0,0.07,0.0,72.9,Critical,pH tidak stabil,pH tidak stabil
2026-04-29 10:00:00,ph_drift,5.85,26.02,7.51,0.184,0.072,57.87,2.021,1020.1,99.0,29.7,73.74,21821.0,0.49999999999999994,-0.8660254037844387,0.8880573226294932,-0.45973273945210397,0.0,0.0,0.0,0.0,0.6005000000000001,1.0,0.0,0.0,0.07,0.0,73.0,Critical,pH tidak stabil,pH tidak stabil
2026-04-29 11:00:00,ph_drift,5.86,26.16,7.31,0.16,0.077,56.54,2.021,1020.5,99.0,30.33,74.18,26753.0,0.258819045102521,-0.9659258262890682,0.8880573226294932,-0.45973273945210397,0.0,0.0,0.0,0.0,0.6025,1.0,0.0,0.0,0.07,0.0,73.0,Critical,pH tidak stabil,pH tidak stabil
2026-04-29 12:00:00,ph_drift,5.93,26.28,7.4,0.152,0.07,56.83,2.022,1008.6,99.0,31.5,72.5,26719.0,1.2246467991473532e-16,-1.0,0.8880573226294932,-0.45973273945210397,0.0,0.0,0.0,0.0,0.5549999999999992,1.0,0.0,0.0,0.07,0.0,72.9,Critical,pH tidak stabil,pH tidak stabil
2026-04-29 13:00:00,ph_drift,5.96,26.39,7.22,0.171,0.051,57.0,2.032,1027.7,99.0,30.93,74.65,31741.0,-0.2588190451025208,-0.9659258262890683,0.8880573226294932,-0.45973273945210397,0.0,0.0,0.0,0.0,0.6385000000000002,1.0,0.0,0.0,0.07,0.0,73.1,Critical,pH tidak stabil,pH tidak stabil
2026-04-29 14:00:00,ph_drift,6.01,26.53,7.33,0.133,0.075,56.68,2.006,1002.8,99.0,29.79,74.36,26462.0,-0.4999999999999997,-0.8660254037844388,0.8880573226294932,-0.45973273945210397,0.0,0.0,0.0,0.0,0.5149999999999991,1.0,0.0,0.0,0.07,0.0,72.8,Critical,pH tidak stabil,pH tidak stabil
2026-04-29 15:00:00,ph_drift,6.07,26.55,7.24,0.116,0.062,56.26,2.025,1002.6,99.0,27.91,74.78,19223.0,-0.7071067811865471,-0.7071067811865479,0.8880573226294932,-0.45973273945210397,0.0,0.0,0.0,0.0,0.5624999999999994,1.0,0.0,0.0,0.07,0.0,72.9,Critical,pH tidak stabil,pH tidak stabil
2026-04-29 16:00:00,low_water_level,6.11,26.54,7.47,0.114,0.061,57.02,2.042,1006.8,99.0,27.05,79.54,11878.0,-0.8660254037844385,-0.5000000000000004,0.8880573226294932,-0.45973273945210397,0.0,0.0,0.0,0.0,0.6049999999999992,1.0,0.0,0.0,0.07,0.0,73.0,Critical,pH tidak stabil,pH tidak stabil
2026-04-29 17:00:00,low_water_level,6.15,26.51,7.42,0.229,0.072,56.23,2.038,1010.5,99.0,25.57,80.56,4462.0,-0.9659258262890683,-0.25881904510252063,0.8880573226294932,-0.45973273945210397,0.0,0.0,0.0,0.0,0.5949999999999992,1.0,0.0,0.0,0.07,0.05600000000000023,73.0,Critical,pH tidak stabil,pH tidak stabil
2026-04-29 18:00:00,low_water_level,6.22,26.39,7.56,0.188,0.078,56.38,2.017,1005.8,99.0,25.07,82.4,541.0,-1.0,-1.8369701987210297e-16,0.8880573226294932,-0.45973273945210397,0.0,0.0,0.0,0.0,0.5424999999999994,0.9000000000000022,0.0,0.0,0.06300000000000017,0.24000000000000057,65.8,Warning,pH tidak stabil,pH tidak stabil
2026-04-29 19:00:00,low_water_level,6.29,26.33,7.59,0.167,0.068,55.67,2.009,1001.4,99.0,24.17,90.04,56.0,-0.9659258262890684,0.2588190451025203,0.8880573226294932,-0.45973273945210397,0.0,0.0,0.0,0.0,0.5224999999999994,0.5500000000000012,0.0,0.0,0.03850000000000008,1.0,41.1,Warning,Normal,Normal
2026-04-29 20:00:00,low_water_level,6.37,26.32,7.61,0.159,0.077,56.33,2.003,1019.6,99.0,24.29,87.14,42.0,-0.8660254037844386,0.5000000000000001,0.8880573226294932,-0.45973273945210397,0.0,0.0,0.0,0.0,0.5980000000000001,0.1500000000000011,0.0,0.0,0.010500000000000079,0.7140000000000001,42.5,Warning,Normal,Normal
2026-04-29 21:00:00,low_water_level,6.44,26.25,7.57,0.141,0.063,55.74,2.002,1007.5,99.0,25.28,88.38,71.0,-0.7071067811865477,0.7071067811865474,0.8880573226294932,-0.45973273945210397,0.0,0.0,0.0,0.0,0.5375,0.0,0.0,0.0,0.0,0.8379999999999995,37.9,Warning,Normal,Normal
2026-04-29 22:00:00,low_water_level,6.51,26.08,7.65,0.147,0.064,56.02,2.009,993.5,99.0,24.54,86.28,18.0,-0.5000000000000004,0.8660254037844384,0.8880573226294932,-0.45973273945210397,0.0,0.0,0.0,0.0,0.5224999999999994,0.0,0.0,0.0,0.0,0.6280000000000001,36.8,Warning,Normal,Normal
2026-04-29 23:00:00,low_water_level,6.58,26.01,7.65,0.139,0.059,55.25,1.997,1004.4,99.0,25.19,87.14,37.0,-0.25881904510252157,0.9659258262890681,0.8880573226294932,-0.45973273945210397,0.0,0.0,0.0,0.0,0.5219999999999999,0.0,0.0,0.0,0.0,0.7140000000000001,36.8,Warning,Normal,Normal
2026-04-30 00:00:00,low_water_level,6.65,25.93,7.6,0.124,0.072,56.0,1.995,1023.0,99.0,24.76,87.73,43.0,0.0,1.0,0.8800122039735357,-0.47495107206704995,0.0,0.0,0.0,0.0,0.615,0.0,0.0,0.0,0.0,0.7730000000000004,43.3,Warning,Normal,Normal
2026-04-30 01:00:00,low_water_level,6.74,25.91,7.53,0.115,0.063,55.33,2.016,1012.9,99.0,25.48,85.28,34.0,0.25881904510252074,0.9659258262890683,0.8800122039735357,-0.47495107206704995,0.0,0.0,0.0,0.0,0.5644999999999999,0.0,0.0,0.0,0.0,0.5280000000000001,39.7,Warning,Normal,Normal
2026-04-30 02:00:00,low_water_level,6.84,25.87,7.7,0.08,0.061,56.0,2.014,1001.9,99.0,24.57,89.21,59.0,0.49999999999999994,0.8660254037844387,0.8800122039735357,-0.47495107206704995,0.0,0.0,0.0,0.0,0.5349999999999991,0.0,0.0,0.0,0.0,0.9209999999999994,37.8,Warning,Normal,Normal
2026-04-30 03:00:00,low_water_level,6.83,25.81,7.75,0.082,0.062,55.62,1.971,1005.7,99.0,24.48,87.6,71.0,0.7071067811865476,0.7071067811865476,0.8800122039735357,-0.47495107206704995,0.0,0.0,0.0,0.0,0.5285000000000002,0.0,0.0,0.0,0.0,0.7599999999999995,37.3,Warning,Normal,Normal
2026-04-30 04:00:00,low_water_level,6.83,25.8,7.63,0.067,0.055,55.84,2.011,995.2,99.0,24.55,86.35,68.0,0.8660254037844386,0.5000000000000001,0.8800122039735357,-0.47495107206704995,0.0,0.0,0.0,0.0,0.5275,0.0,0.0,0.0,0.0,0.6349999999999995,37.1,Warning,Normal,Normal
2026-04-30 05:00:00,low_water_level,6.82,25.77,7.73,0.069,0.055,55.27,1.995,993.9,99.0,24.92,88.0,23.0,0.9659258262890683,0.25881904510252074,0.8800122039735357,-0.47495107206704995,0.0,0.0,0.0,0.0,0.4875,0.0,0.0,0.0,0.0,0.8,34.4,Warning,Normal,Normal
2026-04-30 06:00:00,low_water_level,6.84,25.72,7.71,0.072,0.059,55.33,1.98,998.5,99.0,24.69,87.97,0.0,1.0,6.123233995736766e-17,0.8800122039735357,-0.47495107206704995,0.0,0.0,0.0,0.0,0.4925,0.0,0.0,0.0,0.0,0.7969999999999999,34.8,Warning,Normal,Normal
2026-04-30 07:00:00,low_water_level,6.83,25.68,7.82,0.195,0.066,56.85,2.004,995.4,99.0,25.2,81.37,4055.0,0.9659258262890683,-0.25881904510252063,0.8800122039735357,-0.47495107206704995,0.0,0.0,0.0,0.0,0.5099999999999997,0.0,0.0,0.0,0.0,0.13700000000000045,35.6,Warning,Normal,Normal
2026-04-30 08:00:00,low_water_level,6.83,25.65,7.66,0.184,0.066,56.4,2.003,999.3,99.0,26.55,80.07,11403.0,0.8660254037844387,-0.4999999999999998,0.8800122039735357,-0.47495107206704995,0.0,0.0,0.0,0.0,0.5075,0.0,0.0,0.0,0.0,0.0069999999999993175,35.4,Warning,Normal,Normal
2026-04-30 09:00:00,low_water_level,6.84,25.71,7.48,0.167,0.069,56.55,2.001,1019.6,99.0,28.16,75.7,20389.0,0.7071067811865476,-0.7071067811865475,0.8800122039735357,-0.47495107206704995,0.0,0.0,0.0,0.0,0.5980000000000001,0.0,0.0,0.0,0.0,0.0,41.7,Warning,Normal,Normal
2026-04-30 10:00:00,low_water_level,6.84,25.82,7.47,0.16,0.07,55.93,2.008,1006.1,99.0,29.49,74.68,26840.0,0.49999999999999994,-0.8660254037844387,0.8800122039735357,-0.47495107206704995,0.0,0.0,0.0,0.0,0.5305000000000001,0.0,0.0,0.0,0.0,0.0,37.0,Warning,Normal,Normal
2026-04-30 11:00:00,low_water_level,6.84,25.96,7.21,0.111,0.067,55.79,1.986,1012.4,99.0,30.42,72.66,32772.0,0.258819045102521,-0.9659258262890682,0.8800122039735357,-0.47495107206704995,0.0,0.0,0.0,0.0,0.5619999999999998,0.0,0.0,0.0,0.0,0.0,39.2,Warning,Normal,Normal
2026-04-30 12:00:00,low_water_level,6.83,26.05,7.43,0.122,0.068,56.62,1.986,1005.5,99.0,30.19,70.53,34215.0,1.2246467991473532e-16,-1.0,0.8800122039735357,-0.47495107206704995,0.0,0.0,0.0,0.0,0.5275,0.0,0.0,0.0,0.0,0.0,36.8,Warning,Normal,Normal
2026-04-30 13:00:00,low_water_level,6.83,26.13,7.21,0.117,0.047,56.07,1.965,997.9,99.0,30.02,73.37,32997.0,-0.2588190451025208,-0.9659258262890683,0.8800122039735357,-0.47495107206704995,0.0,0.0,0.0,0.0,0.4894999999999999,0.0,0.0,0.0,0.0,0.0,34.1,Warning,Normal,Normal
2026-04-30 14:00:00,low_water_level,6.85,26.11,7.57,0.096,0.071,55.64,1.981,991.9,99.0,29.65,74.12,27340.0,-0.4999999999999997,-0.8660254037844388,0.8800122039735357,-0.47495107206704995,0.0,0.0,0.0,0.0,0.4594999999999999,0.0,0.0,0.0,0.0,0.0,32.0,Warning,Normal,Normal
2026-04-30 15:00:00,low_water_level,6.83,26.14,7.37,0.113,0.069,56.31,2.014,1013.5,99.0,27.76,77.48,20444.0,-0.7071067811865471,-0.7071067811865479,0.8800122039735357,-0.47495107206704995,0.0,0.0,0.0,0.0,0.5675,0.0,0.0,0.0,0.0,0.0,39.6,Warning,Normal,Normal
2026-04-30 16:00:00,low_water_level,6.83,26.12,7.59,0.107,0.066,55.73,2.003,1006.5,99.0,25.95,78.38,12070.0,-0.8660254037844385,-0.5000000000000004,0.8800122039735357,-0.47495107206704995,0.0,0.0,0.0,0.0,0.5325,0.0,0.0,0.0,0.0,0.0,37.1,Warning,Normal,Normal
2026-04-30 17:00:00,low_water_level,6.85,26.07,7.58,0.229,0.059,56.2,2.007,1002.0,99.0,25.16,80.74,4520.0,-0.9659258262890683,-0.25881904510252063,0.8800122039735357,-0.47495107206704995,0.0,0.0,0.0,0.0,0.5175,0.0,0.0,0.0,0.0,0.07399999999999948,36.1,Warning,Normal,Normal
2026-04-30 18:00:00,low_water_level,6.85,26.01,7.56,0.23,0.081,56.04,1.987,982.3,99.0,23.78,84.08,0.0,-1.0,-1.8369701987210297e-16,0.8800122039735357,-0.47495107206704995,0.0,0.0,0.0,0.0,0.46749999999999997,0.0,0.0,0.0,0.0,0.4079999999999998,32.8,Warning,Normal,Normal
2026-04-30 19:00:00,low_water_level,6.85,25.92,7.74,0.166,0.065,56.1,2.009,1001.1,99.0,23.86,86.65,54.0,-0.9659258262890684,0.2588190451025203,0.8800122039735357,-0.47495107206704995,0.0,0.0,0.0,0.0,0.5224999999999994,0.0,0.0,0.0,0.0,0.6650000000000006,36.8,Warning,Normal,Normal
2026-04-30 20:00:00,low_water_level,6.84,25.84,7.65,0.172,0.087,55.69,1.993,998.7,99.0,23.85,88.0,20.0,-0.8660254037844386,0.5000000000000001,0.8800122039735357,-0.47495107206704995,0.0,0.0,0.0,0.0,0.4935000000000002,0.0,0.0,0.0,0.0,0.8,34.9,Warning,Normal,Normal
2026-04-30 21:00:00,low_water_level,6.85,25.83,7.87,0.152,0.069,55.62,1.973,988.5,99.0,23.56,88.45,18.0,-0.7071067811865477,0.7071067811865474,0.8800122039735357,-0.47495107206704995,0.0,0.0,0.0,0.0,0.4425,0.0,0.0,0.0,0.0,0.8450000000000003,31.3,Warning,Normal,Normal
2026-04-30 22:00:00,low_water_level,6.84,25.84,7.68,0.152,0.066,55.51,1.984,993.9,99.0,23.74,88.68,0.0,-0.5000000000000004,0.8660254037844384,0.8800122039735357,-0.47495107206704995,0.0,0.0,0.0,0.0,0.46949999999999986,0.0,0.0,0.0,0.0,0.8680000000000007,33.2,Warning,Normal,Normal
2026-04-30 23:00:00,low_water_level,6.84,25.8,7.82,0.13,0.06,55.96,1.961,980.0,99.0,23.64,88.28,42.0,-0.25881904510252157,0.9659258262890681,0.8800122039735357,-0.47495107206704995,0.0,0.0,0.0,0.0,0.40249999999999997,0.0,0.0,0.0,0.0,0.8280000000000001,29.3,Normal,Normal,Normal
2026-05-01 00:00:00,low_water_level,6.85,25.77,7.63,0.113,0.059,56.26,1.958,972.5,99.0,23.76,89.55,77.0,0.0,1.0,0.8717063187093218,-0.4900286664290592,0.0,0.0,0.0,0.0,0.3949999999999997,0.0,0.0,0.0,0.0,0.9549999999999997,33.6,Warning,Normal,Normal
2026-05-01 01:00:00,low_water_level,6.84,25.69,7.78,0.127,0.061,55.66,1.952,975.0,99.0,23.4,85.58,33.0,0.25881904510252074,0.9659258262890683,0.8717063187093218,-0.4900286664290592,0.0,0.0,0.0,0.0,0.37999999999999967,0.0,0.0,0.0,0.0,0.5579999999999998,26.8,Normal,Normal,Normal
2026-05-01 02:00:00,low_water_level,6.84,25.69,7.5,0.109,0.061,55.84,1.946,969.9,99.0,23.9,88.36,0.0,0.49999999999999994,0.8660254037844387,0.8717063187093218,-0.4900286664290592,0.0,0.0,0.0,0.0,0.36499999999999966,0.0,0.0,0.0,0.0,0.836,29.5,Normal,Normal,Normal
2026-05-01 03:00:00,low_water_level,6.83,25.65,7.62,0.081,0.056,55.81,1.975,1001.5,99.0,24.28,89.25,70.0,0.7071067811865476,0.7071067811865476,0.8717063187093218,-0.4900286664290592,0.0,0.0,0.0,0.0,0.5075,0.0,0.0,0.0,0.0,0.925,35.9,Warning,Normal,Normal
2026-05-01 04:00:00,low_water_level,6.83,25.64,7.81,0.109,0.075,55.38,1.981,981.2,99.0,23.24,88.06,34.0,0.8660254037844386,0.5000000000000001,0.8717063187093218,-0.4900286664290592,0.0,0.0,0.0,0.0,0.45249999999999996,0.0,0.0,0.0,0.0,0.8060000000000003,32.0,Warning,Normal,Normal
2026-05-01 05:00:00,low_water_level,6.83,25.56,7.67,0.079,0.062,56.46,1.961,970.1,99.0,24.06,86.73,71.0,0.9659258262890683,0.25881904510252074,0.8717063187093218,-0.4900286664290592,0.0,0.0,0.0,0.0,0.40249999999999997,0.0,0.0,0.0,0.0,0.6730000000000004,28.4,Normal,Normal,Normal
2026-05-01 06:00:00,low_water_level,6.82,25.52,7.78,0.111,0.07,56.89,1.963,967.8,99.0,23.78,87.92,68.0,1.0,6.123233995736766e-17,0.8717063187093218,-0.4900286664290592,0.0,0.0,0.0,0.0,0.4075,0.0,0.0,0.0,0.0,0.7920000000000001,28.9,Normal,Normal,Normal
2026-05-01 07:00:00,low_water_level,6.83,25.53,7.73,0.241,0.067,56.36,1.972,961.7,99.0,24.2,82.21,3872.0,0.9659258262890683,-0.25881904510252063,0.8717063187093218,-0.4900286664290592,0.0,0.0,0.0,0.0,0.42999999999999966,0.0,0.0,0.0,0.0,0.22099999999999936,30.1,Warning,Normal,Normal
2026-05-01 08:00:00,low_water_level,6.81,25.5,7.76,0.19,0.06,56.69,1.951,973.5,99.0,25.66,82.01,12505.0,0.8660254037844387,-0.4999999999999998,0.8717063187093218,-0.4900286664290592,0.0,0.0,0.0,0.0,0.37749999999999995,0.0,0.0,0.0,0.0,0.2010000000000005,26.4,Normal,Normal,Normal
2026-05-01 09:00:00,low_water_level,6.82,25.56,7.49,0.156,0.085,56.51,1.957,973.9,99.0,26.4,77.84,20438.0,0.7071067811865476,-0.7071067811865475,0.8717063187093218,-0.4900286664290592,0.0,0.0,0.0,0.0,0.39249999999999996,0.0,0.0,0.0,0.0,0.0,27.4,Normal,Normal,Normal
2026-05-01 10:00:00,low_water_level,6.82,25.62,7.46,0.144,0.06,56.47,1.96,990.8,99.0,27.85,75.28,28610.0,0.49999999999999994,-0.8660254037844387,0.8717063187093218,-0.4900286664290592,0.0,0.0,0.0,0.0,0.4539999999999998,0.0,0.0,0.0,0.0,0.0,31.7,Warning,Normal,Normal
2026-05-01 11:00:00,low_water_level,6.82,25.75,7.25,0.13,0.057,56.23,1.977,979.9,99.0,28.89,75.4,32845.0,0.258819045102521,-0.9659258262890682,0.8717063187093218,-0.4900286664290592,0.0,0.0,0.0,0.0,0.44249999999999995,0.0,0.0,0.0,0.0,0.0,30.9,Warning,Normal,Normal
2026-05-01 12:00:00,low_water_level,6.81,25.89,7.26,0.131,0.063,55.37,1.953,978.4,99.0,29.21,73.86,35126.0,1.2246467991473532e-16,-1.0,0.8717063187093218,-0.4900286664290592,0.0,0.0,0.0,0.0,0.3919999999999999,0.0,0.0,0.0,0.0,0.0,27.3,Normal,Normal,Normal
2026-05-01 13:00:00,low_water_level,6.81,25.9,7.22,0.114,0.052,56.29,1.936,981.0,99.0,27.97,75.0,33606.0,-0.2588190451025208,-0.9659258262890683,0.8717063187093218,-0.4900286664290592,0.0,0.0,0.0,0.0,0.405,0.0,0.0,0.0,0.0,0.0,28.2,Normal,Normal,Normal
2026-05-01 14:00:00,low_water_level,6.82,26.07,7.34,0.11,0.065,56.27,1.96,965.8,99.0,27.98,77.98,27094.0,-0.4999999999999997,-0.8660254037844388,0.8717063187093218,-0.4900286664290592,0.0,0.0,0.0,0.0,0.3999999999999997,0.0,0.0,0.0,0.0,0.0,27.9,Normal,Normal,Normal
2026-05-01 15:00:00,oxygen_stress,6.81,26.11,7.22,0.124,0.043,56.18,1.988,966.6,99.0,26.88,77.22,20414.0,-0.7071067811865471,-0.7071067811865479,0.8717063187093218,-0.4900286664290592,0.0,0.0,0.0,0.0,0.4699999999999997,0.0,0.0,0.0,0.0,0.0,32.8,Warning,Normal,Normal
2026-05-01 16:00:00,oxygen_stress,6.81,26.1,7.16,0.099,0.08,55.84,1.973,962.9,99.0,25.17,81.92,12651.0,-0.8660254037844385,-0.5000000000000004,0.8717063187093218,-0.4900286664290592,0.0,0.0,0.0,0.0,0.43249999999999994,0.0,0.0,0.0,0.0,0.19200000000000017,30.3,Warning,Normal,Normal
2026-05-01 17:00:00,oxygen_stress,6.81,26.09,6.97,0.221,0.075,56.85,1.982,979.3,99.0,23.93,83.35,3941.0,-0.9659258262890683,-0.25881904510252063,0.8717063187093218,-0.4900286664290592,0.0,0.0,0.0,0.0,0.4549999999999997,0.0,0.0,0.0,0.0,0.3349999999999994,31.9,Warning,Normal,Normal
2026-05-01 18:00:00,oxygen_stress,6.81,25.97,6.68,0.192,0.076,55.32,1.962,965.4,99.0,23.22,84.72,0.0,-1.0,-1.8369701987210297e-16,0.8717063187093218,-0.4900286664290592,0.0,0.0,0.0,0.0,0.4049999999999997,0.0,0.0,0.0,0.0,0.47199999999999986,28.5,Normal,Normal,Normal
2026-05-01 19:00:00,oxygen_stress,6.82,25.85,6.58,0.168,0.062,56.12,1.98,983.0,99.0,22.61,89.05,62.0,-0.9659258262890684,0.2588190451025203,0.8717063187093218,-0.4900286664290592,0.0,0.0,0.0,0.0,0.4499999999999997,0.0,0.0,0.0,0.0,0.9049999999999997,32.0,Warning,Normal,Normal
2026-05-01 20:00:00,oxygen_stress,6.82,25.78,6.28,0.142,0.059,55.85,1.969,980.1,99.0,23.21,88.69,10.0,-0.8660254037844386,0.5000000000000001,0.8717063187093218,-0.4900286664290592,0.0,0.0,0.0,0.0,0.42249999999999993,0.0,0.0,0.0,0.0,0.8689999999999998,30.8,Warning,Normal,Normal
2026-05-01 21:00:00,oxygen_stress,6.83,25.73,6.21,0.111,0.066,55.9,1.99,987.6,99.0,22.59,88.72,48.0,-0.7071067811865477,0.7071067811865474,0.8717063187093218,-0.4900286664290592,0.0,0.0,0.0,0.0,0.4749999999999997,0.0,0.0,0.0,0.0,0.8719999999999999,33.6,Warning,Normal,Normal
2026-05-01 22:00:00,oxygen_stress,6.82,25.66,5.98,0.122,0.071,55.82,1.986,1000.5,99.0,23.01,85.35,36.0,-0.5000000000000004,0.8660254037844384,0.8717063187093218,-0.4900286664290592,0.0,0.0,0.0,0.0,0.5025,0.0,0.0,0.0,0.0,0.5349999999999995,35.3,Warning,Normal,Normal
2026-05-01 23:00:00,oxygen_stress,6.82,25.61,5.8,0.115,0.059,56.78,2.017,1028.9,99.0,23.37,90.07,68.0,-0.25881904510252157,0.9659258262890681,0.8717063187093218,-0.4900286664290592,0.0,0.0,0.0,0.0,0.6445000000000004,0.0,0.0,0.0,0.0,1.0,45.5,Warning,Normal,Normal
2026-05-02 00:00:00,oxygen_stress,6.82,25.62,5.71,0.11,0.065,55.6,2.054,1010.7,99.0,23.19,90.06,57.0,0.0,1.0,0.8631421280499114,-0.5049610547215204,0.0,0.0,0.0,0.0,0.6349999999999992,0.0,0.0,0.0,0.0,1.0,44.8,Warning,Normal,Normal
2026-05-02 01:00:00,oxygen_stress,6.82,25.56,5.6,0.124,0.054,55.94,2.027,1020.9,99.0,22.72,89.79,39.0,0.25881904510252074,0.9659258262890683,0.8631421280499114,-0.5049610547215204,0.0,0.0,0.0,0.0,0.6044999999999999,0.0,0.0,0.0,0.0,0.9790000000000006,42.7,Warning,Normal,Normal
2026-05-02 02:00:00,oxygen_stress,6.8,25.48,5.32,0.112,0.062,54.88,2.013,1002.9,99.0,22.85,89.06,60.0,0.49999999999999994,0.8660254037844387,0.8631421280499114,-0.5049610547215204,0.0,0.0,0.0,0.0,0.5324999999999994,0.0,0.0,0.0,0.0,0.9060000000000002,37.6,Warning,Normal,Normal
2026-05-02 03:00:00,oxygen_stress,6.79,25.5,5.16,0.127,0.062,55.45,2.01,994.9,99.0,23.13,90.31,37.0,0.7071067811865476,0.7071067811865476,0.8631421280499114,-0.5049610547215204,0.0,0.0,0.0,0.0,0.5249999999999991,0.0,0.0,0.0,0.0,1.0,37.2,Warning,Normal,Normal
2026-05-02 04:00:00,oxygen_stress,6.79,25.51,5.08,0.118,0.068,55.22,1.975,1009.1,99.0,23.12,89.61,7.0,0.8660254037844386,0.5000000000000001,0.8631421280499114,-0.5049610547215204,0.0,0.0,0.0,0.0,0.5455000000000001,0.0,0.0,0.0,0.0,0.961,38.6,Warning,Normal,Normal
2026-05-02 05:00:00,oxygen_stress,6.79,25.51,5.0,0.108,0.076,55.31,2.032,1013.5,99.0,23.01,89.96,0.0,0.9659258262890683,0.25881904510252074,0.8631421280499114,-0.5049610547215204,0.0,0.0,0.0,0.0,0.5799999999999997,0.0,0.0,0.0,0.0,0.9959999999999993,41.0,Warning,Normal,Normal
2026-05-02 06:00:00,oxygen_stress,6.77,25.46,4.95,0.108,0.063,55.55,2.027,1013.9,99.0,22.79,88.12,58.0,1.0,6.123233995736766e-17,0.8631421280499114,-0.5049610547215204,0.0,0.04999999999999982,0.0,0.0,0.5694999999999999,0.0,0.0,0.0,0.014999999999999946,0.8120000000000005,40.4,Warning,Normal,Normal
2026-05-02 07:00:00,oxygen_stress,6.77,25.41,4.79,0.26,0.059,55.22,2.039,1031.9,99.0,23.69,82.78,4809.0,0.9659258262890683,-0.25881904510252063,0.8631421280499114,-0.5049610547215204,0.0,0.20999999999999996,0.0,0.0,0.6595000000000004,0.0,0.0,0.0,0.06299999999999999,0.27800000000000014,47.1,Warning,Normal,Normal
2026-05-02 08:00:00,oxygen_stress,6.78,25.41,4.63,0.214,0.074,56.4,2.012,1023.6,99.0,25.11,80.68,11145.0,0.8660254037844387,-0.4999999999999998,0.8631421280499114,-0.5049610547215204,0.0,0.3700000000000001,0.0,0.0,0.6180000000000001,0.0,0.0,0.0,0.11100000000000003,0.06800000000000068,44.8,Warning,Normal,Normal
2026-05-02 09:00:00,oxygen_stress,6.8,25.44,4.39,0.176,0.065,55.89,2.03,1010.2,99.0,26.45,79.01,19948.0,0.7071067811865476,-0.7071067811865475,0.8631421280499114,-0.5049610547215204,0.0,0.6100000000000003,0.0,0.0,0.5749999999999992,0.0,0.0,0.0,0.18300000000000008,0.0,49.8,Warning,Normal,Normal
2026-05-02 10:00:00,oxygen_stress,6.81,25.46,4.34,0.16,0.079,55.37,2.016,1026.4,99.0,27.5,76.11,28024.0,0.49999999999999994,-0.8660254037844387,0.8631421280499114,-0.5049610547215204,0.0,0.6600000000000001,0.0,0.0,0.6320000000000005,0.0,0.0,0.0,0.19800000000000004,0.0,53.9,Warning,Normal,Normal
2026-05-02 11:00:00,oxygen_stress,6.81,25.59,4.27,0.155,0.074,55.59,2.062,1016.8,99.0,28.63,74.56,32344.0,0.258819045102521,-0.9659258262890682,0.8631421280499114,-0.5049610547215204,0.0,0.7300000000000004,0.0,0.0,0.6549999999999992,0.0,0.0,0.0,0.2190000000000001,0.0,59.5,Warning,Normal,Normal
2026-05-02 12:00:00,oxygen_stress,6.8,25.74,4.33,0.148,0.072,55.55,2.006,1017.0,99.0,29.08,74.45,34993.0,1.2246467991473532e-16,-1.0,0.8631421280499114,-0.5049610547215204,0.0,0.6699999999999999,0.0,0.0,0.585,0.0,0.0,0.0,0.20099999999999998,0.0,54.6,Warning,Normal,Normal
2026-05-02 13:00:00,oxygen_stress,6.81,25.82,4.44,0.125,0.064,56.09,2.039,1026.6,99.0,28.05,73.53,30833.0,-0.2588190451025208,-0.9659258262890683,0.8631421280499114,-0.5049610547215204,0.0,0.5599999999999996,0.0,0.0,0.6329999999999996,0.0,0.0,0.0,0.16799999999999987,0.0,46.7,Warning,Normal,Normal
2026-05-02 14:00:00,oxygen_stress,6.82,25.9,4.43,0.124,0.053,56.14,2.024,1008.6,99.0,27.79,75.05,26074.0,-0.4999999999999997,-0.8660254037844388,0.8631421280499114,-0.5049610547215204,0.0,0.5700000000000003,0.0,0.0,0.5599999999999997,0.0,0.0,0.0,0.17100000000000007,0.0,46.6,Warning,Normal,Normal
2026-05-02 15:00:00,oxygen_stress,6.82,25.84,4.62,0.098,0.069,56.15,2.007,996.4,99.0,26.54,78.25,18851.0,-0.7071067811865471,-0.7071067811865479,0.8631421280499114,-0.5049610547215204,0.0,0.3799999999999999,0.0,0.0,0.5175,0.0,0.0,0.0,0.11399999999999996,0.0,37.8,Warning,Normal,Normal
2026-05-02 16:00:00,oxygen_stress,6.82,25.86,4.66,0.109,0.054,56.86,2.03,1010.7,99.0,24.21,82.69,11304.0,-0.8660254037844385,-0.5000000000000004,0.8631421280499114,-0.5049610547215204,0.0,0.33999999999999986,0.0,0.0,0.5749999999999992,0.0,0.0,0.0,0.10199999999999995,0.2689999999999998,41.8,Warning,Normal,Normal
2026-05-02 17:00:00,oxygen_stress,6.8,25.74,4.85,0.22,0.061,55.78,2.028,1023.8,99.0,23.18,83.84,4003.0,-0.9659258262890683,-0.25881904510252063,0.8631421280499114,-0.5049610547215204,0.0,0.15000000000000036,0.0,0.0,0.6189999999999998,0.0,0.0,0.0,0.0450000000000001,0.38400000000000034,44.0,Warning,Normal,Normal
2026-05-02 18:00:00,oxygen_stress,6.8,25.63,5.08,0.196,0.071,56.03,2.069,1050.3,99.0,22.57,85.29,0.0,-1.0,-1.8369701987210297e-16,0.8631421280499114,-0.5049610547215204,0.0,0.0,0.0,0.0,0.7514999999999997,0.0,0.0,0.0,0.0,0.5290000000000006,52.7,Warning,Normal,Normal
2026-05-02 19:00:00,oxygen_stress,6.8,25.55,5.11,0.162,0.062,56.19,2.048,1024.5,99.0,22.33,89.26,82.0,-0.9659258262890684,0.2588190451025203,0.8631421280499114,-0.5049610547215204,0.0,0.0,0.0,0.0,0.6225,0.0,0.0,0.0,0.0,0.9260000000000005,43.9,Warning,Normal,Normal
2026-05-02 20:00:00,oxygen_stress,6.8,25.48,5.13,0.142,0.061,55.91,2.049,1023.4,99.0,22.98,89.95,35.0,-0.8660254037844386,0.5000000000000001,0.8631421280499114,-0.5049610547215204,0.0,0.0,0.0,0.0,0.6224999999999995,0.0,0.0,0.0,0.0,0.9950000000000003,44.0,Warning,Normal,Normal
2026-05-02 21:00:00,oxygen_stress,6.79,25.43,5.39,0.112,0.061,56.06,2.022,1026.8,99.0,21.71,90.81,56.0,-0.7071067811865477,0.7071067811865474,0.8631421280499114,-0.5049610547215204,0.0,0.0,0.0,0.0,0.6339999999999998,0.0,0.0,0.0,0.0,1.0,44.8,Warning,Normal,Normal
2026-05-02 22:00:00,oxygen_stress,6.78,25.44,5.54,0.085,0.064,55.31,2.047,1021.3,99.0,22.21,89.56,72.0,-0.5000000000000004,0.8660254037844384,0.8631421280499114,-0.5049610547215204,0.0,0.0,0.0,0.0,0.6175,0.0,0.0,0.0,0.0,0.9560000000000002,43.6,Warning,Normal,Normal
2026-05-02 23:00:00,oxygen_stress,6.77,25.4,5.56,0.099,0.058,55.77,2.032,1029.8,99.0,22.74,89.37,32.0,-0.25881904510252157,0.9659258262890681,0.8631421280499114,-0.5049610547215204,0.0,0.0,0.0,0.0,0.6489999999999998,0.0,0.0,0.0,0.0,0.9370000000000005,45.8,Warning,Normal,Normal
2026-05-03 00:00:00,oxygen_stress,6.75,25.36,5.97,0.085,0.054,55.16,2.059,1026.7,99.0,22.29,89.27,2.0,0.0,1.0,0.854322169749827,-0.5197438121555155,0.0,0.0,0.0,0.0,0.6475000000000001,0.0,0.0,0.0,0.0,0.9269999999999996,45.7,Warning,Normal,Normal
2026-05-03 01:00:00,oxygen_stress,6.78,25.23,6.09,0.09,0.047,54.59,2.023,1020.6,99.0,22.15,89.77,36.0,0.25881904510252074,0.9659258262890683,0.854322169749827,-0.5197438121555155,0.0,0.0,0.0,0.0,0.6030000000000001,0.0,0.0,0.0,0.0,0.9769999999999996,42.6,Warning,Normal,Normal
2026-05-03 02:00:00,fish_stress_combo,6.8,25.44,6.15,0.087,0.071,55.31,2.008,1003.1,99.0,22.21,88.24,27.0,0.49999999999999994,0.8660254037844387,0.854322169749827,-0.5197438121555155,0.0,0.0,0.0,0.0,0.5199999999999997,0.0,0.0,0.0,0.0,0.8239999999999995,36.7,Warning,Normal,Normal
2026-05-03 03:00:00,fish_stress_combo,6.79,25.71,6.15,0.127,0.087,55.61,2.02,1009.8,99.0,22.31,88.23,88.0,0.7071067811865476,0.7071067811865476,0.854322169749827,-0.5197438121555155,0.0,0.0,0.0,0.0,0.5499999999999997,0.0,0.0,0.0,0.0,0.8230000000000004,38.8,Warning,Normal,Normal
2026-05-03 04:00:00,fish_stress_combo,6.79,25.93,6.18,0.148,0.109,55.45,2.035,1023.5,99.0,23.14,86.37,73.0,0.8660254037844386,0.5000000000000001,0.854322169749827,-0.5197438121555155,0.0,0.0,0.0,0.0,0.6175,0.0,0.0,0.0,0.0,0.6370000000000005,43.4,Warning,Normal,Normal
2026-05-03 05:00:00,fish_stress_combo,6.77,26.11,6.13,0.176,0.121,55.0,2.02,1002.2,99.0,23.86,84.32,57.0,0.9659258262890683,0.25881904510252074,0.854322169749827,-0.5197438121555155,0.0,0.0,0.0,0.0,0.5499999999999997,0.0,0.0,0.0,0.0,0.43199999999999933,38.6,Warning,Normal,Normal
2026-05-03 06:00:00,fish_stress_combo,6.76,26.29,6.3,0.209,0.133,54.44,2.02,1004.6,99.0,24.33,83.46,3.0,1.0,6.123233995736766e-17,0.854322169749827,-0.5197438121555155,0.0,0.0,0.0,0.0,0.5499999999999997,0.0,0.0,0.0,0.0,0.34599999999999936,38.5,Warning,Normal,Normal
2026-05-03 07:00:00,fish_stress_combo,6.75,26.55,6.29,0.332,0.15,54.86,2.028,1000.2,99.0,25.07,77.45,3684.0,0.9659258262890683,-0.25881904510252063,0.854322169749827,-0.5197438121555155,0.0,0.0,0.0,0.0,0.5699999999999997,0.0,0.0,0.0,0.0,0.0,39.7,Warning,Normal,Normal
2026-05-03 08:00:00,fish_stress_combo,6.75,26.84,6.28,0.306,0.181,55.4,2.008,1017.4,99.0,27.06,74.66,11222.0,0.8660254037844387,-0.4999999999999998,0.854322169749827,-0.5197438121555155,0.0,0.0,0.0,0.0,0.5869999999999999,0.0,0.0,0.0,0.0,0.0,40.9,Warning,Normal,Normal
2026-05-03 09:00:00,fish_stress_combo,6.75,27.17,6.29,0.294,0.186,55.14,1.983,1000.9,99.0,28.48,71.37,18604.0,0.7071067811865476,-0.7071067811865475,0.854322169749827,-0.5197438121555155,0.0,0.0,0.0,0.0,0.5044999999999998,0.0,0.0,0.0,0.0,0.0,35.2,Warning,Normal,Normal
2026-05-03 10:00:00,fish_stress_combo,6.76,27.46,6.13,0.277,0.179,55.63,1.998,1012.5,99.0,29.88,66.41,25228.0,0.49999999999999994,-0.8660254037844387,0.854322169749827,-0.5197438121555155,0.0,0.0,0.0,0.0,0.5625,0.0,0.0,0.0,0.0,0.0,39.2,Warning,Normal,Normal
2026-05-03 11:00:00,fish_stress_combo,6.76,27.87,5.74,0.283,0.212,55.19,2.008,1003.0,99.0,31.62,65.12,29901.0,0.258819045102521,-0.9659258262890682,0.854322169749827,-0.5197438121555155,0.0,0.0,0.0,0.0,0.5199999999999997,0.0,0.0,0.0,0.0,0.0,36.3,Warning,Normal,Normal
2026-05-03 12:00:00,fish_stress_combo,6.75,28.27,5.6,0.298,0.209,55.26,2.029,1018.0,99.0,31.52,64.15,31583.0,1.2246467991473532e-16,-1.0,0.854322169749827,-0.5197438121555155,0.0,0.0,0.0,0.0,0.59,0.0,0.0,0.0,0.0,0.0,41.1,Warning,Normal,Normal
2026-05-03 13:00:00,fish_stress_combo,6.74,28.52,5.47,0.307,0.24,54.59,2.012,1020.4,99.0,31.66,64.13,34045.0,-0.2588190451025208,-0.9659258262890683,0.854322169749827,-0.5197438121555155,0.0,0.0,0.0,0.0,0.6019999999999999,0.0,0.0,0.0,0.0,0.0,42.0,Warning,Normal,Normal
2026-05-03 14:00:00,fish_stress_combo,6.75,28.78,5.24,0.32,0.27,55.08,2.011,1005.3,99.0,31.24,65.37,28825.0,-0.4999999999999997,-0.8660254037844388,0.854322169749827,-0.5197438121555155,0.0,0.0,0.0,0.0,0.5275,0.0,0.0,0.0,0.0,0.0,36.8,Warning,Normal,Normal
2026-05-03 15:00:00,fish_stress_combo,6.75,28.98,5.22,0.348,0.28,54.96,1.996,1010.8,99.0,30.39,65.25,21252.0,-0.7071067811865471,-0.7071067811865479,0.854322169749827,-0.5197438121555155,0.0,0.0,0.0,0.0,0.5539999999999998,0.0,0.0,0.0,0.0,0.0,38.6,Warning,Normal,Normal
2026-05-03 16:00:00,fish_stress_combo,6.77,29.06,5.13,0.339,0.281,54.72,2.021,1009.1,99.0,28.75,69.39,12601.0,-0.8660254037844385,-0.5000000000000004,0.854322169749827,-0.5197438121555155,0.0,0.0,0.0,0.0,0.5524999999999994,0.0,0.0,0.0,0.0,0.0,38.5,Warning,Normal,Normal
2026-05-03 17:00:00,fish_stress_combo,6.78,29.11,4.87,0.482,0.313,55.46,1.988,999.0,99.0,28.35,67.02,4048.0,-0.9659258262890683,-0.25881904510252063,0.854322169749827,-0.5197438121555155,0.0,0.1299999999999999,0.0,0.0,0.495,0.0,0.0,0.0,0.038999999999999965,0.0,35.1,Warning,Normal,Normal
2026-05-03 18:00:00,fish_stress_combo,6.79,29.16,4.65,0.464,0.31,55.42,1.977,993.2,99.0,26.77,71.76,0.0,-1.0,-1.8369701987210297e-16,0.854322169749827,-0.5197438121555155,0.0,0.34999999999999964,0.0,0.0,0.46600000000000025,0.0,0.0,0.0,0.10499999999999989,0.0,34.1,Warning,Normal,Normal
2026-05-03 19:00:00,fish_stress_combo,6.79,29.25,4.48,0.461,0.339,54.75,2.009,993.8,99.0,26.93,74.75,74.0,-0.9659258262890684,0.2588190451025203,0.854322169749827,-0.5197438121555155,0.0,0.5199999999999996,0.0,0.0,0.5224999999999994,0.0,0.0,0.0,0.15599999999999986,0.0,42.5,Warning,Normal,Normal
2026-05-03 20:00:00,fish_stress_combo,6.77,29.29,4.63,0.452,0.34,55.27,1.994,993.3,99.0,27.04,72.55,25.0,-0.8660254037844386,0.5000000000000001,0.854322169749827,-0.5197438121555155,0.0,0.3700000000000001,0.0,0.0,0.4849999999999997,0.0,0.0,0.0,0.11100000000000003,0.0,35.5,Warning,Normal,Normal
2026-05-03 21:00:00,fish_stress_combo,6.77,29.36,4.88,0.451,0.339,55.06,1.981,999.0,99.0,27.57,74.03,40.0,-0.7071067811865477,0.7071067811865474,0.854322169749827,-0.5197438121555155,0.0,0.1200000000000001,0.0,0.0,0.495,0.0,0.0,0.0,0.03600000000000003,0.0,35.1,Warning,Normal,Normal
2026-05-03 22:00:00,fish_stress_combo,6.79,29.43,4.85,0.436,0.346,55.03,2.001,984.8,99.0,28.53,72.43,46.0,-0.5000000000000004,0.8660254037844384,0.854322169749827,-0.5197438121555155,0.0,0.15000000000000036,0.0,0.0,0.5024999999999994,0.0,0.0,0.0,0.0450000000000001,0.0,35.7,Warning,Normal,Normal
2026-05-03 23:00:00,fish_stress_combo,6.78,29.42,4.65,0.433,0.363,55.76,2.007,989.7,99.0,28.23,72.84,85.0,-0.25881904510252157,0.9659258262890681,0.854322169749827,-0.5197438121555155,0.0,0.34999999999999964,0.0,0.0,0.5175,0.0,0.0,0.0,0.10499999999999989,0.0,37.7,Warning,Normal,Normal
2026-05-04 00:00:00,fish_stress_combo,6.79,29.43,4.71,0.423,0.353,55.69,2.025,1013.9,99.0,28.44,71.78,108.0,0.0,1.0,0.8452490573530633,-0.5343725582809786,0.0,0.29000000000000004,0.0,0.0,0.5694999999999999,0.0,0.0,0.0,0.08700000000000001,0.0,41.0,Warning,Normal,Normal
2026-05-04 01:00:00,fish_stress_combo,6.79,29.39,4.76,0.431,0.37,56.09,2.003,1005.3,99.0,27.91,70.91,35.0,0.25881904510252074,0.9659258262890683,0.8452490573530633,-0.5343725582809786,0.0,0.2400000000000002,0.0,0.0,0.5264999999999997,0.0,0.0,0.0,0.07200000000000006,0.0,37.8,Warning,Normal,Normal
2026-05-04 02:00:00,fish_stress_combo,6.78,29.33,4.84,0.424,0.363,56.62,2.002,994.7,99.0,27.7,72.69,57.0,0.49999999999999994,0.8660254037844387,0.8452490573530633,-0.5343725582809786,0.0,0.16000000000000014,0.0,0.0,0.5049999999999991,0.0,0.0,0.0,0.04800000000000004,0.0,35.9,Warning,Normal,Normal
2026-05-04 03:00:00,fish_stress_combo,6.79,29.29,4.97,0.416,0.377,56.44,1.992,983.4,99.0,27.65,71.28,12.0,0.7071067811865476,0.7071067811865476,0.8452490573530633,-0.5343725582809786,0.0,0.03000000000000025,0.0,0.0,0.4799999999999997,0.0,0.0,0.0,0.009000000000000074,0.0,33.6,Warning,Normal,Normal
2026-05-04 04:00:00,fish_stress_combo,6.8,29.23,4.89,0.378,0.362,56.19,1.963,990.5,99.0,28.45,71.56,45.0,0.8660254037844386,0.5000000000000001,0.8452490573530633,-0.5343725582809786,0.0,0.11000000000000032,0.0,0.0,0.4525,0.0,0.0,0.0,0.03300000000000009,0.0,32.0,Warning,Normal,Normal
2026-05-04 05:00:00,fish_stress_combo,6.79,29.12,4.83,0.387,0.373,55.89,1.995,981.2,99.0,28.24,70.49,29.0,0.9659258262890683,0.25881904510252074,0.8452490573530633,-0.5343725582809786,0.0,0.16999999999999993,0.0,0.0,0.4875,0.0,0.0,0.0,0.050999999999999976,0.0,34.8,Warning,Normal,Normal
2026-05-04 06:00:00,fish_stress_combo,6.79,29.03,4.97,0.395,0.381,56.05,2.012,998.5,99.0,27.36,71.93,48.0,1.0,6.123233995736766e-17,0.8452490573530633,-0.5343725582809786,0.0,0.03000000000000025,0.0,0.0,0.5299999999999997,0.0,0.0,0.0,0.009000000000000074,0.0,37.1,Warning,Normal,Normal
2026-05-04 07:00:00,fish_stress_combo,6.78,28.97,4.63,0.502,0.373,56.45,1.999,1018.6,99.0,28.97,65.99,4460.0,0.9659258262890683,-0.25881904510252063,0.8452490573530633,-0.5343725582809786,0.0,0.3700000000000001,0.0040000000000000036,0.0,0.5930000000000001,0.0,0.0,0.0,0.11180000000000002,0.0,43.0,Warning,Normal,Normal
2026-05-04 08:00:00,fish_stress_combo,6.78,28.96,4.47,0.459,0.37,56.3,2.015,996.8,99.0,29.98,66.65,12353.0,0.8660254037844387,-0.4999999999999998,0.8452490573530633,-0.5343725582809786,0.0,0.5300000000000002,0.0,0.0,0.5375,0.0,0.0,0.0,0.15900000000000006,0.0,43.3,Warning,Normal,Normal
2026-05-04 09:00:00,fish_stress_combo,6.78,28.9,4.46,0.437,0.371,55.8,2.023,1002.8,99.0,30.55,63.78,20802.0,0.7071067811865476,-0.7071067811865475,0.8452490573530633,-0.5343725582809786,0.0,0.54,0.0,0.0,0.5575,0.0,0.0,0.0,0.162,0.0,44.2,Warning,Normal,Normal
2026-05-04 10:00:00,fish_stress_combo,6.75,28.91,4.87,0.432,0.346,56.53,2.014,990.1,99.0,32.15,60.83,29400.0,0.49999999999999994,-0.8660254037844387,0.8452490573530633,-0.5343725582809786,0.0,0.1299999999999999,0.0,0.0,0.5349999999999991,0.0,0.0,0.0,0.038999999999999965,0.049999999999999524,37.9,Warning,Normal,Normal
2026-05-04 11:00:00,fish_stress_combo,6.75,28.92,4.65,0.383,0.354,56.89,2.001,1009.1,99.0,33.26,60.61,34759.0,0.258819045102521,-0.9659258262890682,0.8452490573530633,-0.5343725582809786,0.0,0.34999999999999964,0.0,0.0,0.5455000000000001,0.0,0.0,0.0,0.10499999999999989,0.4199999999999993,39.8,Warning,Normal,Normal
2026-05-04 12:00:00,fish_stress_combo,6.74,28.86,4.93,0.386,0.33,56.29,2.015,1003.0,99.0,33.58,61.25,36720.0,1.2246467991473532e-16,-1.0,0.8452490573530633,-0.5343725582809786,0.0,0.07000000000000028,0.0,0.0,0.5375,0.0,0.0,0.0,0.021000000000000085,0.5266666666666661,38.1,Warning,Normal,Normal
2026-05-04 13:00:00,fish_stress_combo,6.75,28.73,5.08,0.326,0.322,55.78,2.01,1008.9,99.0,33.0,63.19,33396.0,-0.2588190451025208,-0.9659258262890683,0.8452490573530633,-0.5343725582809786,0.0,0.0,0.0,0.0,0.5444999999999999,0.0,0.0,0.0,0.0,0.3333333333333333,38.2,Warning,Normal,Normal
2026-05-04 14:00:00,fish_stress_combo,6.75,28.66,5.23,0.34,0.305,55.99,1.997,1016.1,99.0,31.24,63.72,28139.0,-0.4999999999999997,-0.8660254037844388,0.8452490573530633,-0.5343725582809786,0.0,0.0,0.0,0.0,0.5805000000000001,0.0,0.0,0.0,0.0,0.0,40.5,Warning,Normal,Normal
2026-05-04 15:00:00,fish_stress_combo,6.75,28.45,5.43,0.297,0.305,56.44,1.988,1005.4,99.0,30.68,66.45,20885.0,-0.7071067811865471,-0.7071067811865479,0.8452490573530633,-0.5343725582809786,0.0,0.0,0.0,0.0,0.5269999999999999,0.0,0.0,0.0,0.0,0.0,36.7,Warning,Normal,Normal
2026-05-04 16:00:00,fish_stress_combo,6.75,28.31,5.48,0.281,0.288,56.57,2.005,1011.0,99.0,28.28,70.63,12098.0,-0.8660254037844385,-0.5000000000000004,0.8452490573530633,-0.5343725582809786,0.0,0.0,0.0,0.0,0.555,0.0,0.0,0.0,0.0,0.0,38.7,Warning,Normal,Normal
2026-05-04 17:00:00,fish_stress_combo,6.75,28.18,5.75,0.395,0.29,55.92,2.051,1007.5,99.0,27.16,72.7,4514.0,-0.9659258262890683,-0.25881904510252063,0.8452490573530633,-0.5343725582809786,0.0,0.0,0.0,0.0,0.6275000000000001,0.0,0.0,0.0,0.0,0.0,43.8,Warning,Normal,Normal
2026-05-04 18:00:00,feeding_ammonia,6.75,27.89,6.1,0.425,0.266,56.34,2.029,1012.7,99.0,26.17,74.7,0.0,-1.0,-1.8369701987210297e-16,0.8452490573530633,-0.5343725582809786,0.0,0.0,0.0,0.0,0.5724999999999995,0.0,0.0,0.0,0.0,0.0,39.9,Warning,Normal,Normal
2026-05-04 19:00:00,feeding_ammonia,6.76,27.58,6.07,0.41,0.252,56.61,2.024,1006.2,99.0,25.42,83.56,51.0,-0.9659258262890684,0.2588190451025203,0.8452490573530633,-0.5343725582809786,0.0,0.0,0.0,0.0,0.5599999999999997,0.0,0.0,0.0,0.0,0.3560000000000002,39.2,Warning,Normal,Normal
2026-05-04 20:00:00,feeding_ammonia,6.76,27.32,6.13,0.464,0.245,55.59,2.004,1016.3,99.0,25.16,82.6,7.0,-0.8660254037844386,0.5000000000000001,0.8452490573530633,-0.5343725582809786,0.0,0.0,0.0,0.0,0.5814999999999998,0.0,0.0,0.0,0.0,0.25999999999999945,40.7,Warning,Normal,Normal
2026-05-04 21:00:00,feeding_ammonia,6.75,27.06,6.23,0.49,0.237,56.27,2.006,996.6,99.0,25.16,82.2,65.0,-0.7071067811865477,0.7071067811865474,0.8452490573530633,-0.5343725582809786,0.0,0.0,0.0,0.0,0.5149999999999991,0.0,0.0,0.0,0.0,0.22000000000000028,36.0,Warning,Normal,Normal
2026-05-04 22:00:00,feeding_ammonia,6.75,26.76,6.48,0.522,0.2,56.7,1.98,996.2,99.0,24.63,83.19,75.0,-0.5000000000000004,0.8660254037844384,0.8452490573530633,-0.5343725582809786,0.0,0.0,0.04400000000000004,0.0,0.4810000000000002,0.0,0.0,0.0,0.008800000000000007,0.3189999999999998,33.9,Warning,Normal,Normal
2026-05-04 23:00:00,feeding_ammonia,6.74,26.55,6.68,0.495,0.17,56.17,1.975,994.8,99.0,25.07,84.34,72.0,-0.25881904510252157,0.9659258262890681,0.8452490573530633,-0.5343725582809786,0.0,0.0,0.0,0.0,0.47399999999999975,0.0,0.0,0.0,0.0,0.43400000000000033,33.3,Warning,Normal,Normal
2026-05-05 00:00:00,feeding_ammonia,6.75,26.27,6.88,0.525,0.159,56.13,1.956,994.1,99.0,24.59,83.11,69.0,0.0,1.0,0.8359254794186372,-0.548842958284719,0.0,0.0,0.050000000000000044,0.0,0.47050000000000014,0.0,0.0,0.0,0.010000000000000009,0.31099999999999994,33.2,Warning,Normal,Normal
2026-05-05 01:00:00,feeding_ammonia,6.76,25.99,6.96,0.56,0.133,56.39,1.978,995.2,99.0,23.79,86.89,67.0,0.25881904510252074,0.9659258262890683,0.8359254794186372,-0.548842958284719,0.0,0.0,0.1200000000000001,0.0,0.4760000000000002,0.0,0.0,0.0,0.02400000000000002,0.6890000000000001,34.1,Warning,Normal,Normal
2026-05-05 02:00:00,feeding_ammonia,6.76,25.68,7.05,0.547,0.133,56.1,1.988,1004.8,99.0,23.0,88.07,32.0,0.49999999999999994,0.8660254037844387,0.8359254794186372,-0.548842958284719,0.0,0.0,0.09400000000000008,0.0,0.5239999999999998,0.0,0.0,0.0,0.018800000000000018,0.8069999999999993,37.4,Warning,Normal,Normal
2026-05-05 03:00:00,feeding_ammonia,6.75,25.39,7.42,0.575,0.122,57.43,2.005,976.9,99.0,23.49,87.56,33.0,0.7071067811865476,0.7071067811865476,0.8359254794186372,-0.548842958284719,0.0,0.0,0.1499999999999999,0.0,0.5124999999999994,0.0,0.0,0.0,0.029999999999999985,0.7560000000000002,36.8,Warning,Normal,Normal
2026-05-05 04:00:00,feeding_ammonia,6.75,25.35,7.35,0.596,0.128,56.4,1.985,990.9,99.0,22.77,89.61,50.0,0.8660254037844386,0.5000000000000001,0.8359254794186372,-0.548842958284719,0.0,0.0,0.19199999999999995,0.0,0.46249999999999997,0.0,0.0,0.0,0.03839999999999999,0.961,34.8,Warning,Normal,Normal
2026-05-05 05:00:00,feeding_ammonia,6.74,25.35,7.21,0.659,0.13,56.28,1.983,992.8,99.0,23.73,88.46,66.0,0.9659258262890683,0.25881904510252074,0.8359254794186372,-0.548842958284719,0.0,0.0,0.31800000000000006,0.0,0.46399999999999975,0.0,0.0,0.0,0.06360000000000002,0.8459999999999994,34.1,Warning,Normal,Normal
2026-05-05 06:00:00,feeding_ammonia,6.76,25.31,7.21,0.687,0.163,56.86,1.993,997.2,99.0,22.87,88.67,11.0,1.0,6.123233995736766e-17,0.8359254794186372,-0.548842958284719,0.0,0.0,0.3740000000000001,0.0,0.4860000000000002,0.0,0.0,0.0,0.07480000000000002,0.8670000000000002,35.9,Warning,Normal,Normal
2026-05-05 07:00:00,feeding_ammonia,6.76,25.35,7.26,0.858,0.188,56.68,1.997,1009.2,99.0,24.23,82.51,3953.0,0.9659258262890683,-0.25881904510252063,0.8359254794186372,-0.548842958284719,0.0,0.0,0.716,0.0,0.5460000000000003,0.0,0.0,0.0,0.1432,0.2510000000000005,57.9,Warning,Normal,Normal
2026-05-05 08:00:00,feeding_ammonia,6.77,25.32,7.2,0.854,0.194,56.43,2.011,989.3,99.0,25.93,78.83,12236.0,0.8660254037844387,-0.4999999999999998,0.8359254794186372,-0.548842958284719,0.0,0.0,0.708,0.0,0.5275,0.0,0.0,0.0,0.1416,0.0,57.1,Warning,Normal,Normal
2026-05-05 09:00:00,feeding_ammonia,6.76,25.49,7.03,0.876,0.195,56.85,2.011,1011.9,99.0,27.12,77.82,20998.0,0.7071067811865476,-0.7071067811865475,0.8359254794186372,-0.548842958284719,0.0,0.0,0.752,0.0,0.5594999999999999,0.0,0.0,0.0,0.1504,0.0,60.7,Warning,Normal,Normal
2026-05-05 10:00:00,feeding_ammonia,6.77,25.68,7.04,0.897,0.194,56.23,1.998,1002.4,99.0,28.14,73.84,28098.0,0.49999999999999994,-0.8660254037844387,0.8359254794186372,-0.548842958284719,0.0,0.0,0.794,0.0,0.5119999999999999,0.0,0.0,0.0,0.15880000000000002,0.0,63.9,Warning,Normal,Normal
2026-05-05 11:00:00,feeding_ammonia,6.77,25.87,7.04,0.909,0.215,56.49,2.02,1017.4,99.0,29.48,74.71,34221.0,0.258819045102521,-0.9659258262890682,0.8359254794186372,-0.548842958284719,0.0,0.0,0.8180000000000001,0.0,0.5869999999999999,0.0,0.0,0.0,0.16360000000000002,0.0,65.9,Warning,Normal,Normal
2026-05-05 12:00:00,feeding_ammonia,6.77,26.0,6.89,0.926,0.223,56.12,1.995,1006.3,99.0,29.81,71.87,35634.0,1.2246467991473532e-16,-1.0,0.8359254794186372,-0.548842958284719,0.0,0.0,0.8520000000000001,0.0,0.5314999999999998,0.0,0.0,0.0,0.17040000000000002,0.0,68.5,Warning,Amonia tinggi,Amonia tinggi
2026-05-05 13:00:00,feeding_ammonia,6.78,26.11,6.8,0.923,0.233,56.73,1.992,1020.9,99.0,29.8,73.63,29433.0,-0.2588190451025208,-0.9659258262890683,0.8359254794186372,-0.548842958284719,0.0,0.0,0.8460000000000001,0.0,0.6044999999999999,0.0,0.0,0.0,0.16920000000000002,0.0,68.2,Warning,Normal,Normal
2026-05-05 14:00:00,feeding_ammonia,6.78,26.24,6.89,0.941,0.239,55.74,2.02,1009.6,99.0,29.53,74.35,23858.0,-0.4999999999999997,-0.8660254037844388,0.8359254794186372,-0.548842958284719,0.0,0.0,0.8819999999999999,0.0,0.5499999999999997,0.0,0.0,0.0,0.1764,0.0,70.9,Critical,Amonia tinggi,Amonia tinggi
2026-05-05 15:00:00,feeding_ammonia,6.79,26.23,7.0,0.913,0.262,55.82,1.993,995.8,99.0,27.6,78.96,17935.0,-0.7071067811865471,-0.7071067811865479,0.8359254794186372,-0.548842958284719,0.0,0.0,0.8260000000000001,0.0,0.4825,0.0,0.0,0.0,0.1652,0.0,66.3,Warning,Normal,Normal
2026-05-05 16:00:00,feeding_ammonia,6.79,26.25,6.79,0.911,0.246,55.76,2.008,1020.9,99.0,25.64,80.31,10443.0,-0.8660254037844385,-0.5000000000000004,0.8359254794186372,-0.548842958284719,0.0,0.0,0.8220000000000001,0.0,0.6044999999999999,0.0,0.0,0.0,0.16440000000000002,0.03100000000000023,66.3,Warning,Normal,Normal
2026-05-05 17:00:00,feeding_ammonia,6.8,26.14,7.09,1.021,0.273,55.9,2.018,1025.8,99.0,24.47,81.98,3961.0,-0.9659258262890683,-0.25881904510252063,0.8359254794186372,-0.548842958284719,0.0,0.0,1.0,0.0,0.6289999999999998,0.0,0.0,0.0,0.2,0.1980000000000004,80.5,Critical,Amonia tinggi,Amonia tinggi
2026-05-05 18:00:00,feeding_ammonia,6.82,26.1,6.9,1.002,0.265,55.68,2.014,1014.1,99.0,23.83,83.17,1125.0,-1.0,-1.8369701987210297e-16,0.8359254794186372,-0.548842958284719,0.0,0.0,1.0,0.0,0.5705000000000001,0.0,0.0,0.0,0.2,0.31700000000000017,80.5,Critical,Amonia tinggi,Amonia tinggi
2026-05-05 19:00:00,feeding_ammonia,6.83,25.95,6.9,0.968,0.286,55.97,2.008,1008.3,99.0,23.76,87.3,7.0,-0.9659258262890684,0.2588190451025203,0.8359254794186372,-0.548842958284719,0.0,0.0,0.9359999999999999,0.0,0.5414999999999998,0.0,0.0,0.0,0.1872,0.7299999999999998,75.6,Critical,Amonia tinggi,Amonia tinggi
2026-05-05 20:00:00,feeding_ammonia,6.82,25.84,6.96,0.944,0.295,55.68,1.987,1010.8,99.0,24.44,87.48,4.0,-0.8660254037844386,0.5000000000000001,0.8359254794186372,-0.548842958284719,0.0,0.0,0.8879999999999999,0.0,0.5539999999999998,0.0,0.0,0.0,0.17759999999999998,0.7480000000000004,71.8,Critical,Amonia tinggi,Amonia tinggi
2026-05-05 21:00:00,feeding_ammonia,6.84,25.78,7.16,0.913,0.291,55.46,2.032,1027.4,99.0,23.5,88.47,48.0,-0.7071067811865477,0.7071067811865474,0.8359254794186372,-0.548842958284719,0.0,0.0,0.8260000000000001,0.0,0.6370000000000005,0.0,0.0,0.0,0.1652,0.8469999999999999,67.2,Warning,Normal,Normal
2026-05-05 22:00:00,feeding_ammonia,6.83,25.73,7.05,0.877,0.297,55.83,2.031,987.2,99.0,24.17,87.19,29.0,-0.5000000000000004,0.8660254037844384,0.8359254794186372,-0.548842958284719,0.0,0.0,0.754,0.0,0.5775,0.0,0.0,0.0,0.15080000000000002,0.7189999999999998,61.3,Warning,Normal,Normal
2026-05-05 23:00:00,feeding_ammonia,6.85,25.7,7.25,0.842,0.285,55.63,2.015,999.9,99.0,24.45,86.66,43.0,-0.25881904510252157,0.9659258262890681,0.8359254794186372,-0.548842958284719,0.0,0.0,0.6839999999999999,0.0,0.5375,0.0,0.0,0.0,0.1368,0.6659999999999997,55.6,Warning,Normal,Normal
2026-05-06 00:00:00,feeding_ammonia,6.84,25.66,7.16,0.818,0.304,56.29,2.0,1002.7,99.0,24.07,86.55,41.0,0.0,1.0,0.8263541987239096,-0.5631507242749186,0.0,0.0,0.6359999999999999,0.0,0.5135000000000002,0.0,0.0,0.0,0.12719999999999998,0.6549999999999997,51.8,Warning,Normal,Normal
2026-05-06 01:00:00,feeding_ammonia,6.84,25.59,7.31,0.793,0.286,54.84,2.017,1002.6,99.0,23.97,87.33,54.0,0.25881904510252074,0.9659258262890683,0.8263541987239096,-0.5631507242749186,0.0,0.0,0.5860000000000001,0.0,0.5424999999999994,0.0,0.0,0.0,0.11720000000000003,0.7329999999999999,47.9,Warning,Normal,Normal
2026-05-06 02:00:00,feeding_ammonia,6.86,25.57,7.09,0.719,0.295,55.76,2.015,1020.4,99.0,23.75,88.16,49.0,0.49999999999999994,0.8660254037844387,0.8263541987239096,-0.5631507242749186,0.0,0.0,0.43799999999999994,0.0,0.6019999999999999,0.0,0.0,0.0,0.0876,0.8159999999999996,44.2,Warning,Normal,Normal
2026-05-06 03:00:00,feeding_ammonia,6.87,25.52,7.17,0.695,0.274,55.67,2.019,1001.0,99.0,24.26,87.94,80.0,0.7071067811865476,0.7071067811865476,0.8263541987239096,-0.5631507242749186,0.0,0.0,0.3899999999999999,0.0,0.5475,0.0,0.0,0.0,0.07799999999999999,0.7939999999999998,40.2,Warning,Normal,Normal
2026-05-06 04:00:00,feeding_ammonia,6.86,25.5,7.19,0.643,0.276,55.11,1.995,1013.1,99.0,24.32,87.95,19.0,0.8660254037844386,0.5000000000000001,0.8263541987239096,-0.5631507242749186,0.0,0.0,0.28600000000000003,0.0,0.5655000000000001,0.0,0.0,0.0,0.05720000000000001,0.7950000000000003,41.0,Warning,Normal,Normal
2026-05-06 05:00:00,feeding_ammonia,6.89,25.48,7.24,0.586,0.275,55.48,2.008,986.8,99.0,24.13,89.71,37.0,0.9659258262890683,0.25881904510252074,0.8263541987239096,-0.5631507242749186,0.0,0.0,0.17199999999999993,0.0,0.5199999999999997,0.0,0.0,0.0,0.034399999999999986,0.9709999999999994,37.5,Warning,Normal,Normal
2026-05-06 06:00:00,feeding_ammonia,6.88,25.41,7.19,0.57,0.265,55.65,2.038,1014.7,99.0,23.77,88.99,44.0,1.0,6.123233995736766e-17,0.8263541987239096,-0.5631507242749186,0.0,0.0,0.1399999999999999,0.0,0.5949999999999992,0.0,0.0,0.0,0.027999999999999983,0.8989999999999995,42.5,Warning,Normal,Normal
2026-05-06 07:00:00,feeding_ammonia,6.88,25.34,7.18,0.64,0.26,55.18,2.0,1023.4,99.0,25.01,79.73,3634.0,0.9659258262890683,-0.25881904510252063,0.8263541987239096,-0.5631507242749186,0.0,0.0,0.28,0.0,0.6169999999999999,0.0,0.0,0.0,0.05600000000000001,0.0,44.1,Warning,Normal,Normal
2026-05-06 08:00:00,feeding_ammonia,6.88,25.39,6.96,0.575,0.277,56.16,2.036,1023.0,99.0,26.26,79.21,9815.0,0.8660254037844387,-0.4999999999999998,0.8263541987239096,-0.5631507242749186,0.0,0.0,0.1499999999999999,0.0,0.615,0.0,0.0,0.0,0.029999999999999985,0.0,43.5,Warning,Normal,Normal
2026-05-06 09:00:00,feeding_ammonia,6.88,25.55,7.0,0.529,0.245,56.19,2.022,1010.2,99.0,28.01,76.35,17906.0,0.7071067811865476,-0.7071067811865475,0.8263541987239096,-0.5631507242749186,0.0,0.0,0.05800000000000005,0.0,0.5549999999999992,0.0,0.0,0.0,0.011600000000000011,0.0,38.9,Warning,Normal,Normal
2026-05-06 10:00:00,feeding_ammonia,6.88,25.68,7.6,0.454,0.253,56.23,2.054,1013.8,99.0,29.17,77.21,24080.0,0.49999999999999994,-0.8660254037844387,0.8263541987239096,-0.5631507242749186,0.0,0.0,0.0,0.0,0.6349999999999992,0.0,0.0,0.0,0.0,0.0,44.3,Warning,Normal,Normal
2026-05-06 11:00:00,feeding_ammonia,6.88,25.72,7.38,0.378,0.238,55.94,2.01,1015.1,99.0,29.86,74.32,28891.0,0.258819045102521,-0.9659258262890682,0.8263541987239096,-0.5631507242749186,0.0,0.0,0.0,0.0,0.5755000000000001,0.0,0.0,0.0,0.0,0.0,40.1,Warning,Normal,Normal
2026-05-06 12:00:00,feeding_ammonia,6.88,25.86,7.36,0.289,0.228,55.76,2.036,1023.3,99.0,30.65,73.9,30244.0,1.2246467991473532e-16,-1.0,0.8263541987239096,-0.5631507242749186,0.0,0.0,0.0,0.0,0.6164999999999998,0.0,0.0,0.0,0.0,0.0,43.0,Warning,Normal,Normal
2026-05-06 13:00:00,feeding_ammonia,6.87,26.02,7.32,0.21,0.216,55.59,2.042,1008.7,99.0,30.98,73.59,31430.0,-0.2588190451025208,-0.9659258262890683,0.8263541987239096,-0.5631507242749186,0.0,0.0,0.0,0.0,0.6049999999999992,0.0,0.0,0.0,0.0,0.0,42.2,Warning,Normal,Normal
2026-05-06 14:00:00,feeding_ammonia,6.85,26.02,7.48,0.168,0.176,56.12,2.01,1000.9,99.0,29.9,73.06,26682.0,-0.4999999999999997,-0.8660254037844388,0.8263541987239096,-0.5631507242749186,0.0,0.0,0.0,0.0,0.5249999999999991,0.0,0.0,0.0,0.0,0.0,36.6,Warning,Normal,Normal
2026-05-06 15:00:00,feeding_ammonia,6.85,26.07,7.42,0.11,0.184,55.14,2.027,1002.4,99.0,28.0,78.03,18956.0,-0.7071067811865471,-0.7071067811865479,0.8263541987239096,-0.5631507242749186,0.0,0.0,0.0,0.0,0.5675,0.0,0.0,0.0,0.0,0.0,39.6,Warning,Normal,Normal
2026-05-06 16:00:00,normal,6.84,26.02,7.68,0.095,0.178,55.66,2.024,1009.6,99.0,27.2,77.02,11517.0,-0.8660254037844385,-0.5000000000000004,0.8263541987239096,-0.5631507242749186,0.0,0.0,0.0,0.0,0.5599999999999997,0.0,0.0,0.0,0.0,0.0,39.0,Warning,Normal,Normal
2026-05-06 17:00:00,normal,6.84,26.01,7.6,0.218,0.154,55.73,2.032,1008.2,99.0,25.15,80.83,4308.0,-0.9659258262890683,-0.25881904510252063,0.8263541987239096,-0.5631507242749186,0.0,0.0,0.0,0.0,0.5799999999999997,0.0,0.0,0.0,0.0,0.08299999999999982,40.5,Warning,Normal,Normal
2026-05-06 18:00:00,normal,6.85,26.01,7.71,0.202,0.155,56.18,2.022,1013.4,99.0,25.45,79.15,429.0,-1.0,-1.8369701987210297e-16,0.8263541987239096,-0.5631507242749186,0.0,0.0,0.0,0.0,0.5669999999999998,0.0,0.0,0.0,0.0,0.0,39.5,Warning,Normal,Normal
2026-05-06 19:00:00,biofilter_nitrite,6.85,26.0,7.6,0.204,0.197,56.18,2.011,1006.4,99.0,24.93,86.12,28.0,-0.9659258262890684,0.2588190451025203,0.8263541987239096,-0.5631507242749186,0.0,0.0,0.0,0.0,0.5319999999999999,0.0,0.0,0.0,0.0,0.6120000000000004,37.4,Warning,Normal,Normal
2026-05-06 20:00:00,biofilter_nitrite,6.83,25.92,7.72,0.198,0.228,57.01,2.016,1006.9,99.0,25.3,87.76,57.0,-0.8660254037844386,0.5000000000000001,0.8263541987239096,-0.5631507242749186,0.0,0.0,0.0,0.0,0.5399999999999997,0.0,0.0,0.0,0.0,0.7760000000000005,38.1,Warning,Normal,Normal
2026-05-06 21:00:00,biofilter_nitrite,6.83,25.87,7.56,0.204,0.274,56.95,2.021,1016.8,99.0,25.41,87.66,79.0,-0.7071067811865477,0.7071067811865474,0.8263541987239096,-0.5631507242749186,0.0,0.0,0.0,0.0,0.5839999999999997,0.0,0.0,0.0,0.0,0.7659999999999997,41.1,Warning,Normal,Normal
2026-05-06 22:00:00,biofilter_nitrite,6.82,25.92,7.56,0.222,0.31,56.26,2.011,1016.2,99.0,25.48,85.42,17.0,-0.5000000000000004,0.8660254037844384,0.8263541987239096,-0.5631507242749186,0.0,0.0,0.0,0.0,0.5810000000000002,0.0,0.0,0.0,0.0,0.5420000000000001,40.8,Warning,Normal,Normal
2026-05-06 23:00:00,biofilter_nitrite,6.82,25.9,7.48,0.224,0.347,56.38,1.989,1006.5,99.0,24.69,86.86,63.0,-0.25881904510252157,0.9659258262890681,0.8263541987239096,-0.5631507242749186,0.0,0.0,0.0,0.0,0.5325,0.0,0.0,0.0,0.0,0.6859999999999999,37.5,Warning,Normal,Normal
2026-05-07 00:00:00,biofilter_nitrite,6.82,25.82,7.59,0.258,0.406,56.74,2.009,1013.1,99.0,25.29,85.19,60.0,0.0,1.0,0.8165380514459161,-0.5772916165517272,0.0,0.0,0.0,0.0,0.5655000000000001,0.0,0.0,0.0,0.0,0.5189999999999998,39.7,Warning,Normal,Normal
2026-05-07 01:00:00,biofilter_nitrite,6.8,25.73,7.48,0.235,0.457,56.69,1.966,975.5,99.0,25.21,87.02,87.0,0.25881904510252074,0.9659258262890683,0.8165380514459161,-0.5772916165517272,0.0,0.0,0.0,0.0,0.4149999999999997,0.0,0.0,0.0,0.0,0.7019999999999996,29.3,Normal,Normal,Normal
2026-05-07 02:00:00,biofilter_nitrite,6.82,25.73,7.42,0.243,0.502,56.93,1.968,993.3,99.0,24.85,86.24,65.0,0.49999999999999994,0.8660254037844387,0.8165380514459161,-0.5772916165517272,0.0,0.0,0.0,0.0040000000000000036,0.46649999999999975,0.0,0.0,0.0,0.0006800000000000007,0.6239999999999994,32.9,Warning,Normal,Normal
2026-05-07 03:00:00,biofilter_nitrite,6.81,25.75,7.59,0.277,0.534,57.34,1.985,987.1,99.0,24.97,91.35,58.0,0.7071067811865476,0.7071067811865476,0.8165380514459161,-0.5772916165517272,0.0,0.0,0.0,0.06800000000000006,0.46249999999999997,0.0,0.0,0.0,0.011560000000000011,1.0,35.6,Warning,Normal,Normal
2026-05-07 04:00:00,biofilter_nitrite,6.8,25.71,7.45,0.256,0.598,57.01,1.959,989.0,99.0,25.47,87.14,36.0,0.8660254037844386,0.5000000000000001,0.8165380514459161,-0.5772916165517272,0.0,0.0,0.0,0.19599999999999995,0.445,0.0,0.0,0.0,0.033319999999999995,0.7140000000000001,32.2,Warning,Normal,Normal
2026-05-07 05:00:00,biofilter_nitrite,6.81,25.63,7.53,0.257,0.625,57.46,1.972,983.7,99.0,25.88,86.89,43.0,0.9659258262890683,0.25881904510252074,0.8165380514459161,-0.5772916165517272,0.0,0.0,0.0,0.25,0.42999999999999966,0.0,0.0,0.0,0.0425,0.6890000000000001,31.3,Warning,Normal,Normal
2026-05-07 06:00:00,biofilter_nitrite,6.81,25.61,7.69,0.263,0.672,57.13,1.969,989.9,99.0,25.58,85.09,64.0,1.0,6.123233995736766e-17,0.8165380514459161,-0.5772916165517272,0.0,0.0,0.0,0.3440000000000001,0.4494999999999999,0.0,0.0,0.0,0.05848000000000002,0.5090000000000003,32.9,Warning,Normal,Normal
2026-05-07 07:00:00,biofilter_nitrite,6.81,25.71,7.4,0.395,0.685,58.18,2.002,1001.0,99.0,26.71,79.83,3324.0,0.9659258262890683,-0.25881904510252063,0.8165380514459161,-0.5772916165517272,0.0,0.0,0.0,0.3700000000000001,0.505,0.0,0.0,0.0,0.06290000000000003,0.0,36.6,Warning,Normal,Normal
2026-05-07 08:00:00,biofilter_nitrite,6.8,25.82,7.45,0.391,0.715,57.59,1.991,1005.7,99.0,27.59,77.89,11584.0,0.8660254037844387,-0.4999999999999998,0.8165380514459161,-0.5772916165517272,0.0,0.0,0.0,0.42999999999999994,0.5285000000000002,0.0,0.0,0.0,0.0731,0.0,38.5,Warning,Normal,Normal
2026-05-07 09:00:00,biofilter_nitrite,6.8,25.87,7.24,0.37,0.742,58.13,1.975,987.7,99.0,28.98,73.52,19323.0,0.7071067811865476,-0.7071067811865475,0.8165380514459161,-0.5772916165517272,0.0,0.0,0.0,0.484,0.4385000000000002,0.0,0.0,0.0,0.08228,0.0,39.1,Warning,Normal,Normal
2026-05-07 10:00:00,biofilter_nitrite,6.8,26.02,7.1,0.346,0.74,58.62,2.0,996.2,99.0,30.41,72.23,26259.0,0.49999999999999994,-0.8660254037844387,0.8165380514459161,-0.5772916165517272,0.0,0.0,0.0,0.48,0.4999999999999997,0.0,0.0,0.0,0.0816,0.0,38.9,Warning,Normal,Normal
2026-05-07 11:00:00,biofilter_nitrite,6.82,26.06,7.11,0.344,0.761,57.83,1.961,992.5,99.0,31.58,70.07,32076.0,0.258819045102521,-0.9659258262890682,0.8165380514459161,-0.5772916165517272,0.0,0.0,0.0,0.522,0.4625,0.0,0.0,0.0,0.08874000000000001,0.0,42.1,Warning,Normal,Normal
2026-05-07 12:00:00,biofilter_nitrite,6.81,26.22,7.02,0.317,0.751,58.66,1.998,985.7,99.0,31.5,71.11,34232.0,1.2246467991473532e-16,-1.0,0.8165380514459161,-0.5772916165517272,0.0,0.0,0.0,0.502,0.4949999999999997,0.0,0.0,0.0,0.08534000000000001,0.0,40.6,Warning,Normal,Normal
2026-05-07 13:00:00,biofilter_nitrite,6.79,26.33,7.18,0.313,0.731,57.83,2.004,982.9,99.0,31.39,73.06,30096.0,-0.2588190451025208,-0.9659258262890683,0.8165380514459161,-0.5772916165517272,0.0,0.0,0.0,0.46199999999999997,0.5099999999999997,0.0,0.0,0.0,0.07854,0.0,37.5,Warning,Normal,Normal
2026-05-07 14:00:00,biofilter_nitrite,6.78,26.45,7.19,0.287,0.73,59.04,1.98,979.9,99.0,30.7,73.25,26198.0,-0.4999999999999997,-0.8660254037844388,0.8165380514459161,-0.5772916165517272,0.0,0.0,0.0,0.45999999999999996,0.4499999999999997,0.0,0.0,0.0,0.0782,0.0,37.2,Warning,Normal,Normal
2026-05-07 15:00:00,biofilter_nitrite,6.8,26.42,7.3,0.281,0.717,58.74,1.982,995.2,99.0,28.45,76.54,18028.0,-0.7071067811865471,-0.7071067811865479,0.8165380514459161,-0.5772916165517272,0.0,0.0,0.0,0.43399999999999994,0.4760000000000002,0.0,0.0,0.0,0.07378,0.0,35.2,Warning,Normal,Normal
2026-05-07 16:00:00,biofilter_nitrite,6.78,26.41,7.23,0.255,0.694,59.25,1.968,980.8,99.0,27.37,79.91,10898.0,-0.8660254037844385,-0.5000000000000004,0.8165380514459161,-0.5772916165517272,0.0,0.0,0.0,0.3879999999999999,0.41999999999999965,0.0,0.0,0.0,0.06595999999999999,0.0,31.5,Warning,Normal,Normal
2026-05-07 17:00:00,biofilter_nitrite,6.78,26.39,7.36,0.396,0.676,58.51,1.996,996.1,99.0,26.01,79.27,4026.0,-0.9659258262890683,-0.25881904510252063,0.8165380514459161,-0.5772916165517272,0.0,0.0,0.0,0.3520000000000001,0.4899999999999997,0.0,0.0,0.0,0.05984000000000002,0.0,35.5,Warning,Normal,Normal
2026-05-07 18:00:00,biofilter_nitrite,6.77,26.39,7.5,0.337,0.634,59.27,2.02,999.2,99.0,26.25,79.95,0.0,-1.0,-1.8369701987210297e-16,0.8165380514459161,-0.5772916165517272,0.0,0.0,0.0,0.268,0.5499999999999997,0.0,0.0,0.0,0.04556,0.0,39.4,Warning,Normal,Normal
2026-05-07 19:00:00,biofilter_nitrite,6.78,26.34,7.51,0.329,0.598,59.07,2.008,994.1,99.0,25.44,85.02,35.0,-0.9659258262890684,0.2588190451025203,0.8165380514459161,-0.5772916165517272,0.0,0.0,0.0,0.19599999999999995,0.5199999999999997,0.0,0.0,0.0,0.033319999999999995,0.5019999999999996,37.3,Warning,Normal,Normal
2026-05-07 20:00:00,biofilter_nitrite,6.78,26.31,7.44,0.287,0.547,59.13,1.983,988.4,99.0,25.48,85.86,88.0,-0.8660254037844386,0.5000000000000001,0.8165380514459161,-0.5772916165517272,0.0,0.0,0.0,0.09400000000000008,0.45749999999999996,0.0,0.0,0.0,0.015980000000000015,0.586,32.6,Warning,Normal,Normal
2026-05-07 21:00:00,biofilter_nitrite,6.77,26.24,7.46,0.276,0.509,59.3,1.987,1007.8,99.0,25.23,86.13,100.0,-0.7071067811865477,0.7071067811865474,0.8165380514459161,-0.5772916165517272,0.0,0.0,0.0,0.018000000000000016,0.5389999999999998,0.0,0.0,0.0,0.003060000000000003,0.6129999999999995,38.0,Warning,Normal,Normal
2026-05-07 22:00:00,biofilter_nitrite,6.77,26.15,7.42,0.25,0.464,59.9,1.974,1002.8,99.0,25.47,86.0,21.0,-0.5000000000000004,0.8660254037844384,0.8165380514459161,-0.5772916165517272,0.0,0.0,0.0,0.0,0.5139999999999998,0.0,0.0,0.0,0.0,0.6,36.2,Warning,Normal,Normal
2026-05-07 23:00:00,biofilter_nitrite,6.76,26.06,7.47,0.229,0.398,59.55,1.983,994.1,99.0,25.14,89.17,50.0,-0.25881904510252157,0.9659258262890681,0.8165380514459161,-0.5772916165517272,0.0,0.0,0.0,0.0,0.47050000000000014,0.0,0.0,0.0,0.0,0.9170000000000001,33.3,Warning,Normal,Normal
2026-05-08 00:00:00,biofilter_nitrite,6.76,26.01,7.45,0.197,0.343,59.64,1.985,995.0,99.0,25.42,86.05,13.0,0.0,1.0,0.8064799463209448,-0.5912614448635781,0.0,0.0,0.0,0.0,0.475,0.0,0.0,0.0,0.0,0.6049999999999998,33.5,Warning,Normal,Normal
2026-05-08 01:00:00,biofilter_nitrite,6.75,26.05,7.38,0.179,0.281,59.37,2.017,1020.7,99.0,25.42,85.92,0.0,0.25881904510252074,0.9659258262890683,0.8064799463209448,-0.5912614448635781,0.0,0.0,0.0,0.0,0.6035000000000003,0.0,0.0,0.0,0.0,0.5920000000000002,42.4,Warning,Normal,Normal
2026-05-08 02:00:00,biofilter_nitrite,6.75,26.04,7.62,0.147,0.208,59.88,2.017,1030.0,99.0,25.05,88.36,26.0,0.49999999999999994,0.8660254037844387,0.8064799463209448,-0.5912614448635781,0.0,0.0,0.0,0.0,0.65,0.0,0.0,0.0,0.0,0.836,45.8,Warning,Normal,Normal
2026-05-08 03:00:00,biofilter_nitrite,6.75,26.01,7.61,0.116,0.142,59.63,2.037,1025.2,99.0,25.07,88.1,61.0,0.7071067811865476,0.7071067811865476,0.8064799463209448,-0.5912614448635781,0.0,0.0,0.0,0.0,0.6260000000000002,0.0,0.0,0.0,0.0,0.8099999999999994,44.1,Warning,Normal,Normal
2026-05-08 04:00:00,biofilter_nitrite,6.75,25.95,7.74,0.124,0.096,60.51,2.038,1009.7,99.0,25.38,86.7,77.0,0.8660254037844386,0.5000000000000001,0.8064799463209448,-0.5912614448635781,0.0,0.0,0.0,0.0,0.5949999999999992,0.0,0.0,0.0,0.0,0.6700000000000003,41.9,Warning,Normal,Normal
2026-05-08 05:00:00,normal,6.75,25.92,7.54,0.107,0.098,60.08,2.022,1028.6,99.0,25.31,87.15,60.0,0.9659258262890683,0.25881904510252074,0.8064799463209448,-0.5912614448635781,0.0,0.0,0.0,0.0,0.6429999999999996,0.0,0.0,0.0,0.0,0.7150000000000005,45.2,Warning,Normal,Normal
2026-05-08 06:00:00,normal,6.77,25.91,7.76,0.126,0.087,60.05,2.07,1027.8,99.0,24.63,87.18,71.0,1.0,6.123233995736766e-17,0.8064799463209448,-0.5912614448635781,0.0,0.0,0.0,0.0,0.6749999999999993,0.0,0.0,0.0,0.0,0.7180000000000006,47.5,Warning,Normal,Normal
2026-05-08 07:00:00,normal,6.76,25.94,7.54,0.241,0.099,59.78,2.062,1030.1,99.0,25.83,80.25,2908.0,0.9659258262890683,-0.25881904510252063,0.8064799463209448,-0.5912614448635781,0.0,0.0,0.0,0.0,0.6549999999999992,0.0,0.0,0.0,0.0,0.025,45.7,Warning,Normal,Normal
2026-05-08 08:00:00,normal,6.77,26.02,7.65,0.215,0.081,59.84,2.053,1021.4,99.0,27.4,78.74,10607.0,0.8660254037844387,-0.4999999999999998,0.8064799463209448,-0.5912614448635781,0.0,0.0,0.0,0.0,0.6324999999999995,0.0,0.0,0.0,0.0,0.0,44.1,Warning,Normal,Normal
2026-05-08 09:00:00,normal,6.77,26.18,7.51,0.185,0.075,60.08,2.067,1026.2,99.0,29.5,74.69,18265.0,0.7071067811865476,-0.7071067811865475,0.8064799463209448,-0.5912614448635781,0.0,0.0,0.0,0.0,0.6675000000000001,0.0,0.0,0.0,0.0,0.0,46.5,Warning,Normal,Normal
2026-05-08 10:00:00,normal,6.77,26.28,7.41,0.167,0.1,60.23,2.048,1030.0,99.0,30.36,73.25,25013.0,0.49999999999999994,-0.8660254037844387,0.8064799463209448,-0.5912614448635781,0.0,0.0,0.0,0.0,0.65,0.0,0.0,0.0,0.0,0.0,45.3,Warning,Normal,Normal
2026-05-08 11:00:00,normal,6.79,26.36,7.26,0.172,0.087,60.4,2.038,1000.9,99.0,30.47,69.86,30816.0,0.258819045102521,-0.9659258262890682,0.8064799463209448,-0.5912614448635781,0.0,0.0,0.0,0.0,0.5949999999999992,0.0,0.0,0.0,0.0,0.0,41.5,Warning,Normal,Normal
2026-05-08 12:00:00,normal,6.78,26.42,7.3,0.157,0.069,59.77,2.053,1031.3,99.0,31.09,74.99,32055.0,1.2246467991473532e-16,-1.0,0.8064799463209448,-0.5912614448635781,0.0,0.0,0.0,0.0,0.6564999999999998,0.0,0.0,0.0,0.0,0.0,45.8,Warning,Normal,Normal
2026-05-08 13:00:00,normal,6.79,26.5,7.13,0.13,0.063,59.73,2.022,1014.8,99.0,30.98,70.13,36437.0,-0.2588190451025208,-0.9659258262890683,0.8064799463209448,-0.5912614448635781,0.0,0.0,0.0,0.0,0.5739999999999997,0.0,0.0,0.0,0.0,0.0,40.0,Warning,Normal,Normal
2026-05-08 14:00:00,normal,6.79,26.59,7.32,0.136,0.08,59.08,2.043,1013.3,99.0,30.13,74.12,29569.0,-0.4999999999999997,-0.8660254037844388,0.8064799463209448,-0.5912614448635781,0.0,0.0,0.0,0.0,0.6075,0.0,0.0,0.0,0.0,0.0,42.4,Warning,Normal,Normal
2026-05-08 15:00:00,normal,6.79,26.64,7.34,0.143,0.074,59.65,2.031,1022.5,99.0,28.2,76.03,21558.0,-0.7071067811865471,-0.7071067811865479,0.8064799463209448,-0.5912614448635781,0.0,0.0,0.0,0.0,0.6125,0.0,0.0,0.0,0.0,0.0,42.7,Warning,Normal,Normal
2026-05-08 16:00:00,normal,6.79,26.63,7.35,0.114,0.081,59.82,2.044,1013.0,99.0,26.58,79.31,12893.0,-0.8660254037844385,-0.5000000000000004,0.8064799463209448,-0.5912614448635781,0.0,0.0,0.0,0.0,0.6099999999999998,0.0,0.0,0.0,0.0,0.0,42.5,Warning,Normal,Normal
2026-05-08 17:00:00,normal,6.79,26.6,7.41,0.236,0.07,60.23,2.013,1018.3,99.0,26.09,78.16,5433.0,-0.9659258262890683,-0.25881904510252063,0.8064799463209448,-0.5912614448635781,0.0,0.0,0.0,0.0,0.5914999999999998,0.0,0.0,0.0,0.0,0.0,41.2,Warning,Normal,Normal
2026-05-08 18:00:00,normal,6.77,26.52,7.63,0.209,0.082,59.6,2.041,1010.6,99.0,24.99,81.86,41.0,-1.0,-1.8369701987210297e-16,0.8064799463209448,-0.5912614448635781,0.0,0.0,0.0,0.0,0.6024999999999995,0.0,0.0,0.0,0.0,0.18599999999999994,42.1,Warning,Normal,Normal
2026-05-08 19:00:00,normal,6.78,26.41,7.52,0.184,0.076,59.53,2.04,1013.2,99.0,25.02,86.15,47.0,-0.9659258262890684,0.2588190451025203,0.8064799463209448,-0.5912614448635781,0.0,0.0,0.0,0.0,0.5999999999999998,0.0,0.0,0.0,0.0,0.6150000000000005,42.2,Warning,Normal,Normal
2026-05-08 20:00:00,normal,6.77,26.31,7.64,0.159,0.085,59.49,2.009,1007.5,99.0,24.9,88.82,29.0,-0.8660254037844386,0.5000000000000001,0.8064799463209448,-0.5912614448635781,0.0,0.0,0.0,0.0,0.5375,0.0,0.0,0.0,0.0,0.8819999999999993,38.0,Warning,Normal,Normal
2026-05-08 21:00:00,hot_greenhouse,6.77,26.63,7.63,0.144,0.059,59.63,2.031,1003.0,99.0,25.85,84.96,10.0,-0.7071067811865477,0.7071067811865474,0.8064799463209448,-0.5912614448635781,0.0,0.0,0.0,0.0,0.5775,0.0,0.0,0.0,0.0,0.4959999999999994,40.5,Warning,Normal,Normal
2026-05-08 22:00:00,hot_greenhouse,6.77,26.85,7.48,0.132,0.074,59.23,2.012,1004.2,99.0,25.5,84.69,68.0,-0.5000000000000004,0.8660254037844384,0.8064799463209448,-0.5912614448635781,0.0,0.0,0.0,0.0,0.5299999999999997,0.0,0.0,0.0,0.0,0.46899999999999975,37.2,Warning,Normal,Normal
2026-05-08 23:00:00,hot_greenhouse,6.79,27.21,7.49,0.13,0.072,59.69,2.032,1029.7,99.0,26.32,85.0,48.0,-0.25881904510252157,0.9659258262890681,0.8064799463209448,-0.5912614448635781,0.0,0.0,0.0,0.0,0.6485000000000002,0.0,0.0,0.0,0.0,0.5,45.5,Warning,Normal,Normal
2026-05-09 00:00:00,hot_greenhouse,6.79,27.42,7.3,0.11,0.073,58.77,2.015,1012.9,99.0,26.05,82.68,17.0,0.0,1.0,0.7961828637826158,-0.6050560696488488,0.0,0.0,0.0,0.0,0.5644999999999999,0.0,0.0,0.0,0.0,0.2680000000000007,39.5,Warning,Normal,Normal
2026-05-09 01:00:00,hot_greenhouse,6.78,27.62,7.25,0.124,0.069,59.03,2.002,1019.2,99.0,26.69,82.52,31.0,0.25881904510252074,0.9659258262890683,0.7961828637826158,-0.6050560696488488,0.0,0.0,0.0,0.0,0.5960000000000002,0.0,0.0,0.0,0.0,0.2519999999999996,41.7,Warning,Normal,Normal
2026-05-09 02:00:00,hot_greenhouse,6.78,27.86,7.12,0.116,0.066,59.06,2.026,1016.4,99.0,27.47,79.05,28.0,0.49999999999999994,0.8660254037844387,0.7961828637826158,-0.6050560696488488,0.0,0.0,0.0,0.0,0.5819999999999999,0.0,0.0,0.0,0.0,0.0,40.6,Warning,Normal,Normal
2026-05-09 03:00:00,hot_greenhouse,6.79,28.01,7.08,0.095,0.066,59.76,1.996,985.0,99.0,27.62,79.84,15.0,0.7071067811865476,0.7071067811865476,0.7961828637826158,-0.6050560696488488,0.0,0.0,0.0,0.0,0.4899999999999997,0.0,0.0,0.0,0.0,0.0,34.2,Warning,Normal,Normal
2026-05-09 04:00:00,hot_greenhouse,6.79,28.12,7.12,0.117,0.049,59.28,1.98,1001.9,99.0,27.84,77.14,68.0,0.8660254037844386,0.5000000000000001,0.7961828637826158,-0.6050560696488488,0.0,0.0,0.0,0.0,0.5094999999999998,0.0,0.0,0.0,0.0,0.0,35.5,Warning,Normal,Normal
2026-05-09 05:00:00,hot_greenhouse,6.78,28.3,7.12,0.132,0.084,59.34,2.008,994.0,99.0,27.4,77.28,0.0,0.9659258262890683,0.25881904510252074,0.7961828637826158,-0.6050560696488488,0.0,0.0,0.0,0.0,0.5199999999999997,0.0,0.0,0.0,0.0,0.0,36.3,Warning,Normal,Normal
2026-05-09 06:00:00,hot_greenhouse,6.78,28.48,7.21,0.091,0.091,59.12,1.974,978.1,99.0,27.45,77.14,8.0,1.0,6.123233995736766e-17,0.7961828637826158,-0.6050560696488488,0.0,0.0,0.0,0.0,0.43499999999999966,0.0,0.0,0.0,0.0,0.0,30.3,Warning,Normal,Normal
2026-05-09 07:00:00,hot_greenhouse,6.77,28.69,6.97,0.236,0.072,59.72,1.964,993.7,99.0,28.97,69.54,4636.0,0.9659258262890683,-0.25881904510252063,0.7961828637826158,-0.6050560696488488,0.0,0.0,0.0,0.0,0.46850000000000025,0.0,0.0,0.0,0.0,0.0,32.7,Warning,Normal,Normal
2026-05-09 08:00:00,hot_greenhouse,6.76,28.92,6.98,0.211,0.073,58.58,1.997,995.2,99.0,30.27,65.88,12681.0,0.8660254037844387,-0.4999999999999998,0.7961828637826158,-0.6050560696488488,0.0,0.0,0.0,0.0,0.4925,0.0,0.0,0.0,0.0,0.0,34.3,Warning,Normal,Normal
2026-05-09 09:00:00,hot_greenhouse,6.76,29.17,6.76,0.179,0.062,59.58,2.009,1003.2,99.0,31.99,62.35,22104.0,0.7071067811865476,-0.7071067811865475,0.7961828637826158,-0.6050560696488488,0.0,0.0,0.0,0.0,0.5224999999999994,0.0,0.0,0.0,0.0,0.0,36.4,Warning,Normal,Normal
2026-05-09 10:00:00,hot_greenhouse,6.76,29.39,6.72,0.175,0.071,59.3,1.994,1002.7,99.0,32.96,62.55,29421.0,0.49999999999999994,-0.8660254037844387,0.7961828637826158,-0.6050560696488488,0.0,0.0,0.0,0.0,0.5135000000000002,0.0,0.0,0.0,0.0,0.3200000000000003,36.0,Warning,Normal,Normal
2026-05-09 11:00:00,hot_greenhouse,6.77,29.64,6.5,0.184,0.066,59.58,2.008,1011.5,99.0,33.99,60.67,35409.0,0.258819045102521,-0.9659258262890682,0.7961828637826158,-0.6050560696488488,0.0,0.0,0.0,0.0,0.5575,0.0,0.0,0.0,0.0,0.663333333333334,39.2,Warning,Normal,Normal
2026-05-09 12:00:00,hot_greenhouse,6.77,29.76,6.57,0.148,0.066,59.22,2.015,1022.0,99.0,35.0,55.47,38232.0,1.2246467991473532e-16,-1.0,0.7961828637826158,-0.6050560696488488,0.0,0.0,0.0,0.0,0.61,0.0,0.0,0.0,0.0,1.0,43.1,Warning,Normal,Normal
2026-05-09 13:00:00,hot_greenhouse,6.78,30.01,6.54,0.154,0.08,58.82,2.021,1012.9,99.0,34.97,58.02,30688.0,-0.2588190451025208,-0.9659258262890683,0.7961828637826158,-0.6050560696488488,0.0,0.0,0.0,0.0,0.5644999999999999,0.0,0.0,0.005000000000000782,0.001100000000000172,0.9899999999999997,39.9,Warning,Normal,Normal
2026-05-09 14:00:00,hot_greenhouse,6.76,30.19,6.5,0.125,0.066,58.73,2.012,1007.3,99.0,33.9,60.52,25377.0,-0.4999999999999997,-0.8660254037844388,0.7961828637826158,-0.6050560696488488,0.0,0.0,0.0,0.0,0.5364999999999998,0.0,0.0,0.09500000000000064,0.02090000000000014,0.6333333333333329,38.1,Warning,Normal,Normal
2026-05-09 15:00:00,hot_greenhouse,6.76,30.33,6.65,0.145,0.068,59.25,1.999,1007.3,99.0,32.98,61.58,18285.0,-0.7071067811865471,-0.7071067811865479,0.7961828637826158,-0.6050560696488488,0.0,0.0,0.0,0.0,0.5364999999999998,0.0,0.0,0.16499999999999915,0.03629999999999981,0.3266666666666656,38.1,Warning,Normal,Normal
2026-05-09 16:00:00,hot_greenhouse,6.77,30.32,6.69,0.139,0.064,59.36,2.024,992.1,99.0,30.87,64.74,10533.0,-0.8660254037844385,-0.5000000000000004,0.7961828637826158,-0.6050560696488488,0.0,0.0,0.0,0.0,0.5599999999999997,0.0,0.0,0.16000000000000014,0.03520000000000003,0.0,39.6,Warning,Normal,Normal
2026-05-09 17:00:00,hot_greenhouse,6.76,30.32,6.7,0.257,0.058,58.67,2.008,981.7,99.0,30.64,65.34,4490.0,-0.9659258262890683,-0.25881904510252063,0.7961828637826158,-0.6050560696488488,0.0,0.0,0.0,0.0,0.5199999999999997,0.0,0.0,0.16000000000000014,0.03520000000000003,0.0,36.8,Warning,Normal,Normal
2026-05-09 18:00:00,hot_greenhouse,6.74,30.33,6.83,0.22,0.079,57.99,2.003,996.0,99.0,30.14,64.75,798.0,-1.0,-1.8369701987210297e-16,0.7961828637826158,-0.6050560696488488,0.0,0.0,0.0,0.0,0.5075,0.0,0.0,0.16499999999999915,0.03629999999999981,0.0,35.9,Warning,Normal,Normal
2026-05-09 19:00:00,hot_greenhouse,6.75,30.4,6.77,0.226,0.061,58.28,2.015,998.9,99.0,30.18,68.72,45.0,-0.9659258262890684,0.2588190451025203,0.7961828637826158,-0.6050560696488488,0.0,0.0,0.0,0.0,0.5375,0.0,0.0,0.1999999999999993,0.043999999999999845,0.0,38.2,Warning,Normal,Normal
2026-05-09 20:00:00,hot_greenhouse,6.76,30.44,6.77,0.192,0.067,58.01,2.001,1004.4,99.0,29.96,70.93,59.0,-0.8660254037844386,0.5000000000000001,0.7961828637826158,-0.6050560696488488,0.0,0.0,0.0,0.0,0.5219999999999999,0.0,0.0,0.22000000000000064,0.048400000000000144,0.0,37.1,Warning,Normal,Normal
2026-05-09 21:00:00,hot_greenhouse,6.76,30.42,6.81,0.154,0.069,58.82,1.999,999.8,99.0,30.19,70.69,35.0,-0.7071067811865477,0.7071067811865474,0.7961828637826158,-0.6050560696488488,0.0,0.0,0.0,0.0,0.4989999999999998,0.0,0.0,0.21000000000000085,0.046200000000000185,0.0,35.5,Warning,Normal,Normal
2026-05-09 22:00:00,hot_greenhouse,6.76,30.32,6.73,0.149,0.078,58.01,2.019,1006.3,99.0,29.33,70.09,96.0,-0.5000000000000004,0.8660254037844384,0.7961828637826158,-0.6050560696488488,0.0,0.0,0.0,0.0,0.5475,0.0,0.0,0.16000000000000014,0.03520000000000003,0.0,38.7,Warning,Normal,Normal
2026-05-09 23:00:00,hot_greenhouse,6.76,30.27,6.83,0.118,0.055,57.8,2.023,1006.6,99.0,30.02,67.63,24.0,-0.25881904510252157,0.9659258262890681,0.7961828637826158,-0.6050560696488488,0.0,0.0,0.0,0.0,0.5575,0.0,0.0,0.1349999999999998,0.029699999999999952,0.0,39.3,Warning,Normal,Normal
2026-05-10 00:00:00,hot_greenhouse,6.78,30.2,6.91,0.122,0.062,57.59,2.01,1001.3,99.0,29.07,71.47,50.0,0.0,1.0,0.7856498550787147,-0.6186714032625031,0.0,0.0,0.0,0.0,0.5249999999999991,0.0,0.0,0.09999999999999964,0.021999999999999922,0.0,36.9,Warning,Normal,Normal
2026-05-10 01:00:00,hot_greenhouse,6.77,30.15,6.79,0.128,0.063,57.51,2.01,1013.8,99.0,29.19,68.92,50.0,0.25881904510252074,0.9659258262890683,0.7856498550787147,-0.6186714032625031,0.0,0.0,0.0,0.0,0.5689999999999997,0.0,0.0,0.07499999999999929,0.016499999999999845,0.0,39.9,Warning,Normal,Normal
2026-05-10 02:00:00,hot_greenhouse,6.78,29.99,6.82,0.116,0.06,57.76,2.034,1012.9,99.0,29.48,70.96,15.0,0.49999999999999994,0.8660254037844387,0.7856498550787147,-0.6186714032625031,0.0,0.0,0.0,0.0,0.5849999999999992,0.0,0.0,0.0,0.0,0.0,40.8,Warning,Normal,Normal
2026-05-10 03:00:00,hot_greenhouse,6.78,29.83,6.81,0.092,0.049,57.87,2.022,1015.6,99.0,28.77,71.14,91.0,0.7071067811865476,0.7071067811865476,0.7856498550787147,-0.6186714032625031,0.0,0.0,0.0,0.0,0.5780000000000001,0.0,0.0,0.0,0.0,0.0,40.3,Warning,Normal,Normal
2026-05-10 04:00:00,hot_greenhouse,6.76,29.78,6.94,0.109,0.053,57.63,2.017,998.5,99.0,29.29,71.46,28.0,0.8660254037844386,0.5000000000000001,0.7856498550787147,-0.6186714032625031,0.0,0.0,0.0,0.0,0.5424999999999994,0.0,0.0,0.0,0.0,0.0,37.8,Warning,Normal,Normal
2026-05-10 05:00:00,hot_greenhouse,6.78,29.54,7.0,0.099,0.063,57.41,1.999,1000.7,99.0,28.84,73.98,31.0,0.9659258262890683,0.25881904510252074,0.7856498550787147,-0.6186714032625031,0.0,0.0,0.0,0.0,0.5035000000000003,0.0,0.0,0.0,0.0,0.0,35.1,Warning,Normal,Normal
2026-05-10 06:00:00,hot_greenhouse,6.77,29.35,6.95,0.104,0.081,57.99,2.01,992.4,99.0,28.04,73.28,65.0,1.0,6.123233995736766e-17,0.7856498550787147,-0.6186714032625031,0.0,0.0,0.0,0.0,0.5249999999999991,0.0,0.0,0.0,0.0,0.0,36.6,Warning,Normal,Normal
2026-05-10 07:00:00,hot_greenhouse,6.75,29.21,6.94,0.247,0.069,58.0,1.992,1006.8,99.0,29.73,64.99,4288.0,0.9659258262890683,-0.25881904510252063,0.7856498550787147,-0.6186714032625031,0.0,0.0,0.0,0.0,0.5339999999999998,0.0,0.0,0.0,0.0,0.0,37.2,Warning,Normal,Normal
2026-05-10 08:00:00,hot_greenhouse,6.73,29.06,6.73,0.217,0.072,57.6,2.001,991.6,99.0,30.32,64.23,10756.0,0.8660254037844387,-0.4999999999999998,0.7856498550787147,-0.6186714032625031,0.0,0.0,0.0,0.0,0.5024999999999994,0.0,0.0,0.0,0.0,0.0,35.0,Warning,Normal,Normal
2026-05-10 09:00:00,low_nutrient,6.71,28.99,6.79,0.184,0.082,55.59,1.902,973.7,99.0,31.63,63.02,18962.0,0.7071067811865476,-0.7071067811865475,0.7856498550787147,-0.6186714032625031,0.0,0.0,0.0,0.0,0.3685000000000002,0.0,0.0,0.0,0.0,0.0,25.7,Normal,Normal,Normal
2026-05-10 10:00:00,low_nutrient,6.71,28.95,6.65,0.178,0.069,52.79,1.869,931.2,99.0,32.97,61.68,25369.0,0.49999999999999994,-0.8660254037844387,0.7856498550787147,-0.6186714032625031,0.0,0.0,0.0,0.0,0.17249999999999982,0.0,0.0,0.0,0.0,0.323333333333333,12.2,Normal,Normal,Normal
2026-05-10 11:00:00,low_nutrient,6.71,28.86,6.85,0.172,0.095,49.84,1.804,905.8,99.0,32.65,61.44,31489.0,0.258819045102521,-0.9659258262890682,0.7856498550787147,-0.6186714032625031,0.0,0.0,0.0,0.0,0.028999999999999772,0.0,0.0,0.0,0.0,0.2166666666666662,7.5,Normal,Normal,Normal
2026-05-10 12:00:00,low_nutrient,6.71,28.76,6.67,0.177,0.072,47.55,1.73,867.0,99.0,32.92,65.02,32360.0,1.2246467991473532e-16,-1.0,0.7856498550787147,-0.6186714032625031,0.0,0.0,0.0,0.0,0.0,0.0,0.0,0.0,0.0,0.30666666666666725,10.5,Normal,Normal,Normal
2026-05-10 13:00:00,low_nutrient,6.73,28.72,6.82,0.145,0.074,44.67,1.684,859.3,99.0,32.54,62.92,26116.0,-0.2588190451025208,-0.9659258262890683,0.7856498550787147,-0.6186714032625031,0.0,0.0,0.0,0.0,0.0,0.0,0.0,0.0,0.0,0.17999999999999972,6.2,Normal,Normal,Normal
2026-05-10 14:00:00,low_nutrient,6.74,28.57,6.82,0.144,0.052,41.89,1.619,806.6,99.0,30.86,67.96,21303.0,-0.4999999999999997,-0.8660254037844388,0.7856498550787147,-0.6186714032625031,0.0,0.0,0.0,0.0,0.0,0.0,0.0,0.0,0.0,0.0,0.0,Normal,Normal,Normal
2026-05-10 15:00:00,low_nutrient,6.73,28.31,6.96,0.125,0.074,39.73,1.589,799.9,99.0,29.27,67.63,16410.0,-0.7071067811865471,-0.7071067811865479,0.7856498550787147,-0.6186714032625031,0.0,0.0,0.0,0.0,0.0,0.0,0.0,0.0,0.0,0.0,0.0,Normal,Normal,Normal
2026-05-10 16:00:00,low_nutrient,6.74,28.03,7.09,0.106,0.071,37.46,1.547,762.3,99.0,27.33,73.84,9148.0,-0.8660254037844385,-0.5000000000000004,0.7856498550787147,-0.6186714032625031,0.0,0.0,0.0,0.0,0.0,0.0,0.0,0.0,0.0,0.0,0.0,Normal,Normal,Normal
2026-05-10 17:00:00,low_nutrient,6.76,27.75,7.36,0.245,0.065,35.08,1.493,735.9,99.0,26.24,74.46,3441.0,-0.9659258262890683,-0.25881904510252063,0.7856498550787147,-0.6186714032625031,0.0,0.0,0.0,0.0,0.0,0.0,0.0,0.0,0.0,0.0,0.0,Normal,Normal,Normal
2026-05-10 18:00:00,low_nutrient,6.75,27.47,7.39,0.193,0.068,33.59,1.417,709.5,99.0,24.45,76.97,0.0,-1.0,-1.8369701987210297e-16,0.7856498550787147,-0.6186714032625031,0.0,0.0,0.0,0.0,0.0,0.0,0.0,0.0,0.0,0.0,0.0,Normal,Normal,Normal
2026-05-10 19:00:00,low_nutrient,6.74,27.22,7.4,0.202,0.058,31.04,1.378,687.4,99.0,24.61,84.23,88.0,-0.9659258262890684,0.2588190451025203,0.7856498550787147,-0.6186714032625031,0.0,0.0,0.0,0.0,0.0,0.0,0.0,0.0,0.0,0.4230000000000004,14.5,Normal,Normal,Normal
2026-05-10 20:00:00,low_nutrient,6.73,26.88,7.52,0.147,0.08,29.98,1.353,681.1,99.0,24.22,84.41,2.0,-0.8660254037844386,0.5000000000000001,0.7856498550787147,-0.6186714032625031,0.0,0.0,0.0,0.0,0.0,0.0,0.0,0.0,0.0,0.44099999999999967,15.1,Normal,Normal,Normal
2026-05-10 21:00:00,low_nutrient,6.74,26.54,7.67,0.147,0.089,29.0,1.331,673.5,99.0,23.86,86.83,53.0,-0.7071067811865477,0.7071067811865474,0.7856498550787147,-0.6186714032625031,0.0,0.0,0.0,0.0,0.0,0.0,0.0,0.0,0.0,0.6829999999999998,23.4,Normal,Normal,Normal
2026-05-10 22:00:00,low_nutrient,6.75,26.18,7.55,0.126,0.056,27.58,1.302,655.2,99.0,23.55,87.01,82.0,-0.5000000000000004,0.8660254037844384,0.7856498550787147,-0.6186714032625031,0.0,0.0,0.0,0.0,0.0,0.0,0.0,0.0,0.0,0.7010000000000005,24.0,Normal,Normal,Normal
2026-05-10 23:00:00,low_nutrient,6.74,25.9,7.72,0.138,0.067,26.54,1.3,649.5,99.0,23.21,88.68,34.0,-0.25881904510252157,0.9659258262890681,0.7856498550787147,-0.6186714032625031,0.0,0.0,0.0,0.0,0.0,0.0,0.0,0.0,0.0,0.8680000000000007,29.8,Normal,Normal,Normal
2026-05-11 00:00:00,low_nutrient,6.72,25.57,7.74,0.115,0.063,25.08,1.284,639.2,99.0,22.39,88.62,60.0,0.0,1.0,0.7748840413670407,-0.6321034111873487,0.0,0.0,0.0,0.0,0.0,0.0,0.0,0.0,0.0,0.8620000000000004,29.6,Normal,Normal,Normal
2026-05-11 01:00:00,low_nutrient,6.71,25.5,7.81,0.118,0.054,24.75,1.272,645.2,99.0,22.65,88.13,30.0,0.25881904510252074,0.9659258262890683,0.7748840413670407,-0.6321034111873487,0.0,0.0,0.0,0.0,0.0,0.0,0.0,0.0,0.0,0.8129999999999995,27.9,Normal,Normal,Normal
2026-05-11 02:00:00,low_nutrient,6.7,25.48,7.75,0.114,0.058,24.91,1.251,624.1,99.0,22.81,89.4,52.0,0.49999999999999994,0.8660254037844387,0.7748840413670407,-0.6321034111873487,0.0,0.0,0.0,0.0,0.0,0.0,0.0,0.0,0.0,0.9400000000000006,32.2,Warning,Normal,Normal
2026-05-11 03:00:00,low_nutrient,6.74,25.4,7.71,0.11,0.052,23.95,1.252,623.7,99.0,22.9,88.78,84.0,0.7071067811865476,0.7071067811865476,0.7748840413670407,-0.6321034111873487,0.0,0.0,0.0,0.0,0.0,0.0,0.0,0.0,0.0,0.8780000000000001,30.1,Warning,Normal,Normal
2026-05-11 04:00:00,low_nutrient,6.75,25.3,7.86,0.122,0.062,24.2,1.261,631.2,99.0,22.79,89.57,50.0,0.8660254037844386,0.5000000000000001,0.7748840413670407,-0.6321034111873487,0.0,0.0,0.0,0.0,0.0,0.0,0.0,0.0,0.0,0.9569999999999993,32.8,Warning,Normal,Normal
2026-05-11 05:00:00,low_nutrient,6.76,25.25,8.01,0.094,0.071,24.21,1.274,620.8,99.0,22.26,89.03,35.0,0.9659258262890683,0.25881904510252074,0.7748840413670407,-0.6321034111873487,0.0,0.0,0.0,0.0,0.0,0.0,0.0,0.0,0.0,0.9030000000000001,31.0,Warning,Normal,Normal
2026-05-11 06:00:00,low_nutrient,6.77,25.24,7.85,0.094,0.066,24.16,1.284,653.0,99.0,22.7,88.79,53.0,1.0,6.123233995736766e-17,0.7748840413670407,-0.6321034111873487,0.0,0.0,0.0,0.0,0.0,0.0,0.0,0.0,0.0,0.8790000000000007,30.2,Warning,Normal,Normal
2026-05-11 07:00:00,low_nutrient,6.75,25.2,7.74,0.247,0.088,25.24,1.309,657.4,99.0,23.05,82.36,3859.0,0.9659258262890683,-0.25881904510252063,0.7748840413670407,-0.6321034111873487,0.0,0.0,0.0,0.0,0.0,0.0,0.0,0.0,0.0,0.23599999999999993,8.1,Normal,Normal,Normal
2026-05-11 08:00:00,low_nutrient,6.76,25.19,7.52,0.208,0.06,26.05,1.313,659.3,99.0,24.56,80.94,9879.0,0.8660254037844387,-0.4999999999999998,0.7748840413670407,-0.6321034111873487,0.0,0.0,0.0,0.0,0.0,0.0,0.0,0.0,0.0,0.09399999999999978,3.2,Normal,Normal,Normal
2026-05-11 09:00:00,low_nutrient,6.76,25.29,7.67,0.215,0.076,27.06,1.329,661.2,99.0,25.34,79.78,15448.0,0.7071067811865476,-0.7071067811865475,0.7748840413670407,-0.6321034111873487,0.0,0.0,0.0,0.0,0.0,0.0,0.0,0.0,0.0,0.0,0.0,Normal,Normal,Normal
2026-05-11 10:00:00,low_nutrient,6.76,25.42,7.64,0.17,0.091,28.57,1.376,692.3,99.0,27.17,76.09,21757.0,0.49999999999999994,-0.8660254037844387,0.7748840413670407,-0.6321034111873487,0.0,0.0,0.0,0.0,0.0,0.0,0.0,0.0,0.0,0.0,0.0,Normal,Normal,Normal
2026-05-11 11:00:00,low_nutrient,6.76,25.47,7.47,0.179,0.072,30.02,1.382,684.3,99.0,28.48,73.82,25651.0,0.258819045102521,-0.9659258262890682,0.7748840413670407,-0.6321034111873487,0.0,0.0,0.0,0.0,0.0,0.0,0.0,0.0,0.0,0.0,0.0,Normal,Normal,Normal
2026-05-11 12:00:00,low_nutrient,6.76,25.65,7.39,0.159,0.085,31.57,1.418,708.3,99.0,28.98,74.78,26872.0,1.2246467991473532e-16,-1.0,0.7748840413670407,-0.6321034111873487,0.0,0.0,0.0,0.0,0.0,0.0,0.0,0.0,0.0,0.0,0.0,Normal,Normal,Normal
2026-05-11 13:00:00,low_nutrient,6.76,25.75,7.21,0.143,0.072,33.36,1.48,750.8,99.0,28.36,72.57,29165.0,-0.2588190451025208,-0.9659258262890683,0.7748840413670407,-0.6321034111873487,0.0,0.0,0.0,0.0,0.0,0.0,0.0,0.0,0.0,0.0,0.0,Normal,Normal,Normal
2026-05-11 14:00:00,low_nutrient,6.76,25.75,7.36,0.125,0.071,36.1,1.538,759.7,99.0,26.72,78.25,25535.0,-0.4999999999999997,-0.8660254037844388,0.7748840413670407,-0.6321034111873487,0.0,0.0,0.0,0.0,0.0,0.0,0.0,0.0,0.0,0.0,0.0,Normal,Normal,Normal
2026-05-11 15:00:00,low_nutrient,6.75,25.77,7.42,0.134,0.069,37.93,1.614,785.0,99.0,25.83,76.66,18642.0,-0.7071067811865471,-0.7071067811865479,0.7748840413670407,-0.6321034111873487,0.0,0.0,0.0,0.0,0.0,0.0,0.0,0.0,0.0,0.0,0.0,Normal,Normal,Normal
2026-05-11 16:00:00,low_nutrient,6.74,25.75,7.64,0.142,0.078,40.11,1.638,818.7,99.0,24.23,81.77,10993.0,-0.8660254037844385,-0.5000000000000004,0.7748840413670407,-0.6321034111873487,0.0,0.0,0.0,0.0,0.0,0.0,0.0,0.0,0.0,0.1769999999999996,6.1,Normal,Normal,Normal
2026-05-11 17:00:00,low_nutrient,6.71,25.7,7.56,0.256,0.065,42.85,1.678,830.9,99.0,23.09,81.77,3623.0,-0.9659258262890683,-0.25881904510252063,0.7748840413670407,-0.6321034111873487,0.0,0.0,0.0,0.0,0.0,0.0,0.0,0.0,0.0,0.1769999999999996,6.1,Normal,Normal,Normal
2026-05-11 18:00:00,ph_drift,6.65,25.59,7.69,0.238,0.064,44.85,1.774,877.2,99.0,22.36,83.65,1303.0,-1.0,-1.8369701987210297e-16,0.7748840413670407,-0.6321034111873487,0.0,0.0,0.0,0.0,0.0,0.0,0.0,0.0,0.0,0.36500000000000055,12.5,Normal,Normal,Normal
2026-05-11 19:00:00,ph_drift,6.57,25.5,7.64,0.234,0.086,48.27,1.812,914.7,99.0,22.55,90.18,73.0,-0.9659258262890684,0.2588190451025203,0.7748840413670407,-0.6321034111873487,0.0,0.0,0.0,0.0,0.07350000000000023,0.0,0.0,0.0,0.0,1.0,34.5,Warning,Normal,Normal
2026-05-11 20:00:00,ph_drift,6.5,25.47,7.76,0.227,0.088,49.95,1.882,944.2,99.0,22.82,90.63,41.0,-0.8660254037844386,0.5000000000000001,0.7748840413670407,-0.6321034111873487,0.0,0.0,0.0,0.0,0.22100000000000022,0.0,0.0,0.0,0.0,1.0,34.8,Warning,Normal,Normal
2026-05-11 21:00:00,ph_drift,6.43,25.46,7.78,0.187,0.089,52.78,1.931,971.9,99.0,22.99,87.43,26.0,-0.7071067811865477,0.7071067811865474,0.7748840413670407,-0.6321034111873487,0.0,0.0,0.0,0.0,0.3594999999999999,0.0,0.0,0.0,0.0,0.7430000000000007,26.3,Normal,Normal,Normal
2026-05-11 22:00:00,ph_drift,6.39,25.4,7.82,0.187,0.084,54.62,1.996,994.6,99.0,22.93,88.65,44.0,-0.5000000000000004,0.8660254037844384,0.7748840413670407,-0.6321034111873487,0.0,0.0,0.0,0.0,0.4899999999999997,0.05000000000000333,0.0,0.0,0.003500000000000234,0.8650000000000005,34.8,Warning,Normal,Normal
2026-05-11 23:00:00,ph_drift,6.35,25.37,7.79,0.164,0.061,55.06,1.98,998.9,99.0,22.67,88.32,37.0,-0.25881904510252157,0.9659258262890681,0.7748840413670407,-0.6321034111873487,0.0,0.0,0.0,0.0,0.4944999999999999,0.25000000000000333,0.0,0.0,0.017500000000000234,0.8319999999999993,35.6,Warning,Normal,Normal
2026-05-12 00:00:00,ph_drift,6.3,25.37,7.8,0.152,0.068,55.11,1.999,1015.9,99.0,22.46,87.97,67.0,0.0,1.0,0.7638886127905428,-0.6453481132295501,0.0,0.0,0.0,0.0,0.5794999999999999,0.5000000000000022,0.0,0.0,0.035000000000000156,0.7969999999999999,42.2,Warning,Normal,Normal
2026-05-12 01:00:00,ph_drift,6.26,25.36,7.69,0.156,0.063,54.75,2.026,1013.2,99.0,22.62,90.41,30.0,0.25881904510252074,0.9659258262890683,0.7638886127905428,-0.6453481132295501,0.0,0.0,0.0,0.0,0.5660000000000003,0.7000000000000022,0.0,0.0,0.049000000000000155,1.0,52.0,Warning,Normal,Normal
2026-05-12 02:00:00,ph_drift,6.2,25.21,7.71,0.127,0.07,54.98,1.983,1009.3,99.0,22.53,92.18,21.0,0.49999999999999994,0.8660254037844387,0.7638886127905428,-0.6453481132295501,0.0,0.0,0.0,0.0,0.5464999999999998,1.0,0.0,0.0,0.07,1.0,73.4,Critical,pH tidak stabil,pH tidak stabil
2026-05-12 03:00:00,ph_drift,6.13,25.15,7.71,0.145,0.065,54.58,1.995,999.7,99.0,22.58,89.09,25.0,0.7071067811865476,0.7071067811865476,0.7638886127905428,-0.6453481132295501,0.0,0.0,0.0,0.0,0.4985000000000002,1.0,0.0,0.0,0.07,0.9090000000000004,73.3,Critical,pH tidak stabil,pH tidak stabil
2026-05-12 04:00:00,ph_drift,6.11,25.11,7.91,0.145,0.066,54.75,1.978,978.6,99.0,22.36,86.94,32.0,0.8660254037844386,0.5000000000000001,0.7638886127905428,-0.6453481132295501,0.0,0.0,0.0,0.0,0.4449999999999997,1.0,0.0,0.0,0.07,0.6939999999999997,73.0,Critical,pH tidak stabil,pH tidak stabil
2026-05-12 05:00:00,ph_drift,6.08,25.07,7.85,0.115,0.078,54.72,1.993,1004.0,99.0,23.11,90.59,68.0,0.9659258262890683,0.25881904510252074,0.7638886127905428,-0.6453481132295501,0.0,0.0,0.0,0.0,0.52,1.0,0.0,0.0,0.07,1.0,73.4,Critical,pH tidak stabil,pH tidak stabil
2026-05-12 06:00:00,ph_drift,6.06,25.05,7.87,0.118,0.065,54.45,1.993,993.0,99.0,23.0,88.47,83.0,1.0,6.123233995736766e-17,0.7638886127905428,-0.6453481132295501,0.0,0.0,0.0,0.0,0.4825,1.0,0.0,0.0,0.07,0.8469999999999999,73.2,Critical,pH tidak stabil,pH tidak stabil
2026-05-12 07:00:00,ph_drift,6.03,25.05,7.93,0.235,0.072,54.83,1.978,983.2,99.0,23.37,85.17,3566.0,0.9659258262890683,-0.25881904510252063,0.7638886127905428,-0.6453481132295501,0.0,0.0,0.0,0.0,0.4449999999999997,1.0,0.0,0.0,0.07,0.5170000000000001,72.9,Critical,pH tidak stabil,pH tidak stabil
2026-05-12 08:00:00,ph_drift,5.98,25.09,7.72,0.227,0.061,55.41,1.995,994.5,99.0,23.99,80.61,10133.0,0.8660254037844387,-0.4999999999999998,0.7638886127905428,-0.6453481132295501,0.0,0.0,0.0,0.0,0.4875,1.0,0.0,0.0,0.07,0.06099999999999994,72.8,Critical,pH tidak stabil,pH tidak stabil
2026-05-12 09:00:00,ph_drift,5.97,25.2,7.79,0.189,0.071,56.02,1.991,995.2,99.0,25.99,78.1,18819.0,0.7071067811865476,-0.7071067811865475,0.7638886127905428,-0.6453481132295501,0.0,0.0,0.0,0.0,0.4775,1.0,0.0,0.0,0.07,0.0,72.7,Critical,pH tidak stabil,pH tidak stabil
2026-05-12 10:00:00,ph_drift,5.96,25.35,7.48,0.167,0.06,55.74,1.991,994.5,99.0,27.84,75.53,25055.0,0.49999999999999994,-0.8660254037844387,0.7638886127905428,-0.6453481132295501,0.0,0.0,0.0,0.0,0.4775,1.0,0.0,0.0,0.07,0.0,72.7,Critical,pH tidak stabil,pH tidak stabil
2026-05-12 11:00:00,ph_drift,5.96,25.48,7.51,0.157,0.073,55.26,1.982,979.1,99.0,28.35,75.56,30151.0,0.258819045102521,-0.9659258262890682,0.7638886127905428,-0.6453481132295501,0.0,0.0,0.0,0.0,0.4549999999999997,1.0,0.0,0.0,0.07,0.0,72.7,Critical,pH tidak stabil,pH tidak stabil
2026-05-12 12:00:00,ph_drift,5.97,25.57,7.23,0.158,0.079,55.83,1.973,983.3,99.0,28.23,75.99,31367.0,1.2246467991473532e-16,-1.0,0.7638886127905428,-0.6453481132295501,0.0,0.0,0.0,0.0,0.43249999999999994,1.0,0.0,0.0,0.07,0.0,72.6,Critical,pH tidak stabil,pH tidak stabil
2026-05-12 13:00:00,ph_drift,5.99,25.65,7.44,0.145,0.069,54.85,1.971,993.6,99.0,28.53,75.66,32812.0,-0.2588190451025208,-0.9659258262890683,0.7638886127905428,-0.6453481132295501,0.0,0.0,0.0,0.0,0.46800000000000014,1.0,0.0,0.0,0.07,0.0,72.7,Critical,pH tidak stabil,pH tidak stabil
2026-05-12 14:00:00,ph_drift,6.01,25.71,7.33,0.14,0.076,55.33,1.989,990.5,99.0,26.8,76.96,27809.0,-0.4999999999999997,-0.8660254037844388,0.7638886127905428,-0.6453481132295501,0.0,0.0,0.0,0.0,0.4725,1.0,0.0,0.0,0.07,0.0,72.7,Critical,pH tidak stabil,pH tidak stabil
2026-05-12 15:00:00,ph_drift,6.01,25.7,7.59,0.144,0.069,54.82,1.972,991.9,99.0,25.54,79.62,20823.0,-0.7071067811865471,-0.7071067811865479,0.7638886127905428,-0.6453481132295501,0.0,0.0,0.0,0.0,0.4594999999999999,1.0,0.0,0.0,0.07,0.0,72.7,Critical,pH tidak stabil,pH tidak stabil
2026-05-12 16:00:00,ph_drift,6.05,25.69,7.63,0.097,0.065,55.27,1.972,986.3,99.0,24.53,80.7,11308.0,-0.8660254037844385,-0.5000000000000004,0.7638886127905428,-0.6453481132295501,0.0,0.0,0.0,0.0,0.4314999999999998,1.0,0.0,0.0,0.07,0.07000000000000028,72.7,Critical,pH tidak stabil,pH tidak stabil
2026-05-12 17:00:00,ph_drift,6.08,25.7,7.56,0.22,0.079,54.32,1.969,982.2,99.0,23.8,81.37,4950.0,-0.9659258262890683,-0.25881904510252063,0.7638886127905428,-0.6453481132295501,0.0,0.0,0.0,0.0,0.42249999999999993,1.0,0.0,0.0,0.07,0.13700000000000045,72.7,Critical,pH tidak stabil,pH tidak stabil
2026-05-12 18:00:00,ph_drift,6.12,25.63,7.64,0.183,0.071,54.57,1.979,983.0,99.0,22.67,83.96,423.0,-1.0,-1.8369701987210297e-16,0.7638886127905428,-0.6453481132295501,0.0,0.0,0.0,0.0,0.44749999999999995,1.0,0.0,0.0,0.07,0.39599999999999935,72.9,Critical,pH tidak stabil,pH tidak stabil
2026-05-12 19:00:00,ph_drift,6.15,25.58,7.8,0.184,0.067,55.14,1.977,1002.5,99.0,22.84,90.21,15.0,-0.9659258262890684,0.2588190451025203,0.7638886127905428,-0.6453481132295501,0.0,0.0,0.0,0.0,0.5125,1.0,0.0,0.0,0.07,1.0,73.3,Critical,pH tidak stabil,pH tidak stabil
2026-05-12 20:00:00,ph_drift,6.18,25.53,7.78,0.176,0.069,55.02,1.996,1001.2,99.0,22.47,87.29,45.0,-0.8660254037844386,0.5000000000000001,0.7638886127905428,-0.6453481132295501,0.0,0.0,0.0,0.0,0.5060000000000002,1.0,0.0,0.0,0.07,0.7290000000000006,73.2,Critical,pH tidak stabil,pH tidak stabil
2026-05-12 21:00:00,ph_drift,6.24,25.38,7.69,0.165,0.064,55.03,2.019,999.9,99.0,23.0,87.24,74.0,-0.7071067811865477,0.7071067811865474,0.7638886127905428,-0.6453481132295501,0.0,0.0,0.0,0.0,0.5475,0.8,0.0,0.0,0.05600000000000001,0.7239999999999995,58.9,Warning,Normal,Normal
2026-05-12 22:00:00,ph_drift,6.31,25.32,7.69,0.153,0.069,55.17,1.998,1013.6,99.0,22.87,89.4,21.0,-0.5000000000000004,0.8660254037844384,0.7638886127905428,-0.6453481132295501,0.0,0.0,0.0,0.0,0.5680000000000001,0.45000000000000334,0.0,0.0,0.031500000000000236,0.9400000000000006,41.3,Warning,Normal,Normal
2026-05-12 23:00:00,ph_drift,6.37,25.27,7.78,0.155,0.068,55.25,2.027,994.0,99.0,23.27,89.58,80.0,-0.25881904510252157,0.9659258262890681,0.7638886127905428,-0.6453481132295501,0.0,0.0,0.0,0.0,0.5675,0.1500000000000011,0.0,0.0,0.010500000000000079,0.9579999999999999,40.5,Warning,Normal,Normal
2026-05-13 00:00:00,ph_drift,6.43,25.22,7.77,0.132,0.083,54.96,1.984,987.7,99.0,23.15,88.23,73.0,0.0,1.0,0.7526668275320085,-0.6584015846980488,0.0,0.0,0.0,0.0,0.4599999999999997,0.0,0.0,0.0,0.0,0.8230000000000004,32.5,Warning,Normal,Normal
2026-05-13 01:00:00,ph_drift,6.49,25.17,7.82,0.154,0.065,55.63,1.984,994.6,99.0,23.04,87.24,15.0,0.25881904510252074,0.9659258262890683,0.7526668275320085,-0.6584015846980488,0.0,0.0,0.0,0.0,0.4730000000000001,0.0,0.0,0.0,0.0,0.7239999999999995,33.4,Warning,Normal,Normal
2026-05-13 02:00:00,ph_drift,6.55,25.17,7.95,0.105,0.063,54.93,1.973,997.6,99.0,22.88,89.53,66.0,0.49999999999999994,0.8660254037844387,0.7526668275320085,-0.6584015846980488,0.0,0.0,0.0,0.0,0.4880000000000001,0.0,0.0,0.0,0.0,0.9530000000000001,34.6,Warning,Normal,Normal
2026-05-13 03:00:00,ph_drift,6.61,25.06,7.75,0.111,0.067,56.03,1.971,968.8,99.0,22.81,88.33,52.0,0.7071067811865476,0.7071067811865476,0.7526668275320085,-0.6584015846980488,0.0,0.0,0.0,0.0,0.42749999999999994,0.0,0.0,0.0,0.0,0.8329999999999999,30.3,Warning,Normal,Normal
2026-05-13 04:00:00,ph_drift,6.68,25.08,7.88,0.126,0.064,55.98,1.966,980.3,99.0,22.93,89.36,0.0,0.8660254037844386,0.5000000000000001,0.7526668275320085,-0.6584015846980488,0.0,0.0,0.0,0.0,0.4149999999999997,0.0,0.0,0.0,0.0,0.9359999999999999,33.0,Warning,Normal,Normal
2026-05-13 05:00:00,ph_drift,6.76,25.02,7.82,0.114,0.082,56.04,1.946,967.9,99.0,23.05,90.35,20.0,0.9659258262890683,0.25881904510252074,0.7526668275320085,-0.6584015846980488,0.0,0.0,0.0,0.0,0.36499999999999966,0.0,0.0,0.0,0.0,1.0,35.1,Warning,Normal,Normal
2026-05-13 06:00:00,ph_drift,6.82,24.96,7.78,0.108,0.064,56.31,1.929,959.2,99.0,22.21,88.03,36.0,1.0,6.123233995736766e-17,0.7526668275320085,-0.6584015846980488,0.0,0.0,0.0,0.0,0.3224999999999999,0.0,0.0,0.0,0.0,0.8030000000000002,28.3,Normal,Normal,Normal
2026-05-13 07:00:00,normal,6.82,24.97,7.94,0.259,0.077,55.75,1.958,973.9,99.0,23.62,82.43,4401.0,0.9659258262890683,-0.25881904510252063,0.7526668275320085,-0.6584015846980488,0.0,0.0,0.0,0.0,0.3949999999999997,0.0,0.0,0.0,0.0,0.2430000000000007,27.7,Normal,Normal,Normal
2026-05-13 08:00:00,normal,6.81,24.98,7.63,0.224,0.064,56.6,1.93,961.8,99.0,25.49,80.52,11539.0,0.8660254037844387,-0.4999999999999998,0.7526668275320085,-0.6584015846980488,0.0,0.0,0.0,0.0,0.3249999999999996,0.0,0.0,0.0,0.0,0.0519999999999996,22.7,Normal,Normal,Normal
2026-05-13 09:00:00,normal,6.82,24.98,7.63,0.198,0.078,55.98,1.905,935.7,99.0,26.07,77.76,20737.0,0.7071067811865476,-0.7071067811865475,0.7526668275320085,-0.6584015846980488,0.0,0.0,0.0,0.0,0.26249999999999984,0.0,0.0,0.0,0.0,0.0,18.3,Normal,Normal,Normal
2026-05-13 10:00:00,normal,6.82,25.2,7.44,0.154,0.076,55.69,1.936,964.5,99.0,27.34,78.28,27803.0,0.49999999999999994,-0.8660254037844387,0.7526668275320085,-0.6584015846980488,0.0,0.0,0.0,0.0,0.33999999999999964,0.0,0.0,0.0,0.0,0.0,23.7,Normal,Normal,Normal
2026-05-13 11:00:00,normal,6.8,25.3,7.55,0.162,0.059,55.79,1.948,977.2,99.0,27.86,75.55,32318.0,0.258819045102521,-0.9659258262890682,0.7526668275320085,-0.6584015846980488,0.0,0.0,0.0,0.0,0.38600000000000023,0.0,0.0,0.0,0.0,0.0,26.9,Normal,Normal,Normal
2026-05-13 12:00:00,normal,6.8,25.38,7.44,0.138,0.081,55.62,1.912,969.6,99.0,29.64,72.19,35214.0,1.2246467991473532e-16,-1.0,0.7526668275320085,-0.6584015846980488,0.0,0.0,0.0,0.0,0.3480000000000001,0.0,0.0,0.0,0.0,0.0,24.3,Normal,Normal,Normal
2026-05-13 13:00:00,normal,6.8,25.47,7.47,0.139,0.064,55.51,1.949,965.9,99.0,28.43,73.11,28515.0,-0.2588190451025208,-0.9659258262890683,0.7526668275320085,-0.6584015846980488,0.0,0.0,0.0,0.0,0.37249999999999994,0.0,0.0,0.0,0.0,0.0,26.0,Normal,Normal,Normal
2026-05-13 14:00:00,normal,6.79,25.58,7.49,0.139,0.064,55.28,1.954,976.8,99.0,27.77,79.67,25396.0,-0.4999999999999997,-0.8660254037844388,0.7526668275320085,-0.6584015846980488,0.0,0.0,0.0,0.0,0.3849999999999997,0.0,0.0,0.0,0.0,0.0,26.8,Normal,Normal,Normal
2026-05-13 15:00:00,normal,6.79,25.62,7.29,0.12,0.069,54.74,1.896,963.6,99.0,26.54,80.4,17572.0,-0.7071067811865471,-0.7071067811865479,0.7526668275320085,-0.6584015846980488,0.0,0.0,0.0,0.0,0.3180000000000001,0.0,0.0,0.0,0.0,0.04000000000000057,22.2,Normal,Normal,Normal
2026-05-13 16:00:00,normal,6.81,25.6,7.59,0.117,0.082,54.7,1.927,969.2,99.0,24.68,81.64,10903.0,-0.8660254037844385,-0.5000000000000004,0.7526668275320085,-0.6584015846980488,0.0,0.0,0.0,0.0,0.34600000000000025,0.0,0.0,0.0,0.0,0.16400000000000006,24.2,Normal,Normal,Normal
2026-05-13 17:00:00,normal,6.79,25.5,7.84,0.241,0.081,55.65,1.937,962.8,99.0,23.67,82.66,4757.0,-0.9659258262890683,-0.25881904510252063,0.7526668275320085,-0.6584015846980488,0.0,0.0,0.0,0.0,0.3424999999999999,0.0,0.0,0.0,0.0,0.2659999999999997,24.0,Normal,Normal,Normal
2026-05-13 18:00:00,normal,6.8,25.47,7.64,0.211,0.059,55.04,1.938,957.3,99.0,23.15,84.29,768.0,-1.0,-1.8369701987210297e-16,0.7526668275320085,-0.6584015846980488,0.0,0.0,0.0,0.0,0.34499999999999964,0.0,0.0,0.0,0.0,0.4290000000000006,24.3,Normal,Normal,Normal
2026-05-13 19:00:00,normal,6.81,25.45,7.68,0.186,0.069,54.77,1.908,965.8,99.0,22.8,87.42,25.0,-0.9659258262890684,0.2588190451025203,0.7526668275320085,-0.6584015846980488,0.0,0.0,0.0,0.0,0.3289999999999998,0.0,0.0,0.0,0.0,0.7420000000000002,26.2,Normal,Normal,Normal
2026-05-13 20:00:00,normal,6.81,25.4,7.76,0.187,0.059,55.3,1.917,954.2,99.0,22.5,90.89,56.0,-0.8660254037844386,0.5000000000000001,0.7526668275320085,-0.6584015846980488,0.0,0.0,0.0,0.0,0.29249999999999987,0.0,0.0,0.0,0.0,1.0,35.0,Warning,Normal,Normal
2026-05-13 21:00:00,normal,6.82,25.29,7.71,0.148,0.064,55.42,1.948,956.0,99.0,22.98,91.64,71.0,-0.7071067811865477,0.7071067811865474,0.7526668275320085,-0.6584015846980488,0.0,0.0,0.0,0.0,0.36999999999999966,0.0,0.0,0.0,0.0,1.0,35.1,Warning,Normal,Normal
2026-05-13 22:00:00,normal,6.82,25.15,7.81,0.13,0.058,55.39,1.935,962.8,99.0,23.36,89.03,83.0,-0.5000000000000004,0.8660254037844384,0.7526668275320085,-0.6584015846980488,0.0,0.0,0.0,0.0,0.3374999999999999,0.0,0.0,0.0,0.0,0.9030000000000001,31.7,Warning,Normal,Normal
2026-05-13 23:00:00,normal,6.82,25.09,7.83,0.122,0.059,55.08,1.904,950.5,99.0,23.0,87.61,42.0,-0.25881904510252157,0.9659258262890681,0.7526668275320085,-0.6584015846980488,0.0,0.0,0.0,0.0,0.25999999999999956,0.0,0.0,0.0,0.0,0.7609999999999999,26.7,Normal,Normal,Normal
2026-05-14 00:00:00,normal,6.81,25.09,7.87,0.115,0.06,55.55,1.948,978.9,99.0,23.42,87.59,48.0,0.0,1.0,0.7412220108485958,-0.6712599575675313,0.0,0.0,0.0,0.0,0.3944999999999999,0.0,0.0,0.0,0.0,0.7590000000000003,27.9,Normal,Normal,Normal
2026-05-14 01:00:00,normal,6.82,25.1,7.76,0.112,0.061,55.3,1.954,960.4,99.0,22.57,90.17,47.0,0.25881904510252074,0.9659258262890683,0.7412220108485958,-0.6712599575675313,0.0,0.0,0.0,0.0,0.3849999999999997,0.0,0.0,0.0,0.0,1.0,35.2,Warning,Normal,Normal
2026-05-14 02:00:00,normal,6.82,25.08,7.75,0.088,0.061,55.13,1.946,955.8,99.0,23.15,88.91,88.0,0.49999999999999994,0.8660254037844387,0.7412220108485958,-0.6712599575675313,0.0,0.0,0.0,0.0,0.36499999999999966,0.0,0.0,0.0,0.0,0.8909999999999997,31.4,Warning,Normal,Normal
2026-05-14 03:00:00,low_water_level,6.8,25.04,7.84,0.066,0.079,54.98,1.954,964.1,99.0,23.39,88.44,32.0,0.7071067811865476,0.7071067811865476,0.7412220108485958,-0.6712599575675313,0.0,0.0,0.0,0.0,0.3849999999999997,0.0,0.0,0.0,0.0,0.8439999999999998,29.8,Normal,Normal,Normal
2026-05-14 04:00:00,low_water_level,6.8,25.06,7.77,0.085,0.054,55.05,1.937,971.6,99.0,22.71,88.92,23.0,0.8660254037844386,0.5000000000000001,0.7412220108485958,-0.6712599575675313,0.0,0.0,0.0,0.0,0.3580000000000001,0.0,0.0,0.0,0.0,0.8920000000000001,31.4,Warning,Normal,Normal
2026-05-14 05:00:00,low_water_level,6.8,25.02,7.84,0.084,0.061,55.02,1.962,979.4,99.0,22.76,91.48,112.0,0.9659258262890683,0.25881904510252074,0.7412220108485958,-0.6712599575675313,0.0,0.0,0.0,0.0,0.4049999999999997,0.0,0.0,0.0,0.0,1.0,35.2,Warning,Normal,Normal
2026-05-14 06:00:00,low_water_level,6.78,25.05,7.79,0.072,0.054,55.41,1.944,986.1,99.0,22.93,89.46,38.0,1.0,6.123233995736766e-17,0.7412220108485958,-0.6712599575675313,0.0,0.0,0.0,0.0,0.4305000000000001,0.0,0.0,0.0,0.0,0.9459999999999994,33.4,Warning,Normal,Normal
2026-05-14 07:00:00,low_water_level,6.78,25.11,7.66,0.219,0.055,55.49,1.955,967.2,99.0,23.75,84.8,4312.0,0.9659258262890683,-0.25881904510252063,0.7412220108485958,-0.6712599575675313,0.0,0.0,0.0,0.0,0.38749999999999996,0.0,0.0,0.0,0.0,0.4799999999999997,27.3,Normal,Normal,Normal
2026-05-14 08:00:00,low_water_level,6.78,25.13,7.69,0.178,0.06,55.15,1.957,965.0,99.0,25.01,82.12,10131.0,0.8660254037844387,-0.4999999999999998,0.7412220108485958,-0.6712599575675313,0.0,0.0,0.0,0.0,0.39249999999999996,0.0,0.0,0.0,0.0,0.21200000000000047,27.5,Normal,Normal,Normal
2026-05-14 09:00:00,low_water_level,6.78,25.3,7.61,0.164,0.069,54.66,1.948,966.6,99.0,26.68,78.55,17136.0,0.7071067811865476,-0.7071067811865475,0.7412220108485958,-0.6712599575675313,0.0,0.0,0.0,0.0,0.36999999999999966,0.0,0.0,0.0,0.0,0.0,25.8,Normal,Normal,Normal
2026-05-14 10:00:00,low_water_level,6.77,25.4,7.51,0.157,0.075,54.98,1.951,964.4,99.0,27.54,78.06,24627.0,0.49999999999999994,-0.8660254037844387,0.7412220108485958,-0.6712599575675313,0.0,0.0,0.0,0.0,0.37749999999999995,0.0,0.0,0.0,0.0,0.0,26.3,Normal,Normal,Normal
2026-05-14 11:00:00,low_water_level,6.78,25.43,7.52,0.129,0.055,55.06,1.947,973.0,99.0,28.65,74.45,28708.0,0.258819045102521,-0.9659258262890682,0.7412220108485958,-0.6712599575675313,0.0,0.0,0.0,0.0,0.36749999999999994,0.0,0.0,0.0,0.0,0.0,25.6,Normal,Normal,Normal
2026-05-14 12:00:00,low_water_level,6.77,25.55,7.45,0.123,0.061,55.05,1.933,966.6,99.0,29.02,74.35,30890.0,1.2246467991473532e-16,-1.0,0.7412220108485958,-0.6712599575675313,0.0,0.0,0.0,0.0,0.33300000000000013,0.0,0.0,0.0,0.0,0.0,23.2,Normal,Normal,Normal
2026-05-14 13:00:00,low_water_level,6.76,25.67,7.28,0.112,0.058,54.96,1.914,977.6,99.0,29.03,72.25,36715.0,-0.2588190451025208,-0.9659258262890683,0.7412220108485958,-0.6712599575675313,0.0,0.0,0.0,0.0,0.3880000000000001,0.0,0.0,0.0,0.0,0.0,27.1,Normal,Normal,Normal
2026-05-14 14:00:00,low_water_level,6.77,25.87,7.34,0.09,0.069,55.02,1.931,955.6,99.0,29.36,72.87,30713.0,-0.4999999999999997,-0.8660254037844388,0.7412220108485958,-0.6712599575675313,0.0,0.0,0.0,0.0,0.3274999999999999,0.0,0.0,0.0,0.0,0.0,22.8,Normal,Normal,Normal
2026-05-14 15:00:00,low_water_level,6.77,25.9,7.38,0.086,0.058,54.87,1.881,958.9,99.0,26.83,78.03,22628.0,-0.7071067811865471,-0.7071067811865479,0.7412220108485958,-0.6712599575675313,0.0,0.0,0.0,0.0,0.2944999999999999,0.0,0.0,0.0,0.0,0.0,20.5,Normal,Normal,Normal
2026-05-14 16:00:00,low_water_level,6.77,25.87,7.55,0.094,0.05,55.25,1.907,947.1,99.0,25.89,80.44,13970.0,-0.8660254037844385,-0.5000000000000004,0.7412220108485958,-0.6712599575675313,0.0,0.0,0.0,0.0,0.26749999999999985,0.0,0.0,0.0,0.0,0.043999999999999775,18.7,Normal,Normal,Normal
2026-05-14 17:00:00,low_water_level,6.77,25.87,7.51,0.212,0.071,55.0,1.887,945.9,99.0,24.75,82.94,4256.0,-0.9659258262890683,-0.25881904510252063,0.7412220108485958,-0.6712599575675313,0.0,0.0,0.0,0.0,0.2294999999999999,0.0,0.0,0.0,0.0,0.29399999999999976,16.2,Normal,Normal,Normal
2026-05-14 18:00:00,low_water_level,6.78,25.82,7.63,0.181,0.063,55.2,1.897,932.3,99.0,23.86,83.13,651.0,-1.0,-1.8369701987210297e-16,0.7412220108485958,-0.6712599575675313,0.0,0.0,0.0,0.0,0.24249999999999985,0.0,0.0,0.0,0.0,0.31299999999999956,17.1,Normal,Normal,Normal
2026-05-14 19:00:00,low_water_level,6.77,25.82,7.59,0.164,0.079,54.9,1.886,939.9,99.0,23.66,89.4,69.0,-0.9659258262890684,0.2588190451025203,0.7412220108485958,-0.6712599575675313,0.0,0.0,0.0,0.0,0.21499999999999955,0.0,0.0,0.0,0.0,0.9400000000000006,32.7,Warning,Normal,Normal
2026-05-14 20:00:00,low_water_level,6.76,25.72,7.8,0.154,0.062,55.21,1.9,944.2,99.0,23.96,88.21,45.0,-0.8660254037844386,0.5000000000000001,0.7412220108485958,-0.6712599575675313,0.0,0.0,0.0,0.0,0.24999999999999958,0.0,0.0,0.0,0.0,0.8209999999999994,28.7,Normal,Normal,Normal
2026-05-14 21:00:00,low_water_level,6.77,25.7,7.69,0.134,0.059,55.39,1.91,954.1,99.0,24.04,87.44,25.0,-0.7071067811865477,0.7071067811865474,0.7412220108485958,-0.6712599575675313,0.0,0.0,0.0,0.0,0.2749999999999996,0.0,0.0,0.0,0.0,0.7439999999999998,26.1,Normal,Normal,Normal
2026-05-14 22:00:00,low_water_level,6.77,25.63,7.72,0.128,0.079,55.63,1.909,952.8,99.0,24.18,87.64,30.0,-0.5000000000000004,0.8660254037844384,0.7412220108485958,-0.6712599575675313,0.0,0.0,0.0,0.0,0.27249999999999985,0.0,0.0,0.0,0.0,0.764,26.8,Normal,Normal,Normal
2026-05-14 23:00:00,low_water_level,6.77,25.52,7.61,0.15,0.064,56.21,1.908,960.1,99.0,23.57,89.35,95.0,-0.25881904510252157,0.9659258262890681,0.7412220108485958,-0.6712599575675313,0.0,0.0,0.0,0.0,0.3005000000000001,0.0,0.0,0.0,0.0,0.9349999999999994,32.7,Warning,Normal,Normal
2026-05-15 00:00:00,low_water_level,6.78,25.54,7.71,0.141,0.067,56.66,1.885,950.4,99.0,24.35,87.82,62.0,0.0,1.0,0.7295575540864875,-0.6839194216246106,0.0,0.0,0.0,0.0,0.2519999999999999,0.0,0.0,0.0,0.0,0.7819999999999994,27.4,Normal,Normal,Normal
2026-05-15 01:00:00,low_water_level,6.79,25.6,7.74,0.147,0.062,55.56,1.887,949.9,99.0,24.61,84.58,28.0,0.25881904510252074,0.9659258262890683,0.7295575540864875,-0.6839194216246106,0.0,0.0,0.0,0.0,0.2494999999999999,0.0,0.0,0.0,0.0,0.45799999999999985,17.7,Normal,Normal,Normal
2026-05-15 02:00:00,low_water_level,6.78,25.57,7.75,0.106,0.07,55.51,1.892,950.2,99.0,23.87,89.38,55.0,0.49999999999999994,0.8660254037844387,0.7295575540864875,-0.6839194216246106,0.0,0.0,0.0,0.0,0.2510000000000002,0.0,0.0,0.0,0.0,0.9379999999999995,32.7,Warning,Normal,Normal
2026-05-15 03:00:00,low_water_level,6.8,25.44,7.75,0.117,0.07,55.44,1.877,944.3,99.0,23.42,87.51,69.0,0.7071067811865476,0.7071067811865476,0.7295575540864875,-0.6839194216246106,0.0,0.0,0.0,0.0,0.22149999999999978,0.0,0.0,0.0,0.0,0.7510000000000006,26.3,Normal,Normal,Normal
2026-05-15 04:00:00,low_water_level,6.81,25.43,7.75,0.087,0.073,55.58,1.897,936.4,99.0,23.93,85.75,17.0,0.8660254037844386,0.5000000000000001,0.7295575540864875,-0.6839194216246106,0.0,0.0,0.0,0.0,0.24249999999999985,0.0,0.0,0.0,0.0,0.575,20.3,Normal,Normal,Normal
2026-05-15 05:00:00,low_water_level,6.82,25.39,7.81,0.099,0.06,55.84,1.883,946.4,99.0,24.31,87.63,59.0,0.9659258262890683,0.25881904510252074,0.7295575540864875,-0.6839194216246106,0.0,0.0,0.0,0.0,0.23199999999999987,0.0,0.0,0.0,0.0,0.7629999999999996,26.7,Normal,Normal,Normal
2026-05-15 06:00:00,low_water_level,6.81,25.35,7.87,0.114,0.056,55.68,1.898,939.1,99.0,23.85,87.61,38.0,1.0,6.123233995736766e-17,0.7295575540864875,-0.6839194216246106,0.0,0.0,0.0,0.0,0.24499999999999958,0.0,0.0,0.0,0.0,0.7609999999999999,26.7,Normal,Normal,Normal
2026-05-15 07:00:00,low_water_level,6.81,25.38,7.63,0.214,0.084,54.73,1.908,928.6,99.0,25.11,80.39,4222.0,0.9659258262890683,-0.25881904510252063,0.7295575540864875,-0.6839194216246106,0.0,0.0,0.0,0.0,0.2699999999999996,0.0,0.0,0.0,0.0,0.039000000000000055,18.8,Normal,Normal,Normal
2026-05-15 08:00:00,low_water_level,6.82,25.46,7.72,0.203,0.08,55.58,1.889,934.3,99.0,25.95,78.92,13554.0,0.8660254037844387,-0.4999999999999998,0.7295575540864875,-0.6839194216246106,0.0,0.0,0.0,0.0,0.22249999999999984,0.0,0.0,0.0,0.0,0.0,15.5,Normal,Normal,Normal
2026-05-15 09:00:00,low_water_level,6.82,25.51,7.55,0.195,0.069,55.39,1.874,940.6,99.0,27.93,75.84,22544.0,0.7071067811865476,-0.7071067811865475,0.7295575540864875,-0.6839194216246106,0.0,0.0,0.0,0.0,0.20300000000000012,0.0,0.0,0.0,0.0,0.0,14.2,Normal,Normal,Normal
2026-05-15 10:00:00,low_water_level,6.83,25.61,7.42,0.166,0.066,56.92,1.9,938.9,99.0,28.34,74.31,31163.0,0.49999999999999994,-0.8660254037844387,0.7295575540864875,-0.6839194216246106,0.0,0.0,0.0,0.0,0.24999999999999958,0.0,0.0,0.0,0.0,0.0,17.4,Normal,Normal,Normal
2026-05-15 11:00:00,low_water_level,6.84,25.77,7.18,0.144,0.077,55.92,1.879,940.2,99.0,29.35,76.05,35704.0,0.258819045102521,-0.9659258262890682,0.7295575540864875,-0.6839194216246106,0.0,0.0,0.0,0.0,0.20100000000000023,0.0,0.0,0.0,0.0,0.0,14.0,Normal,Normal,Normal
2026-05-15 12:00:00,low_water_level,6.85,26.04,7.18,0.131,0.063,56.55,1.878,960.1,99.0,30.13,72.11,38371.0,1.2246467991473532e-16,-1.0,0.7295575540864875,-0.6839194216246106,0.0,0.0,0.0,0.0,0.3005000000000001,0.0,0.0,0.0,0.0,0.0,21.0,Normal,Normal,Normal
2026-05-15 13:00:00,low_water_level,6.85,26.07,7.27,0.149,0.071,55.96,1.916,951.3,99.0,29.15,74.76,32063.0,-0.2588190451025208,-0.9659258262890683,0.7295575540864875,-0.6839194216246106,0.0,0.0,0.0,0.0,0.2899999999999996,0.0,0.0,0.0,0.0,0.0,20.2,Normal,Normal,Normal
2026-05-15 14:00:00,low_water_level,6.84,26.24,7.38,0.139,0.067,56.3,1.907,948.2,99.0,29.21,75.67,27066.0,-0.4999999999999997,-0.8660254037844388,0.7295575540864875,-0.6839194216246106,0.0,0.0,0.0,0.0,0.26749999999999985,0.0,0.0,0.0,0.0,0.0,18.7,Normal,Normal,Normal
2026-05-15 15:00:00,low_water_level,6.85,26.22,7.37,0.102,0.077,55.48,1.896,944.5,99.0,27.61,80.06,18957.0,-0.7071067811865471,-0.7071067811865479,0.7295575540864875,-0.6839194216246106,0.0,0.0,0.0,0.0,0.23999999999999957,0.0,0.0,0.0,0.0,0.006000000000000227,16.7,Normal,Normal,Normal
2026-05-15 16:00:00,oxygen_stress,6.84,26.2,7.4,0.091,0.066,55.73,1.909,952.3,99.0,26.12,80.55,11448.0,-0.8660254037844385,-0.5000000000000004,0.7295575540864875,-0.6839194216246106,0.0,0.0,0.0,0.0,0.27249999999999985,0.0,0.0,0.0,0.0,0.054999999999999716,19.0,Normal,Normal,Normal
2026-05-15 17:00:00,oxygen_stress,6.84,26.21,7.17,0.223,0.079,56.7,1.932,951.8,99.0,25.35,81.39,4181.0,-0.9659258262890683,-0.25881904510252063,0.7295575540864875,-0.6839194216246106,0.0,0.0,0.0,0.0,0.3299999999999996,0.0,0.0,0.0,0.0,0.13900000000000007,23.1,Normal,Normal,Normal
2026-05-15 18:00:00,oxygen_stress,6.83,26.08,7.15,0.185,0.072,56.55,1.897,949.9,99.0,24.05,83.56,0.0,-1.0,-1.8369701987210297e-16,0.7295575540864875,-0.6839194216246106,0.0,0.0,0.0,0.0,0.2494999999999999,0.0,0.0,0.0,0.0,0.3560000000000002,17.6,Normal,Normal,Normal
2026-05-15 19:00:00,oxygen_stress,6.83,26.08,6.93,0.152,0.064,56.57,1.904,952.8,99.0,24.91,87.18,71.0,-0.9659258262890684,0.2588190451025203,0.7295575540864875,-0.6839194216246106,0.0,0.0,0.0,0.0,0.2639999999999998,0.0,0.0,0.0,0.0,0.7180000000000006,25.2,Normal,Normal,Normal
2026-05-15 20:00:00,oxygen_stress,6.83,25.97,6.59,0.146,0.078,55.81,1.926,963.6,99.0,24.12,87.56,63.0,-0.8660254037844386,0.5000000000000001,0.7295575540864875,-0.6839194216246106,0.0,0.0,0.0,0.0,0.3180000000000001,0.0,0.0,0.0,0.0,0.7560000000000002,26.6,Normal,Normal,Normal
2026-05-15 21:00:00,oxygen_stress,6.84,25.91,6.5,0.148,0.06,56.7,1.943,965.1,99.0,24.56,85.86,73.0,-0.7071067811865477,0.7071067811865474,0.7295575540864875,-0.6839194216246106,0.0,0.0,0.0,0.0,0.35749999999999993,0.0,0.0,0.0,0.0,0.586,25.3,Normal,Normal,Normal
2026-05-15 22:00:00,oxygen_stress,6.83,25.82,6.32,0.128,0.057,56.56,1.923,966.8,99.0,23.98,87.68,61.0,-0.5000000000000004,0.8660254037844384,0.7295575540864875,-0.6839194216246106,0.0,0.0,0.0,0.0,0.3339999999999998,0.0,0.0,0.0,0.0,0.7680000000000007,27.1,Normal,Normal,Normal
2026-05-15 23:00:00,oxygen_stress,6.84,25.74,6.18,0.111,0.059,56.36,1.913,946.3,99.0,24.54,86.67,46.0,-0.25881904510252157,0.9659258262890681,0.7295575540864875,-0.6839194216246106,0.0,0.0,0.0,0.0,0.28249999999999986,0.0,0.0,0.0,0.0,0.6670000000000001,23.5,Normal,Normal,Normal
2026-05-16 00:00:00,oxygen_stress,6.82,25.73,6.07,0.132,0.061,55.47,1.929,945.9,99.0,24.65,88.7,81.0,0.0,1.0,0.717676913675962,-0.6963762255968722,0.0,0.0,0.0,0.0,0.3224999999999999,0.0,0.0,0.0,0.0,0.8700000000000003,30.6,Warning,Normal,Normal
2026-05-16 01:00:00,oxygen_stress,6.82,25.78,5.88,0.113,0.06,55.86,1.903,946.4,99.0,24.22,87.09,67.0,0.25881904510252074,0.9659258262890683,0.717676913675962,-0.6963762255968722,0.0,0.0,0.0,0.0,0.25749999999999984,0.0,0.0,0.0,0.0,0.7090000000000003,24.9,Normal,Normal,Normal
2026-05-16 02:00:00,oxygen_stress,6.81,25.7,5.72,0.099,0.058,55.24,1.894,934.1,99.0,24.05,89.04,22.0,0.49999999999999994,0.8660254037844387,0.717676913675962,-0.6963762255968722,0.0,0.0,0.0,0.0,0.23499999999999957,0.0,0.0,0.0,0.0,0.9040000000000006,31.5,Warning,Normal,Normal
2026-05-16 03:00:00,oxygen_stress,6.81,25.67,5.65,0.078,0.059,55.93,1.897,948.1,99.0,24.39,89.51,40.0,0.7071067811865476,0.7071067811865476,0.717676913675962,-0.6963762255968722,0.0,0.0,0.0,0.0,0.24249999999999985,0.0,0.0,0.0,0.0,0.9510000000000005,33.2,Warning,Normal,Normal
2026-05-16 04:00:00,oxygen_stress,6.84,25.58,5.43,0.129,0.058,55.81,1.911,948.2,99.0,23.72,86.94,66.0,0.8660254037844386,0.5000000000000001,0.717676913675962,-0.6963762255968722,0.0,0.0,0.0,0.0,0.27749999999999986,0.0,0.0,0.0,0.0,0.6939999999999997,24.4,Normal,Normal,Normal
2026-05-16 05:00:00,oxygen_stress,6.83,25.47,5.47,0.114,0.063,55.69,1.902,947.0,99.0,23.54,90.31,35.0,0.9659258262890683,0.25881904510252074,0.717676913675962,-0.6963762255968722,0.0,0.0,0.0,0.0,0.25499999999999956,0.0,0.0,0.0,0.0,1.0,34.9,Warning,Normal,Normal
2026-05-16 06:00:00,oxygen_stress,6.84,25.41,5.3,0.126,0.079,55.1,1.906,954.4,99.0,24.01,88.97,50.0,1.0,6.123233995736766e-17,0.717676913675962,-0.6963762255968722,0.0,0.0,0.0,0.0,0.2719999999999999,0.0,0.0,0.0,0.0,0.8969999999999999,31.4,Warning,Normal,Normal
2026-05-16 07:00:00,oxygen_stress,6.83,25.4,5.33,0.267,0.061,55.79,1.882,938.0,99.0,24.53,81.12,3937.0,0.9659258262890683,-0.25881904510252063,0.717676913675962,-0.6963762255968722,0.0,0.0,0.0,0.0,0.20499999999999957,0.0,0.0,0.0,0.0,0.11200000000000046,14.4,Normal,Normal,Normal
2026-05-16 08:00:00,oxygen_stress,6.84,25.53,5.0,0.243,0.059,56.03,1.898,943.2,99.0,25.85,79.98,11853.0,0.8660254037844387,-0.4999999999999998,0.717676913675962,-0.6963762255968722,0.0,0.0,0.0,0.0,0.24499999999999958,0.0,0.0,0.0,0.0,0.0,17.1,Normal,Normal,Normal
2026-05-16 09:00:00,oxygen_stress,6.82,25.64,4.88,0.215,0.08,55.59,1.934,959.0,99.0,28.34,76.11,19645.0,0.7071067811865476,-0.7071067811865475,0.717676913675962,-0.6963762255968722,0.0,0.1200000000000001,0.0,0.0,0.33499999999999963,0.0,0.0,0.0,0.03600000000000003,0.0,23.9,Normal,Normal,Normal
2026-05-16 10:00:00,oxygen_stress,6.85,25.72,4.87,0.18,0.07,56.48,1.926,964.1,99.0,29.29,74.61,26883.0,0.49999999999999994,-0.8660254037844387,0.717676913675962,-0.6963762255968722,0.0,0.1299999999999999,0.0,0.0,0.3205000000000001,0.0,0.0,0.0,0.038999999999999965,0.0,22.9,Normal,Normal,Normal
2026-05-16 11:00:00,oxygen_stress,6.84,25.82,4.77,0.171,0.075,56.24,1.917,962.4,99.0,29.58,73.97,32093.0,0.258819045102521,-0.9659258262890682,0.717676913675962,-0.6963762255968722,0.0,0.23000000000000043,0.0,0.0,0.3119999999999999,0.0,0.0,0.0,0.06900000000000013,0.0,22.8,Normal,Normal,Normal
2026-05-16 12:00:00,oxygen_stress,6.85,25.88,4.8,0.148,0.058,55.72,1.883,960.8,99.0,31.07,70.19,34183.0,1.2246467991473532e-16,-1.0,0.717676913675962,-0.6963762255968722,0.0,0.20000000000000018,0.0,0.0,0.30399999999999977,0.0,0.0,0.0,0.06000000000000005,0.0,22.1,Normal,Normal,Normal
2026-05-16 13:00:00,oxygen_stress,6.84,25.93,4.81,0.123,0.085,56.18,1.923,945.0,99.0,30.29,74.6,27016.0,-0.2588190451025208,-0.9659258262890683,0.717676913675962,-0.6963762255968722,0.0,0.1900000000000004,0.0,0.0,0.3074999999999999,0.0,0.0,0.0,0.05700000000000011,0.0,22.3,Normal,Normal,Normal
2026-05-16 14:00:00,oxygen_stress,6.85,26.11,4.85,0.127,0.064,55.84,1.949,960.9,99.0,29.27,73.43,22881.0,-0.4999999999999997,-0.8660254037844388,0.717676913675962,-0.6963762255968722,0.0,0.15000000000000036,0.0,0.0,0.37249999999999994,0.0,0.0,0.0,0.0450000000000001,0.0,26.6,Normal,Normal,Normal
2026-05-16 15:00:00,oxygen_stress,6.86,26.14,5.06,0.097,0.07,55.44,1.944,961.8,99.0,28.16,78.2,16489.0,-0.7071067811865471,-0.7071067811865479,0.717676913675962,-0.6963762255968722,0.0,0.0,0.0,0.0,0.35999999999999965,0.0,0.0,0.0,0.0,0.0,25.1,Normal,Normal,Normal
2026-05-16 16:00:00,oxygen_stress,6.85,26.09,5.04,0.111,0.078,55.94,1.935,960.6,99.0,26.33,80.94,9666.0,-0.8660254037844385,-0.5000000000000004,0.717676913675962,-0.6963762255968722,0.0,0.0,0.0,0.0,0.3374999999999999,0.0,0.0,0.0,0.0,0.09399999999999978,23.6,Normal,Normal,Normal
2026-05-16 17:00:00,oxygen_stress,6.86,26.02,5.19,0.245,0.073,55.87,1.975,979.3,99.0,24.98,83.39,4347.0,-0.9659258262890683,-0.25881904510252063,0.717676913675962,-0.6963762255968722,0.0,0.0,0.0,0.0,0.43749999999999994,0.0,0.0,0.0,0.0,0.3390000000000001,30.7,Warning,Normal,Normal
2026-05-16 18:00:00,oxygen_stress,6.85,25.94,5.37,0.219,0.065,55.49,1.959,961.0,99.0,24.27,84.28,0.0,-1.0,-1.8369701987210297e-16,0.717676913675962,-0.6963762255968722,0.0,0.0,0.0,0.0,0.39749999999999996,0.0,0.0,0.0,0.0,0.4280000000000001,28.0,Normal,Normal,Normal
2026-05-16 19:00:00,oxygen_stress,6.84,25.91,5.55,0.209,0.068,56.17,1.951,975.3,99.0,24.01,89.43,35.0,-0.9659258262890684,0.2588190451025203,0.717676913675962,-0.6963762255968722,0.0,0.0,0.0,0.0,0.37749999999999995,0.0,0.0,0.0,0.0,0.9430000000000007,33.2,Warning,Normal,Normal
2026-05-16 20:00:00,oxygen_stress,6.86,25.89,5.66,0.157,0.067,55.35,1.924,971.5,99.0,23.99,87.09,38.0,-0.8660254037844386,0.5000000000000001,0.717676913675962,-0.6963762255968722,0.0,0.0,0.0,0.0,0.3575,0.0,0.0,0.0,0.0,0.7090000000000003,25.3,Normal,Normal,Normal
2026-05-16 21:00:00,oxygen_stress,6.84,25.81,5.84,0.164,0.068,56.18,1.957,969.5,99.0,24.25,89.25,50.0,-0.7071067811865477,0.7071067811865474,0.717676913675962,-0.6963762255968722,0.0,0.0,0.0,0.0,0.39249999999999996,0.0,0.0,0.0,0.0,0.925,32.6,Warning,Normal,Normal
2026-05-16 22:00:00,oxygen_stress,6.83,25.69,5.99,0.156,0.077,55.98,1.953,976.7,99.0,23.96,86.6,13.0,-0.5000000000000004,0.8660254037844384,0.717676913675962,-0.6963762255968722,0.0,0.0,0.0,0.0,0.38350000000000023,0.0,0.0,0.0,0.0,0.6599999999999995,27.1,Normal,Normal,Normal
2026-05-16 23:00:00,oxygen_stress,6.83,25.76,6.11,0.159,0.061,55.72,1.949,972.7,99.0,25.09,87.13,26.0,-0.25881904510252157,0.9659258262890681,0.717676913675962,-0.6963762255968722,0.0,0.0,0.0,0.0,0.37249999999999994,0.0,0.0,0.0,0.0,0.7129999999999995,26.4,Normal,Normal,Normal
2026-05-17 00:00:00,oxygen_stress,6.83,25.76,6.23,0.13,0.074,55.18,1.952,986.3,99.0,24.83,84.89,65.0,0.0,1.0,0.705583610107178,-0.7086266782644596,0.0,0.0,0.0,0.0,0.4314999999999998,0.0,0.0,0.0,0.0,0.48900000000000005,30.4,Warning,Normal,Normal
2026-05-17 01:00:00,oxygen_stress,6.83,25.75,6.43,0.137,0.081,55.8,1.963,978.0,99.0,24.8,88.17,39.0,0.25881904510252074,0.9659258262890683,0.705583610107178,-0.7086266782644596,0.0,0.0,0.0,0.0,0.4075,0.0,0.0,0.0,0.0,0.8170000000000002,28.9,Normal,Normal,Normal
2026-05-17 02:00:00,oxygen_stress,6.82,25.8,6.55,0.123,0.062,55.21,1.989,972.0,99.0,24.59,90.04,0.0,0.49999999999999994,0.8660254037844387,0.705583610107178,-0.7086266782644596,0.0,0.0,0.0,0.0,0.4725,0.0,0.0,0.0,0.0,1.0,35.4,Warning,Normal,Normal
2026-05-17 03:00:00,oxygen_stress,6.81,25.81,6.68,0.115,0.079,55.14,1.965,991.8,99.0,24.38,89.38,65.0,0.7071067811865476,0.7071067811865476,0.705583610107178,-0.7086266782644596,0.0,0.0,0.0,0.0,0.4589999999999998,0.0,0.0,0.0,0.0,0.9379999999999995,33.2,Warning,Normal,Normal
2026-05-17 04:00:00,fish_stress_combo,6.82,26.05,6.66,0.132,0.082,55.41,1.986,989.8,99.0,24.43,85.06,52.0,0.8660254037844386,0.5000000000000001,0.705583610107178,-0.7086266782644596,0.0,0.0,0.0,0.0,0.4649999999999997,0.0,0.0,0.0,0.0,0.5060000000000002,32.7,Warning,Normal,Normal
2026-05-17 05:00:00,fish_stress_combo,6.81,26.25,6.74,0.156,0.088,54.52,1.967,988.4,99.0,24.63,84.97,36.0,0.9659258262890683,0.25881904510252074,0.705583610107178,-0.7086266782644596,0.0,0.0,0.0,0.0,0.4419999999999999,0.0,0.0,0.0,0.0,0.4969999999999999,31.1,Warning,Normal,Normal
2026-05-17 06:00:00,fish_stress_combo,6.8,26.55,6.87,0.174,0.127,54.98,1.975,989.2,99.0,25.43,85.34,60.0,1.0,6.123233995736766e-17,0.705583610107178,-0.7086266782644596,0.0,0.0,0.0,0.0,0.44600000000000023,0.0,0.0,0.0,0.0,0.5340000000000004,31.4,Warning,Normal,Normal
2026-05-17 07:00:00,fish_stress_combo,6.8,26.8,6.66,0.307,0.134,55.07,1.993,983.1,99.0,26.84,76.69,3724.0,0.9659258262890683,-0.25881904510252063,0.705583610107178,-0.7086266782644596,0.0,0.0,0.0,0.0,0.4825,0.0,0.0,0.0,0.0,0.0,33.6,Warning,Normal,Normal
2026-05-17 08:00:00,fish_stress_combo,6.81,27.16,6.57,0.304,0.152,54.19,1.995,1007.3,99.0,28.44,70.1,9263.0,0.8660254037844387,-0.4999999999999998,0.705583610107178,-0.7086266782644596,0.0,0.0,0.0,0.0,0.5364999999999998,0.0,0.0,0.0,0.0,0.0,37.4,Warning,Normal,Normal
2026-05-17 09:00:00,fish_stress_combo,6.81,27.53,6.37,0.302,0.162,54.56,1.976,993.0,99.0,30.69,70.25,16771.0,0.7071067811865476,-0.7071067811865475,0.705583610107178,-0.7086266782644596,0.0,0.0,0.0,0.0,0.465,0.0,0.0,0.0,0.0,0.0,32.4,Warning,Normal,Normal
2026-05-17 10:00:00,fish_stress_combo,6.81,27.82,6.1,0.313,0.166,54.7,1.989,972.1,99.0,32.12,68.34,22522.0,0.49999999999999994,-0.8660254037844387,0.705583610107178,-0.7086266782644596,0.0,0.0,0.0,0.0,0.4725,0.0,0.0,0.0,0.0,0.03999999999999915,33.0,Warning,Normal,Normal
2026-05-17 11:00:00,fish_stress_combo,6.81,28.21,5.9,0.313,0.192,54.46,1.99,981.6,99.0,33.54,62.8,26572.0,0.258819045102521,-0.9659258262890682,0.705583610107178,-0.7086266782644596,0.0,0.0,0.0,0.0,0.4749999999999997,0.0,0.0,0.0,0.0,0.5133333333333331,33.4,Warning,Normal,Normal
2026-05-17 12:00:00,fish_stress_combo,6.81,28.61,5.68,0.321,0.194,55.65,1.949,981.3,99.0,34.04,64.93,28484.0,1.2246467991473532e-16,-1.0,0.705583610107178,-0.7086266782644596,0.0,0.0,0.0,0.0,0.40649999999999975,0.0,0.0,0.0,0.0,0.6799999999999997,28.7,Normal,Normal,Normal
2026-05-17 13:00:00,fish_stress_combo,6.8,28.91,5.4,0.325,0.227,54.89,1.961,982.7,99.0,33.94,62.48,27300.0,-0.2588190451025208,-0.9659258262890683,0.705583610107178,-0.7086266782644596,0.0,0.0,0.0,0.0,0.4135000000000002,0.0,0.0,0.0,0.0,0.646666666666666,29.2,Normal,Normal,Normal
2026-05-17 14:00:00,fish_stress_combo,6.81,29.16,5.28,0.344,0.253,55.25,1.935,968.8,99.0,33.32,60.84,23181.0,-0.4999999999999997,-0.8660254037844388,0.705583610107178,-0.7086266782644596,0.0,0.0,0.0,0.0,0.34399999999999975,0.0,0.0,0.0,0.0,0.4400000000000001,24.2,Normal,Normal,Normal
2026-05-17 15:00:00,fish_stress_combo,6.8,29.45,5.03,0.342,0.27,54.62,1.921,958.2,99.0,32.05,62.19,16922.0,-0.7071067811865471,-0.7071067811865479,0.705583610107178,-0.7086266782644596,0.0,0.0,0.0,0.0,0.3024999999999999,0.0,0.0,0.0,0.0,0.01666666666666572,21.1,Normal,Normal,Normal
2026-05-17 16:00:00,fish_stress_combo,6.8,29.66,4.99,0.371,0.288,55.14,1.951,968.1,99.0,30.61,63.26,10156.0,-0.8660254037844385,-0.5000000000000004,0.705583610107178,-0.7086266782644596,0.0,0.009999999999999787,0.0,0.0,0.37749999999999995,0.0,0.0,0.0,0.002999999999999936,0.0,26.4,Normal,Normal,Normal
2026-05-17 17:00:00,fish_stress_combo,6.79,29.85,4.54,0.523,0.295,54.79,1.965,999.6,99.0,29.04,65.38,3724.0,-0.9659258262890683,-0.25881904510252063,0.705583610107178,-0.7086266782644596,0.0,0.45999999999999996,0.04600000000000004,0.0,0.4980000000000001,0.0,0.0,0.0,0.1472,0.0,37.9,Warning,Normal,Normal
2026-05-17 18:00:00,fish_stress_combo,6.79,29.93,4.46,0.509,0.323,53.67,1.936,954.8,99.0,28.64,68.6,309.0,-1.0,-1.8369701987210297e-16,0.705583610107178,-0.7086266782644596,0.0,0.54,0.018000000000000016,0.0,0.33999999999999964,0.0,0.0,0.0,0.1656,0.0,43.8,Warning,Normal,Normal
2026-05-17 19:00:00,fish_stress_combo,6.78,29.93,4.39,0.487,0.344,54.53,1.958,986.9,99.0,28.6,73.06,63.0,-0.9659258262890684,0.2588190451025203,0.705583610107178,-0.7086266782644596,0.0,0.6100000000000003,0.0,0.0,0.4344999999999999,0.0,0.0,0.0,0.18300000000000008,0.0,49.5,Warning,Normal,Normal
2026-05-17 20:00:00,fish_stress_combo,6.77,29.95,4.16,0.498,0.352,53.82,1.983,983.2,99.0,29.06,72.17,114.0,-0.8660254037844386,0.5000000000000001,0.705583610107178,-0.7086266782644596,0.0,0.8399999999999999,0.0,0.0,0.45749999999999996,0.0,0.0,0.0,0.25199999999999995,0.0,67.8,Warning,Normal,Normal
2026-05-17 21:00:00,fish_stress_combo,6.79,30.03,4.23,0.488,0.379,54.71,1.981,981.2,99.0,29.78,70.11,49.0,-0.7071067811865477,0.7071067811865474,0.705583610107178,-0.7086266782644596,0.0,0.7699999999999996,0.0,0.0,0.45249999999999996,0.0,0.0,0.015000000000000568,0.4143,0.0,62.9,Warning,Normal,Normal
2026-05-17 22:00:00,fish_stress_combo,6.78,30.16,4.09,0.502,0.37,54.45,1.983,995.6,99.0,29.75,69.39,44.0,-0.5000000000000004,0.8660254037844384,0.705583610107178,-0.7086266782644596,0.0,0.9100000000000001,0.0040000000000000036,0.0,0.4780000000000001,0.0,0.0,0.08000000000000007,0.47140000000000004,0.0,74.3,Critical,DO rendah,DO rendah
2026-05-17 23:00:00,fish_stress_combo,6.79,30.2,3.95,0.479,0.384,54.42,2.001,987.4,99.0,29.5,72.75,57.0,-0.25881904510252157,0.9659258262890681,0.705583610107178,-0.7086266782644596,0.0,1.0,0.0,0.0,0.5024999999999994,0.0,0.0,0.09999999999999964,0.5019999999999999,0.0,81.6,Critical,DO rendah,DO rendah
2026-05-18 00:00:00,fish_stress_combo,6.77,30.24,3.89,0.489,0.388,54.33,1.966,969.6,99.0,30.11,67.47,42.0,0.0,1.0,0.6932812268869777,-0.7206671495538609,0.0,1.0,0.0,0.0,0.4149999999999997,0.0,0.0,0.11999999999999922,0.5063999999999997,0.0,81.5,Critical,DO rendah,DO rendah
2026-05-18 01:00:00,fish_stress_combo,6.79,30.3,3.94,0.48,0.418,54.43,1.949,971.8,99.0,30.09,64.11,66.0,0.25881904510252074,0.9659258262890683,0.6932812268869777,-0.7206671495538609,0.0,1.0,0.0,0.0,0.37249999999999994,0.0,0.0,0.15000000000000036,0.5130000000000001,0.0,81.5,Critical,DO rendah,DO rendah
2026-05-18 02:00:00,fish_stress_combo,6.79,30.25,3.98,0.448,0.407,55.1,1.944,975.0,99.0,30.28,68.48,52.0,0.49999999999999994,0.8660254037844387,0.6932812268869777,-0.7206671495538609,0.0,1.0,0.0,0.0,0.375,0.0,0.0,0.125,0.5075000000000001,0.0,81.4,Critical,DO rendah,DO rendah
2026-05-18 03:00:00,fish_stress_combo,6.8,30.21,3.74,0.488,0.418,55.11,1.956,987.9,99.0,30.31,66.77,26.0,0.7071067811865476,0.7071067811865476,0.6932812268869777,-0.7206671495538609,0.0,1.0,0.0,0.0,0.4394999999999999,0.0,0.0,0.10500000000000043,0.5031000000000001,0.0,81.5,Critical,DO rendah,DO rendah
2026-05-18 04:00:00,fish_stress_combo,6.79,30.22,3.88,0.491,0.43,55.54,1.937,965.7,99.0,30.68,67.93,76.0,0.8660254037844386,0.5000000000000001,0.6932812268869777,-0.7206671495538609,0.0,1.0,0.0,0.0,0.3424999999999999,0.0,0.0,0.10999999999999943,0.5041999999999999,0.0,81.3,Critical,DO rendah,DO rendah
2026-05-18 05:00:00,fish_stress_combo,6.77,30.24,3.89,0.483,0.447,55.63,1.933,973.2,99.0,30.36,67.38,101.0,0.9659258262890683,0.25881904510252074,0.6932812268869777,-0.7206671495538609,0.0,1.0,0.0,0.0,0.3660000000000002,0.0,0.0,0.11999999999999922,0.5063999999999997,0.0,81.4,Critical,DO rendah,DO rendah
2026-05-18 06:00:00,fish_stress_combo,6.77,30.21,3.81,0.491,0.435,55.31,1.944,982.1,99.0,30.02,69.09,4.0,1.0,6.123233995736766e-17,0.6932812268869777,-0.7206671495538609,0.0,1.0,0.0,0.0,0.4105000000000001,0.0,0.0,0.10500000000000043,0.5031000000000001,0.0,81.4,Critical,DO rendah,DO rendah
2026-05-18 07:00:00,fish_stress_combo,6.77,30.15,3.8,0.651,0.457,55.49,1.964,973.2,99.0,30.86,60.38,2733.0,0.9659258262890683,-0.25881904510252063,0.6932812268869777,-0.7206671495538609,0.0,1.0,0.30200000000000005,0.0,0.4099999999999997,0.0,0.0,0.07499999999999929,0.5568999999999998,0.0,82.5,Critical,DO rendah,DO rendah
2026-05-18 08:00:00,fish_stress_combo,6.76,30.16,3.58,0.609,0.462,56.22,1.928,963.3,99.0,32.08,59.57,10167.0,0.8660254037844387,-0.4999999999999998,0.6932812268869777,-0.7206671495538609,0.0,1.0,0.21799999999999997,0.0,0.3199999999999996,0.0,0.0,0.08000000000000007,0.5411999999999999,0.0266666666666661,82.0,Critical,DO rendah,DO rendah
2026-05-18 09:00:00,fish_stress_combo,6.76,30.24,3.7,0.571,0.469,56.44,1.95,973.2,99.0,34.26,55.41,17137.0,0.7071067811865476,-0.7071067811865475,0.6932812268869777,-0.7206671495538609,0.0,1.0,0.1419999999999999,0.0,0.37499999999999967,0.0,0.0,0.11999999999999922,0.5347999999999997,0.7533333333333326,82.4,Critical,DO rendah,DO rendah
2026-05-18 10:00:00,fish_stress_combo,6.77,30.4,3.62,0.578,0.455,56.2,1.978,981.3,99.0,34.69,58.88,22521.0,0.49999999999999994,-0.8660254037844387,0.6932812268869777,-0.7206671495538609,0.0,1.0,0.15599999999999992,0.0,0.4449999999999997,0.0,0.0,0.1999999999999993,0.5551999999999999,0.896666666666666,82.9,Critical,DO rendah,DO rendah
2026-05-18 11:00:00,fish_stress_combo,6.77,30.49,3.47,0.547,0.476,56.52,1.974,981.6,99.0,35.22,54.25,27083.0,0.258819045102521,-0.9659258262890682,0.6932812268869777,-0.7206671495538609,0.0,1.0,0.09400000000000008,0.0,0.43499999999999966,0.0,0.0,0.24499999999999922,0.5526999999999999,1.0,82.9,Critical,DO rendah,DO rendah
2026-05-18 12:00:00,fish_stress_combo,6.76,30.53,3.6,0.578,0.47,56.46,1.979,978.7,99.0,35.25,53.46,28257.0,1.2246467991473532e-16,-1.0,0.6932812268869777,-0.7206671495538609,0.0,1.0,0.15599999999999992,0.0,0.44749999999999995,0.0,0.0,0.26500000000000057,0.5695000000000001,1.0,83.2,Critical,DO rendah,DO rendah
2026-05-18 13:00:00,fish_stress_combo,6.76,30.48,3.46,0.552,0.445,56.84,1.948,979.4,99.0,35.05,53.3,26363.0,-0.2588190451025208,-0.9659258262890683,0.6932812268869777,-0.7206671495538609,0.0,1.0,0.10400000000000009,0.0,0.3969999999999999,0.0,0.0,0.2400000000000002,0.5536000000000001,1.0,82.8,Critical,DO rendah,DO rendah
2026-05-18 14:00:00,fish_stress_combo,6.75,30.51,3.74,0.524,0.456,56.98,1.967,981.7,99.0,34.55,55.76,22317.0,-0.4999999999999997,-0.8660254037844388,0.6932812268869777,-0.7206671495538609,0.0,1.0,0.04800000000000004,0.0,0.4174999999999999,0.0,0.0,0.2550000000000008,0.5457000000000001,0.8499999999999991,82.6,Critical,DO rendah,DO rendah
2026-05-18 15:00:00,fish_stress_combo,6.74,30.5,3.9,0.489,0.442,57.35,1.978,984.2,99.0,32.55,59.83,16366.0,-0.7071067811865471,-0.7071067811865479,0.6932812268869777,-0.7206671495538609,0.0,1.0,0.0,0.0,0.4449999999999997,0.0,0.0,0.25,0.5349999999999999,0.18333333333333238,82.1,Critical,DO rendah,DO rendah
2026-05-18 16:00:00,fish_stress_combo,6.75,30.35,4.03,0.469,0.433,57.2,1.979,1011.7,99.0,31.27,61.03,8956.0,-0.8660254037844385,-0.5000000000000004,0.6932812268869777,-0.7206671495538609,0.0,0.9699999999999998,0.0,0.0,0.5585000000000002,0.0,0.0,0.1750000000000007,0.5095000000000001,0.0,79.6,Critical,DO rendah,DO rendah
2026-05-18 17:00:00,fish_stress_combo,6.76,30.21,4.04,0.585,0.423,56.8,1.958,978.5,99.0,29.54,66.94,2960.0,-0.9659258262890683,-0.25881904510252063,0.6932812268869777,-0.7206671495538609,0.0,0.96,0.16999999999999993,0.0,0.3949999999999997,0.0,0.0,0.10500000000000043,0.5251,0.0,78.9,Critical,DO rendah,DO rendah
2026-05-18 18:00:00,fish_stress_combo,6.76,29.98,4.39,0.548,0.399,57.38,1.959,985.9,99.0,28.82,68.15,306.0,-1.0,-1.8369701987210297e-16,0.6932812268869777,-0.7206671495538609,0.0,0.6100000000000003,0.09600000000000009,0.0,0.4294999999999999,0.0,0.0,0.0,0.2022000000000001,0.0,49.8,Warning,Normal,Normal
2026-05-18 19:00:00,fish_stress_combo,6.75,29.74,4.36,0.486,0.394,58.1,1.951,965.9,99.0,28.47,70.96,87.0,-0.9659258262890684,0.2588190451025203,0.6932812268869777,-0.7206671495538609,0.0,0.6399999999999997,0.0,0.0,0.37749999999999995,0.0,0.0,0.0,0.1919999999999999,0.0,51.7,Warning,Normal,Normal
2026-05-18 20:00:00,fish_stress_combo,6.74,29.62,5.14,0.44,0.391,57.74,1.942,977.0,99.0,28.54,75.08,2.0,-0.8660254037844386,0.5000000000000001,0.6932812268869777,-0.7206671495538609,0.0,0.0,0.0,0.0,0.385,0.0,0.0,0.0,0.0,0.0,26.8,Normal,Normal,Normal
2026-05-18 21:00:00,fish_stress_combo,6.76,29.3,5.18,0.399,0.376,57.38,1.958,977.0,99.0,27.95,72.58,6.0,-0.7071067811865477,0.7071067811865474,0.6932812268869777,-0.7206671495538609,0.0,0.0,0.0,0.0,0.3949999999999997,0.0,0.0,0.0,0.0,0.0,27.5,Normal,Normal,Normal
2026-05-18 22:00:00,fish_stress_combo,6.77,29.09,5.19,0.389,0.351,57.35,1.939,996.0,99.0,27.21,73.83,19.0,-0.5000000000000004,0.8660254037844384,0.6932812268869777,-0.7206671495538609,0.0,0.0,0.0,0.0,0.48,0.0,0.0,0.0,0.0,0.0,33.5,Warning,Normal,Normal
2026-05-18 23:00:00,fish_stress_combo,6.77,28.76,5.33,0.354,0.348,56.68,2.004,992.2,99.0,27.41,74.92,49.0,-0.25881904510252157,0.9659258262890681,0.6932812268869777,-0.7206671495538609,0.0,0.0,0.0,0.0,0.5099999999999997,0.0,0.0,0.0,0.0,0.0,35.6,Warning,Normal,Normal
2026-05-19 00:00:00,fish_stress_combo,6.79,28.51,5.56,0.35,0.314,57.58,2.012,1003.8,99.0,26.84,77.2,26.0,0.0,1.0,0.6807734094770161,-0.7324940716135789,0.0,0.0,0.0,0.0,0.5299999999999997,0.0,0.0,0.0,0.0,0.0,37.0,Warning,Normal,Normal
2026-05-19 01:00:00,fish_stress_combo,6.78,28.15,5.7,0.322,0.3,57.29,1.984,993.5,99.0,26.37,76.12,17.0,0.25881904510252074,0.9659258262890683,0.6807734094770161,-0.7324940716135789,0.0,0.0,0.0,0.0,0.4675,0.0,0.0,0.0,0.0,0.0,32.6,Warning,Normal,Normal
2026-05-19 02:00:00,fish_stress_combo,6.78,27.9,5.87,0.299,0.274,56.53,2.001,996.5,99.0,26.33,77.66,18.0,0.49999999999999994,0.8660254037844387,0.6807734094770161,-0.7324940716135789,0.0,0.0,0.0,0.0,0.5024999999999994,0.0,0.0,0.0,0.0,0.0,35.0,Warning,Normal,Normal
2026-05-19 03:00:00,fish_stress_combo,6.78,27.74,6.11,0.267,0.271,56.86,2.019,992.9,99.0,25.74,81.82,14.0,0.7071067811865476,0.7071067811865476,0.6807734094770161,-0.7324940716135789,0.0,0.0,0.0,0.0,0.5475,0.0,0.0,0.0,0.0,0.18199999999999933,38.3,Warning,Normal,Normal
2026-05-19 04:00:00,fish_stress_combo,6.79,27.38,6.44,0.254,0.251,57.77,2.045,1016.6,99.0,25.38,81.92,51.0,0.8660254037844386,0.5000000000000001,0.6807734094770161,-0.7324940716135789,0.0,0.0,0.0,0.0,0.6124999999999995,0.0,0.0,0.0,0.0,0.19200000000000017,42.8,Warning,Normal,Normal
2026-05-19 05:00:00,fish_stress_combo,6.81,27.09,6.67,0.21,0.233,56.74,2.045,1026.1,99.0,25.01,80.69,10.0,0.9659258262890683,0.25881904510252074,0.6807734094770161,-0.7324940716135789,0.0,0.0,0.0,0.0,0.6304999999999995,0.0,0.0,0.0,0.0,0.06899999999999977,44.0,Warning,Normal,Normal
2026-05-19 06:00:00,feeding_ammonia,6.81,26.64,6.83,0.282,0.221,57.15,2.018,1025.2,99.0,24.43,82.1,12.0,1.0,6.123233995736766e-17,0.6807734094770161,-0.7324940716135789,0.0,0.0,0.0,0.0,0.6260000000000002,0.0,0.0,0.0,0.0,0.20999999999999944,43.8,Warning,Normal,Normal
2026-05-19 07:00:00,feeding_ammonia,6.82,26.29,6.48,0.486,0.206,56.82,2.008,1003.9,99.0,25.33,78.89,3493.0,0.9659258262890683,-0.25881904510252063,0.6807734094770161,-0.7324940716135789,0.0,0.0,0.0,0.0,0.5199999999999997,0.0,0.0,0.0,0.0,0.0,36.3,Warning,Normal,Normal
2026-05-19 08:00:00,feeding_ammonia,6.82,26.1,6.74,0.521,0.183,56.92,2.019,1012.5,99.0,26.31,78.69,10374.0,0.8660254037844387,-0.4999999999999998,0.6807734094770161,-0.7324940716135789,0.0,0.0,0.04200000000000004,0.0,0.5625,0.0,0.0,0.0,0.008400000000000008,0.0,39.4,Warning,Normal,Normal
2026-05-19 09:00:00,feeding_ammonia,6.82,25.9,6.81,0.54,0.157,57.26,2.029,1010.6,99.0,26.3,77.22,16189.0,0.7071067811865476,-0.7071067811865475,0.6807734094770161,-0.7324940716135789,0.0,0.0,0.08000000000000007,0.0,0.5724999999999995,0.0,0.0,0.0,0.016000000000000014,0.0,40.2,Warning,Normal,Normal
2026-05-19 10:00:00,feeding_ammonia,6.84,25.77,6.83,0.578,0.126,57.24,2.052,994.0,99.0,28.08,74.25,22515.0,0.49999999999999994,-0.8660254037844387,0.6807734094770161,-0.7324940716135789,0.0,0.0,0.15599999999999992,0.0,0.6299999999999998,0.0,0.0,0.0,0.031199999999999985,0.0,44.6,Warning,Normal,Normal
2026-05-19 11:00:00,feeding_ammonia,6.84,25.6,7.08,0.581,0.119,56.73,2.01,1017.9,99.0,28.58,76.62,27256.0,0.258819045102521,-0.9659258262890682,0.6807734094770161,-0.7324940716135789,0.0,0.0,0.16199999999999992,0.0,0.5894999999999999,0.0,0.0,0.0,0.032399999999999984,0.0,41.8,Warning,Normal,Normal
2026-05-19 12:00:00,feeding_ammonia,6.85,25.79,6.85,0.646,0.105,56.36,2.031,1022.5,99.0,28.53,75.16,27954.0,1.2246467991473532e-16,-1.0,0.6807734094770161,-0.7324940716135789,0.0,0.0,0.29200000000000004,0.0,0.6125,0.0,0.0,0.0,0.05840000000000001,0.0,43.9,Warning,Normal,Normal
2026-05-19 13:00:00,feeding_ammonia,6.83,25.91,6.95,0.704,0.109,57.12,2.012,1000.7,99.0,28.14,78.62,26633.0,-0.2588190451025208,-0.9659258262890683,0.6807734094770161,-0.7324940716135789,0.0,0.0,0.4079999999999999,0.0,0.5299999999999997,0.0,0.0,0.0,0.08159999999999999,0.0,38.6,Warning,Normal,Normal
2026-05-19 14:00:00,feeding_ammonia,6.83,25.92,7.03,0.765,0.114,57.14,1.991,990.6,99.0,27.64,74.67,22581.0,-0.4999999999999997,-0.8660254037844388,0.6807734094770161,-0.7324940716135789,0.0,0.0,0.53,0.0,0.4775,0.0,0.0,0.0,0.10600000000000001,0.0,42.9,Warning,Normal,Normal
2026-05-19 15:00:00,feeding_ammonia,6.84,25.93,7.11,0.815,0.134,56.62,1.987,987.7,99.0,25.77,81.21,17107.0,-0.7071067811865471,-0.7071067811865479,0.6807734094770161,-0.7324940716135789,0.0,0.0,0.6299999999999999,0.0,0.46749999999999997,0.0,0.0,0.0,0.12599999999999997,0.12099999999999937,50.9,Warning,Normal,Normal
2026-05-19 16:00:00,feeding_ammonia,6.84,25.9,7.16,0.845,0.156,56.64,1.999,996.2,99.0,25.28,82.93,9784.0,-0.8660254037844385,-0.5000000000000004,0.6807734094770161,-0.7324940716135789,0.0,0.0,0.69,0.0,0.4975,0.0,0.0,0.0,0.13799999999999998,0.2930000000000007,55.8,Warning,Normal,Normal
2026-05-19 17:00:00,feeding_ammonia,6.83,25.74,7.23,1.014,0.159,56.65,1.986,999.8,99.0,22.98,82.3,3946.0,-0.9659258262890683,-0.25881904510252063,0.6807734094770161,-0.7324940716135789,0.0,0.0,1.0,0.0,0.4989999999999998,0.0,0.0,0.0,0.2,0.2299999999999997,80.2,Critical,Amonia tinggi,Amonia tinggi
2026-05-19 18:00:00,feeding_ammonia,6.83,25.77,7.18,1.018,0.18,57.28,2.031,1015.8,99.0,22.64,83.21,642.0,-1.0,-1.8369701987210297e-16,0.6807734094770161,-0.7324940716135789,0.0,0.0,1.0,0.0,0.5789999999999997,0.0,0.0,0.0,0.2,0.3209999999999994,80.5,Critical,Amonia tinggi,Amonia tinggi
2026-05-19 19:00:00,feeding_ammonia,6.85,25.61,7.35,1.042,0.203,57.64,2.011,1016.9,99.0,22.58,87.78,69.0,-0.9659258262890684,0.2588190451025203,0.6807734094770161,-0.7324940716135789,0.0,0.0,1.0,0.0,0.5844999999999999,0.0,0.0,0.0,0.2,0.7780000000000001,80.7,Critical,Amonia tinggi,Amonia tinggi
2026-05-19 20:00:00,feeding_ammonia,6.84,25.56,7.29,1.032,0.216,56.81,2.053,1010.9,99.0,21.89,90.42,72.0,-0.8660254037844386,0.5000000000000001,0.6807734094770161,-0.7324940716135789,0.0,0.0,1.0,0.0,0.6324999999999995,0.0,0.0,0.0,0.2,1.0,81.0,Critical,Amonia tinggi,Amonia tinggi
2026-05-19 21:00:00,feeding_ammonia,6.84,25.5,7.32,1.057,0.219,56.78,2.051,1025.5,99.0,21.98,88.75,5.0,-0.7071067811865477,0.7071067811865474,0.6807734094770161,-0.7324940716135789,0.0,0.0,1.0,0.0,0.6275000000000001,0.0,0.0,0.0,0.2,0.875,80.9,Critical,Amonia tinggi,Amonia tinggi
2026-05-19 22:00:00,feeding_ammonia,6.86,25.41,7.53,1.054,0.233,56.42,2.028,1015.1,99.0,22.92,88.74,48.0,-0.5000000000000004,0.8660254037844384,0.6807734094770161,-0.7324940716135789,0.0,0.0,1.0,0.0,0.5755000000000001,0.0,0.0,0.0,0.2,0.8739999999999994,80.8,Critical,Amonia tinggi,Amonia tinggi
2026-05-19 23:00:00,feeding_ammonia,6.87,25.35,7.38,1.031,0.249,57.11,2.064,1031.0,99.0,22.16,89.91,81.0,-0.25881904510252157,0.9659258262890681,0.6807734094770161,-0.7324940716135789,0.0,0.0,1.0,0.0,0.6599999999999998,0.0,0.0,0.0,0.2,0.9909999999999997,81.0,Critical,Amonia tinggi,Amonia tinggi
2026-05-20 00:00:00,feeding_ammonia,6.86,25.27,7.04,1.055,0.278,57.18,2.05,1026.0,99.0,21.9,89.0,56.0,0.0,1.0,0.6680638642135335,-0.7441039398713607,0.0,0.0,1.0,0.0,0.63,0.0,0.0,0.0,0.2,0.9,80.9,Critical,Amonia tinggi,Amonia tinggi
2026-05-20 01:00:00,feeding_ammonia,6.87,25.14,7.3,1.04,0.279,57.06,2.049,1028.4,99.0,22.87,90.61,30.0,0.25881904510252074,0.9659258262890683,0.6680638642135335,-0.7441039398713607,0.0,0.0,1.0,0.0,0.6420000000000005,0.0,0.0,0.0,0.2,1.0,81.0,Critical,Amonia tinggi,Amonia tinggi
2026-05-20 02:00:00,feeding_ammonia,6.89,25.07,7.25,1.0,0.278,56.95,2.026,996.1,99.0,21.72,91.34,77.0,0.49999999999999994,0.8660254037844387,0.6680638642135335,-0.7441039398713607,0.0,0.0,1.0,0.0,0.5649999999999992,0.0,0.0,0.0,0.2,1.0,80.8,Critical,Amonia tinggi,Amonia tinggi
2026-05-20 03:00:00,feeding_ammonia,6.88,25.1,7.17,1.015,0.296,57.04,2.023,993.8,99.0,22.42,90.44,77.0,0.7071067811865476,0.7071067811865476,0.6680638642135335,-0.7441039398713607,0.0,0.0,1.0,0.0,0.5575,0.0,0.0,0.0,0.2,1.0,80.8,Critical,Amonia tinggi,Amonia tinggi
2026-05-20 04:00:00,feeding_ammonia,6.87,25.11,7.2,0.964,0.284,57.36,2.005,994.0,99.0,21.76,90.09,60.0,0.8660254037844386,0.5000000000000001,0.6680638642135335,-0.7441039398713607,0.0,0.0,0.9279999999999999,0.0,0.5124999999999994,0.0,0.0,0.0,0.1856,1.0,75.0,Critical,Amonia tinggi,Amonia tinggi
2026-05-20 05:00:00,feeding_ammonia,6.88,25.1,7.3,0.952,0.303,57.41,2.001,1000.4,99.0,21.52,88.55,46.0,0.9659258262890683,0.25881904510252074,0.6680638642135335,-0.7441039398713607,0.0,0.0,0.9039999999999999,0.0,0.5024999999999994,0.0,0.0,0.0,0.1808,0.8549999999999998,73.0,Critical,Amonia tinggi,Amonia tinggi
2026-05-20 06:00:00,feeding_ammonia,6.87,25.02,7.39,0.919,0.305,57.13,2.047,1012.2,99.0,21.76,90.14,32.0,1.0,6.123233995736766e-17,0.6680638642135335,-0.7441039398713607,0.0,0.0,0.8380000000000001,0.0,0.6175,0.0,0.0,0.0,0.16760000000000003,1.0,68.1,Warning,Normal,Normal
2026-05-20 07:00:00,feeding_ammonia,6.86,25.03,7.24,1.024,0.328,58.13,2.019,1011.7,99.0,22.92,82.1,3606.0,0.9659258262890683,-0.25881904510252063,0.6680638642135335,-0.7441039398713607,0.0,0.0,1.0,0.0,0.5585000000000002,0.0,0.0,0.0,0.2,0.20999999999999944,80.4,Critical,Amonia tinggi,Amonia tinggi
2026-05-20 08:00:00,feeding_ammonia,6.86,25.01,7.19,0.948,0.332,57.97,2.027,1009.6,99.0,23.84,82.25,10272.0,0.8660254037844387,-0.4999999999999998,0.6680638642135335,-0.7441039398713607,0.0,0.0,0.8959999999999999,0.0,0.5675,0.0,0.0,0.0,0.1792,0.225,72.2,Critical,Amonia tinggi,Amonia tinggi
2026-05-20 09:00:00,feeding_ammonia,6.86,25.05,7.24,0.876,0.327,58.35,2.048,1012.6,99.0,25.97,80.23,16411.0,0.7071067811865476,-0.7071067811865475,0.6680638642135335,-0.7441039398713607,0.0,0.0,0.752,0.0,0.6199999999999998,0.0,0.0,0.0,0.1504,0.0230000000000004,60.8,Warning,Normal,Normal
2026-05-20 10:00:00,feeding_ammonia,6.87,25.14,6.98,0.822,0.33,57.15,2.038,1015.1,99.0,27.02,78.94,22421.0,0.49999999999999994,-0.8660254037844387,0.6680638642135335,-0.7441039398713607,0.0,0.0,0.6439999999999999,0.0,0.5949999999999992,0.0,0.0,0.0,0.1288,0.0,52.2,Warning,Normal,Normal
2026-05-20 11:00:00,feeding_ammonia,6.87,25.3,6.73,0.749,0.333,57.99,2.026,1008.6,99.0,27.48,76.44,27814.0,0.258819045102521,-0.9659258262890682,0.6680638642135335,-0.7441039398713607,0.0,0.0,0.498,0.0,0.5649999999999992,0.0,0.0,0.0,0.09960000000000001,0.0,41.4,Warning,Normal,Normal
2026-05-20 12:00:00,feeding_ammonia,6.86,25.43,6.87,0.688,0.309,58.53,2.054,1017.9,99.0,28.23,75.73,28518.0,1.2246467991473532e-16,-1.0,0.6680638642135335,-0.7441039398713607,0.0,0.0,0.3759999999999999,0.0,0.6349999999999992,0.0,0.0,0.0,0.07519999999999999,0.0,45.8,Warning,Normal,Normal
2026-05-20 13:00:00,feeding_ammonia,6.86,25.52,6.67,0.621,0.32,58.34,2.045,1027.0,99.0,27.56,75.68,37182.0,-0.2588190451025208,-0.9659258262890683,0.6680638642135335,-0.7441039398713607,0.0,0.0,0.242,0.0,0.635,0.0,0.0,0.0,0.0484,0.0,45.2,Warning,Normal,Normal
2026-05-20 14:00:00,feeding_ammonia,6.86,25.61,6.84,0.536,0.307,58.82,2.026,1026.1,99.0,26.61,75.82,31239.0,-0.4999999999999997,-0.8660254037844388,0.6680638642135335,-0.7441039398713607,0.0,0.0,0.07200000000000006,0.0,0.6304999999999995,0.0,0.0,0.0,0.014400000000000013,0.0,44.3,Warning,Normal,Normal
2026-05-20 15:00:00,feeding_ammonia,6.88,25.61,7.1,0.491,0.288,58.45,2.048,1010.2,99.0,26.03,78.95,23496.0,-0.7071067811865471,-0.7071067811865479,0.6680638642135335,-0.7441039398713607,0.0,0.0,0.0,0.0,0.6199999999999998,0.0,0.0,0.0,0.0,0.0,43.2,Warning,Normal,Normal
2026-05-20 16:00:00,feeding_ammonia,6.88,25.63,7.45,0.381,0.286,58.31,2.047,1017.0,99.0,24.48,83.58,13306.0,-0.8660254037844385,-0.5000000000000004,0.6680638642135335,-0.7441039398713607,0.0,0.0,0.0,0.0,0.6175,0.0,0.0,0.0,0.0,0.3579999999999998,43.3,Warning,Normal,Normal
2026-05-20 17:00:00,feeding_ammonia,6.87,25.65,7.15,0.461,0.271,58.37,2.041,1023.4,99.0,23.1,82.75,5098.0,-0.9659258262890683,-0.25881904510252063,0.6680638642135335,-0.7441039398713607,0.0,0.0,0.0,0.0,0.6169999999999999,0.0,0.0,0.0,0.0,0.275,43.2,Warning,Normal,Normal
2026-05-20 18:00:00,feeding_ammonia,6.88,25.53,7.58,0.349,0.26,58.68,2.049,1028.5,99.0,21.87,82.58,0.0,-1.0,-1.8369701987210297e-16,0.6680638642135335,-0.7441039398713607,0.0,0.0,0.0,0.0,0.6425,0.0,0.0,0.0,0.0,0.25799999999999984,44.9,Warning,Normal,Normal
2026-05-20 19:00:00,feeding_ammonia,6.87,25.46,7.88,0.24,0.248,58.29,2.056,1027.0,99.0,22.33,90.26,81.0,-0.9659258262890684,0.2588190451025203,0.6680638642135335,-0.7441039398713607,0.0,0.0,0.0,0.0,0.6399999999999998,0.0,0.0,0.0,0.0,1.0,45.2,Warning,Normal,Normal
2026-05-20 20:00:00,feeding_ammonia,6.88,25.31,7.73,0.152,0.228,58.34,2.058,1027.0,99.0,21.43,88.85,54.0,-0.8660254037844386,0.5000000000000001,0.6680638642135335,-0.7441039398713607,0.0,0.0,0.0,0.0,0.6449999999999992,0.0,0.0,0.0,0.0,0.8849999999999995,45.5,Warning,Normal,Normal
2026-05-20 21:00:00,normal,6.87,25.29,7.7,0.161,0.206,58.6,2.03,1019.4,99.0,22.06,90.23,59.0,-0.7071067811865477,0.7071067811865474,0.6680638642135335,-0.7441039398713607,0.0,0.0,0.0,0.0,0.5969999999999999,0.0,0.0,0.0,0.0,1.0,42.2,Warning,Normal,Normal
2026-05-20 22:00:00,normal,6.86,25.17,7.74,0.141,0.201,57.72,2.051,1005.9,99.0,22.25,90.88,44.0,-0.5000000000000004,0.8660254037844384,0.6680638642135335,-0.7441039398713607,0.0,0.0,0.0,0.0,0.6275000000000001,0.0,0.0,0.0,0.0,1.0,44.3,Warning,Normal,Normal
2026-05-20 23:00:00,normal,6.87,25.24,7.74,0.127,0.17,57.89,2.039,1020.3,99.0,21.65,91.88,74.0,-0.25881904510252157,0.9659258262890681,0.6680638642135335,-0.7441039398713607,0.0,0.0,0.0,0.0,0.6014999999999998,0.0,0.0,0.0,0.0,1.0,42.5,Warning,Normal,Normal
2026-05-21 00:00:00,normal,6.87,25.17,7.82,0.109,0.149,58.47,2.022,1030.3,99.0,21.94,90.54,35.0,0.0,1.0,0.6551563572090853,-0.7554933140726803,0.0,0.0,0.0,0.0,0.6514999999999997,0.0,0.0,0.0,0.0,1.0,46.0,Warning,Normal,Normal
2026-05-21 01:00:00,normal,6.86,25.08,7.85,0.122,0.138,58.47,1.997,1007.1,99.0,21.45,89.53,50.0,0.25881904510252074,0.9659258262890683,0.6551563572090853,-0.7554933140726803,0.0,0.0,0.0,0.0,0.5355000000000001,0.0,0.0,0.0,0.0,0.9530000000000001,37.9,Warning,Normal,Normal
2026-05-21 02:00:00,normal,6.85,25.01,7.86,0.116,0.097,58.11,2.018,993.7,99.0,21.56,87.84,24.0,0.49999999999999994,0.8660254037844387,0.6551563572090853,-0.7554933140726803,0.0,0.0,0.0,0.0,0.5449999999999992,0.0,0.0,0.0,0.0,0.7840000000000004,38.4,Warning,Normal,Normal
2026-05-21 03:00:00,normal,6.85,24.96,7.68,0.099,0.088,57.98,2.005,996.2,99.0,22.0,90.78,56.0,0.7071067811865476,0.7071067811865476,0.6551563572090853,-0.7554933140726803,0.0,0.0,0.0,0.0,0.5124999999999994,0.0,0.0,0.0,0.0,1.0,36.3,Warning,Normal,Normal
2026-05-21 04:00:00,normal,6.84,24.88,7.72,0.127,0.064,58.36,1.998,1013.9,99.0,21.96,90.71,63.0,0.8660254037844386,0.5000000000000001,0.6551563572090853,-0.7554933140726803,0.0,0.0,0.0,0.0,0.5694999999999999,0.0,0.0,0.0,0.0,1.0,40.3,Warning,Normal,Normal
2026-05-21 05:00:00,normal,6.83,24.84,7.9,0.122,0.058,58.74,1.978,996.0,99.0,22.28,89.81,66.0,0.9659258262890683,0.25881904510252074,0.6551563572090853,-0.7554933140726803,0.0,0.0,0.0,0.0,0.48,0.0,0.0,0.0,0.0,0.9810000000000002,34.7,Warning,Normal,Normal
2026-05-21 06:00:00,normal,6.85,24.83,7.96,0.147,0.072,58.26,1.994,998.3,99.0,21.8,89.77,31.0,1.0,6.123233995736766e-17,0.6551563572090853,-0.7554933140726803,0.0,0.0,0.0,0.0,0.49149999999999977,0.0,0.0,0.0,0.0,0.9769999999999996,34.8,Warning,Normal,Normal
2026-05-21 07:00:00,normal,6.85,24.78,7.71,0.264,0.095,58.35,1.999,988.4,99.0,22.56,85.73,4823.0,0.9659258262890683,-0.25881904510252063,0.6551563572090853,-0.7554933140726803,0.0,0.0,0.0,0.0,0.4975,0.0,0.0,0.0,0.0,0.5730000000000004,35.0,Warning,Normal,Normal
2026-05-21 08:00:00,normal,6.83,24.83,7.79,0.222,0.089,58.46,2.004,973.7,99.0,24.23,82.98,13670.0,0.8660254037844387,-0.4999999999999998,0.6551563572090853,-0.7554933140726803,0.0,0.0,0.0,0.0,0.5099999999999997,0.0,0.0,0.0,0.0,0.2980000000000004,35.7,Warning,Normal,Normal
2026-05-21 09:00:00,normal,6.83,24.94,7.54,0.222,0.092,58.91,1.98,993.8,99.0,25.04,78.23,22864.0,0.7071067811865476,-0.7071067811865475,0.6551563572090853,-0.7554933140726803,0.0,0.0,0.0,0.0,0.46899999999999975,0.0,0.0,0.0,0.0,0.0,32.7,Warning,Normal,Normal
2026-05-21 10:00:00,normal,6.82,25.02,7.48,0.217,0.076,58.28,2.004,1004.8,99.0,26.65,77.09,30827.0,0.49999999999999994,-0.8660254037844387,0.6551563572090853,-0.7554933140726803,0.0,0.0,0.0,0.0,0.5239999999999998,0.0,0.0,0.0,0.0,0.0,36.5,Warning,Normal,Normal
2026-05-21 11:00:00,normal,6.82,25.17,7.39,0.18,0.063,58.35,1.988,992.2,99.0,27.74,72.82,36025.0,0.258819045102521,-0.9659258262890682,0.6551563572090853,-0.7554933140726803,0.0,0.0,0.0,0.0,0.4699999999999997,0.0,0.0,0.0,0.0,0.0,32.8,Warning,Normal,Normal
2026-05-21 12:00:00,normal,6.83,25.33,7.25,0.152,0.078,58.78,1.987,984.5,99.0,27.31,74.06,39788.0,1.2246467991473532e-16,-1.0,0.6551563572090853,-0.7554933140726803,0.0,0.0,0.0,0.0,0.46749999999999997,0.0,0.0,0.0,0.0,0.0,32.6,Warning,Normal,Normal
2026-05-21 13:00:00,normal,6.82,25.43,7.53,0.127,0.063,58.61,1.982,980.5,99.0,27.95,77.63,26601.0,-0.2588190451025208,-0.9659258262890683,0.6551563572090853,-0.7554933140726803,0.0,0.0,0.0,0.0,0.4549999999999997,0.0,0.0,0.0,0.0,0.0,31.7,Warning,Normal,Normal
2026-05-21 14:00:00,normal,6.8,25.58,7.6,0.129,0.071,58.06,1.979,1002.9,99.0,26.7,78.57,21594.0,-0.4999999999999997,-0.8660254037844388,0.6551563572090853,-0.7554933140726803,0.0,0.0,0.0,0.0,0.5144999999999998,0.0,0.0,0.0,0.0,0.0,35.9,Warning,Normal,Normal
2026-05-21 15:00:00,normal,6.79,25.65,7.49,0.118,0.074,58.13,1.981,997.7,99.0,25.69,78.86,15870.0,-0.7071067811865471,-0.7071067811865479,0.6551563572090853,-0.7554933140726803,0.0,0.0,0.0,0.0,0.4885000000000002,0.0,0.0,0.0,0.0,0.0,34.1,Warning,Normal,Normal
2026-05-21 16:00:00,normal,6.79,25.66,7.65,0.094,0.064,57.59,1.974,980.2,99.0,23.76,82.48,9425.0,-0.8660254037844385,-0.5000000000000004,0.6551563572090853,-0.7554933140726803,0.0,0.0,0.0,0.0,0.43499999999999966,0.0,0.0,0.0,0.0,0.2480000000000004,30.5,Warning,Normal,Normal
2026-05-21 17:00:00,normal,6.79,25.52,7.68,0.23,0.074,57.47,1.954,982.3,99.0,22.87,83.45,2815.0,-0.9659258262890683,-0.25881904510252063,0.6551563572090853,-0.7554933140726803,0.0,0.0,0.0,0.0,0.41149999999999975,0.0,0.0,0.0,0.0,0.3450000000000003,28.9,Normal,Normal,Normal
2026-05-21 18:00:00,normal,6.79,25.42,7.76,0.21,0.072,57.82,1.963,961.5,99.0,21.43,87.1,520.0,-1.0,-1.8369701987210297e-16,0.6551563572090853,-0.7554933140726803,0.0,0.0,0.0,0.0,0.4075,0.0,0.0,0.0,0.0,0.7099999999999994,28.8,Normal,Normal,Normal
2026-05-21 19:00:00,normal,6.79,25.37,7.77,0.215,0.08,58.5,1.963,979.8,99.0,21.93,88.47,64.0,-0.9659258262890684,0.2588190451025203,0.6551563572090853,-0.7554933140726803,0.0,0.0,0.0,0.0,0.4075,0.0,0.0,0.0,0.0,0.8469999999999999,30.0,Warning,Normal,Normal
2026-05-21 20:00:00,normal,6.78,25.28,7.83,0.164,0.082,58.54,1.959,975.1,99.0,21.38,89.94,32.0,-0.8660254037844386,0.5000000000000001,0.6551563572090853,-0.7554933140726803,0.0,0.0,0.0,0.0,0.39749999999999996,0.0,0.0,0.0,0.0,0.9939999999999998,35.0,Warning,Normal,Normal
2026-05-21 21:00:00,normal,6.78,25.18,7.78,0.141,0.071,58.71,1.96,969.8,99.0,21.63,90.51,35.0,-0.7071067811865477,0.7071067811865474,0.6551563572090853,-0.7554933140726803,0.0,0.0,0.0,0.0,0.3999999999999997,0.0,0.0,0.0,0.0,1.0,35.2,Warning,Normal,Normal
2026-05-21 22:00:00,normal,6.78,25.17,7.79,0.141,0.07,57.7,1.943,968.5,99.0,21.7,91.43,46.0,-0.5000000000000004,0.8660254037844384,0.6551563572090853,-0.7554933140726803,0.0,0.0,0.0,0.0,0.35749999999999993,0.0,0.0,0.0,0.0,1.0,35.1,Warning,Normal,Normal
2026-05-21 23:00:00,normal,6.78,25.18,7.66,0.142,0.073,58.12,1.965,976.4,99.0,22.57,89.06,83.0,-0.25881904510252157,0.9659258262890681,0.6551563572090853,-0.7554933140726803,0.0,0.0,0.0,0.0,0.4125,0.0,0.0,0.0,0.0,0.9060000000000002,32.0,Warning,Normal,Normal
2026-05-22 00:00:00,normal,6.77,25.09,7.83,0.113,0.071,58.09,1.972,983.0,99.0,22.25,89.76,73.0,0.0,1.0,0.6420547132365637,-0.766658819300159,0.0,0.0,0.0,0.0,0.42999999999999966,0.0,0.0,0.0,0.0,0.9760000000000005,34.4,Warning,Normal,Normal
2026-05-22 01:00:00,normal,6.77,25.09,7.77,0.116,0.053,57.98,1.941,976.7,99.0,21.57,90.51,36.0,0.25881904510252074,0.9659258262890683,0.6420547132365637,-0.766658819300159,0.0,0.0,0.0,0.0,0.38350000000000023,0.0,0.0,0.0,0.0,1.0,35.2,Warning,Normal,Normal
2026-05-22 02:00:00,normal,6.77,25.01,7.83,0.095,0.056,57.65,1.973,985.2,99.0,21.08,92.43,59.0,0.49999999999999994,0.8660254037844387,0.6420547132365637,-0.766658819300159,0.0,0.0,0.0,0.0,0.43249999999999994,0.0,0.0,0.0,0.0,1.0,35.3,Warning,Normal,Normal
2026-05-22 03:00:00,normal,6.78,24.96,7.86,0.097,0.057,58.37,1.987,989.0,99.0,21.26,90.91,32.0,0.7071067811865476,0.7071067811865476,0.6420547132365637,-0.766658819300159,0.0,0.0,0.0,0.0,0.46749999999999997,0.0,0.0,0.0,0.0,1.0,35.3,Warning,Normal,Normal
2026-05-22 04:00:00,normal,6.77,24.91,7.9,0.108,0.043,57.41,1.983,983.8,99.0,22.33,89.34,18.0,0.8660254037844386,0.5000000000000001,0.6420547132365637,-0.766658819300159,0.0,0.0,0.0,0.0,0.45749999999999996,0.0,0.0,0.0,0.0,0.9340000000000004,33.1,Warning,Normal,Normal
2026-05-22 05:00:00,normal,6.78,24.86,7.95,0.101,0.059,58.46,1.97,985.1,99.0,22.13,88.05,71.0,0.9659258262890683,0.25881904510252074,0.6420547132365637,-0.766658819300159,0.0,0.0,0.0,0.0,0.4255000000000001,0.0,0.0,0.0,0.0,0.8049999999999997,30.1,Warning,Normal,Normal
2026-05-22 06:00:00,normal,6.8,24.84,7.87,0.12,0.055,57.07,1.969,1006.6,99.0,21.99,90.63,17.0,1.0,6.123233995736766e-17,0.6420547132365637,-0.766658819300159,0.0,0.0,0.0,0.0,0.5330000000000001,0.0,0.0,0.0,0.0,1.0,37.7,Warning,Normal,Normal
2026-05-22 07:00:00,normal,6.79,24.85,7.99,0.251,0.064,58.23,1.97,998.9,99.0,23.2,82.55,2755.0,0.9659258262890683,-0.25881904510252063,0.6420547132365637,-0.766658819300159,0.0,0.0,0.0,0.0,0.4944999999999999,0.0,0.0,0.0,0.0,0.2549999999999997,34.6,Warning,Normal,Normal
2026-05-22 08:00:00,normal,6.8,24.96,7.79,0.226,0.086,57.92,1.981,998.7,99.0,24.19,83.58,9763.0,0.8660254037844387,-0.4999999999999998,0.6420547132365637,-0.766658819300159,0.0,0.0,0.0,0.0,0.4935000000000002,0.0,0.0,0.0,0.0,0.3579999999999998,34.6,Warning,Normal,Normal
2026-05-22 09:00:00,normal,6.79,25.04,7.78,0.188,0.071,57.78,1.978,984.6,99.0,25.95,76.98,16630.0,0.7071067811865476,-0.7071067811865475,0.6420547132365637,-0.766658819300159,0.0,0.0,0.0,0.0,0.4449999999999997,0.0,0.0,0.0,0.0,0.0,31.0,Warning,Normal,Normal
2026-05-22 10:00:00,normal,6.8,25.13,7.62,0.157,0.068,57.76,1.997,994.2,99.0,26.79,76.07,22905.0,0.49999999999999994,-0.8660254037844387,0.6420547132365637,-0.766658819300159,0.0,0.0,0.0,0.0,0.4925,0.0,0.0,0.0,0.0,0.0,34.3,Warning,Normal,Normal
2026-05-22 11:00:00,normal,6.79,25.26,7.51,0.16,0.087,57.86,1.988,1021.8,99.0,27.81,76.54,26098.0,0.258819045102521,-0.9659258262890682,0.6420547132365637,-0.766658819300159,0.0,0.0,0.0,0.0,0.6089999999999998,0.0,0.0,0.0,0.0,0.0,42.5,Warning,Normal,Normal
2026-05-22 12:00:00,normal,6.78,25.39,7.45,0.145,0.068,57.75,1.988,987.8,99.0,28.76,73.95,27817.0,1.2246467991473532e-16,-1.0,0.6420547132365637,-0.766658819300159,0.0,0.0,0.0,0.0,0.4699999999999997,0.0,0.0,0.0,0.0,0.0,32.8,Warning,Normal,Normal
2026-05-22 13:00:00,normal,6.79,25.47,7.4,0.143,0.062,57.24,1.987,1011.5,99.0,28.45,72.68,35376.0,-0.2588190451025208,-0.9659258262890683,0.6420547132365637,-0.766658819300159,0.0,0.0,0.0,0.0,0.5575,0.0,0.0,0.0,0.0,0.0,38.9,Warning,Normal,Normal
2026-05-22 14:00:00,normal,6.8,25.56,7.44,0.116,0.063,57.12,1.997,996.3,99.0,26.77,76.01,29815.0,-0.4999999999999997,-0.8660254037844388,0.6420547132365637,-0.766658819300159,0.0,0.0,0.0,0.0,0.4925,0.0,0.0,0.0,0.0,0.0,34.3,Warning,Normal,Normal
2026-05-22 15:00:00,normal,6.81,25.53,7.48,0.124,0.075,57.43,2.021,1002.2,99.0,25.83,77.52,21355.0,-0.7071067811865471,-0.7071067811865479,0.6420547132365637,-0.766658819300159,0.0,0.0,0.0,0.0,0.5524999999999994,0.0,0.0,0.0,0.0,0.0,38.5,Warning,Normal,Normal
2026-05-22 16:00:00,normal,6.8,25.47,7.61,0.097,0.062,57.67,2.0,1002.9,99.0,24.5,79.72,11599.0,-0.8660254037844385,-0.5000000000000004,0.6420547132365637,-0.766658819300159,0.0,0.0,0.0,0.0,0.5144999999999998,0.0,0.0,0.0,0.0,0.0,35.9,Warning,Normal,Normal
2026-05-22 17:00:00,normal,6.8,25.4,7.71,0.227,0.062,57.69,1.995,1005.1,99.0,23.71,82.06,4680.0,-0.9659258262890683,-0.25881904510252063,0.6420547132365637,-0.766658819300159,0.0,0.0,0.0,0.0,0.5255000000000001,0.0,0.0,0.0,0.0,0.20600000000000024,36.8,Warning,Normal,Normal
2026-05-22 18:00:00,normal,6.82,25.31,7.6,0.185,0.067,57.86,2.0,1001.4,99.0,22.17,83.62,619.0,-1.0,-1.8369701987210297e-16,0.6420547132365637,-0.766658819300159,0.0,0.0,0.0,0.0,0.5069999999999999,0.0,0.0,0.0,0.0,0.36200000000000043,35.6,Warning,Normal,Normal
2026-05-22 19:00:00,normal,6.82,25.29,7.74,0.161,0.071,58.02,2.049,1011.3,99.0,22.52,87.7,43.0,-0.9659258262890684,0.2588190451025203,0.6420547132365637,-0.766658819300159,0.0,0.0,0.0,0.0,0.6224999999999995,0.0,0.0,0.0,0.0,0.7700000000000002,43.8,Warning,Normal,Normal
2026-05-22 20:00:00,normal,6.82,25.24,7.88,0.167,0.065,58.42,2.017,1005.2,99.0,22.58,90.43,43.0,-0.8660254037844386,0.5000000000000001,0.6420547132365637,-0.766658819300159,0.0,0.0,0.0,0.0,0.5424999999999994,0.0,0.0,0.0,0.0,1.0,38.4,Warning,Normal,Normal
2026-05-22 21:00:00,normal,6.83,25.2,7.64,0.143,0.065,58.4,1.971,988.7,99.0,23.53,89.6,90.0,-0.7071067811865477,0.7071067811865474,0.6420547132365637,-0.766658819300159,0.0,0.0,0.0,0.0,0.4435000000000002,0.0,0.0,0.0,0.0,0.9599999999999994,33.9,Warning,Normal,Normal
2026-05-22 22:00:00,normal,6.82,25.14,7.75,0.118,0.064,58.49,1.97,998.7,99.0,22.88,90.15,62.0,-0.5000000000000004,0.8660254037844384,0.6420547132365637,-0.766658819300159,0.0,0.0,0.0,0.0,0.4935000000000002,0.0,0.0,0.0,0.0,1.0,35.4,Warning,Normal,Normal
2026-05-22 23:00:00,normal,6.81,25.08,7.82,0.11,0.056,57.89,2.002,1005.8,99.0,22.91,88.91,55.0,-0.25881904510252157,0.9659258262890681,0.6420547132365637,-0.766658819300159,0.0,0.0,0.0,0.0,0.5289999999999998,0.0,0.0,0.0,0.0,0.8909999999999997,37.4,Warning,Normal,Normal
2026-05-23 00:00:00,normal,6.81,25.04,7.8,0.106,0.058,58.15,1.987,989.6,99.0,22.42,90.15,69.0,0.0,1.0,0.6287628145958344,-0.7775971469736269,0.0,0.0,0.0,0.0,0.46749999999999997,0.0,0.0,0.0,0.0,1.0,35.3,Warning,Normal,Normal
2026-05-23 01:00:00,normal,6.81,25.01,7.81,0.13,0.045,58.89,2.005,996.5,99.0,23.75,88.17,0.0,0.25881904510252074,0.9659258262890683,0.6287628145958344,-0.7775971469736269,0.0,0.0,0.0,0.0,0.5124999999999994,0.0,0.0,0.0,0.0,0.8170000000000002,36.2,Warning,Normal,Normal
2026-05-23 02:00:00,normal,6.82,25.0,7.88,0.085,0.059,58.11,1.989,985.9,99.0,23.03,88.44,63.0,0.49999999999999994,0.8660254037844387,0.6287628145958344,-0.7775971469736269,0.0,0.0,0.0,0.0,0.4725,0.0,0.0,0.0,0.0,0.8439999999999998,33.4,Warning,Normal,Normal
2026-05-23 03:00:00,normal,6.81,24.98,7.87,0.1,0.046,58.21,1.968,988.6,99.0,23.35,85.82,73.0,0.7071067811865476,0.7071067811865476,0.6287628145958344,-0.7775971469736269,0.0,0.0,0.0,0.0,0.4430000000000001,0.0,0.0,0.0,0.0,0.5819999999999993,31.2,Warning,Normal,Normal
2026-05-23 04:00:00,normal,6.82,24.93,7.88,0.116,0.063,58.04,1.98,984.6,99.0,22.44,89.26,20.0,0.8660254037844386,0.5000000000000001,0.6287628145958344,-0.7775971469736269,0.0,0.0,0.0,0.0,0.4499999999999997,0.0,0.0,0.0,0.0,0.9260000000000005,32.8,Warning,Normal,Normal
2026-05-23 05:00:00,normal,6.81,24.87,7.88,0.106,0.058,57.86,1.969,979.1,99.0,22.9,88.23,34.0,0.9659258262890683,0.25881904510252074,0.6287628145958344,-0.7775971469736269,0.0,0.0,0.0,0.0,0.42249999999999993,0.0,0.0,0.0,0.0,0.8230000000000004,29.9,Normal,Normal,Normal
2026-05-23 06:00:00,normal,6.8,24.88,7.83,0.124,0.07,58.52,1.977,1001.5,99.0,22.98,88.27,68.0,1.0,6.123233995736766e-17,0.6287628145958344,-0.7775971469736269,0.0,0.0,0.0,0.0,0.5075,0.0,0.0,0.0,0.0,0.8269999999999996,35.8,Warning,Normal,Normal
2026-05-23 07:00:00,normal,6.78,24.88,7.81,0.237,0.07,58.57,1.984,995.1,99.0,24.3,82.56,4778.0,0.9659258262890683,-0.25881904510252063,0.6287628145958344,-0.7775971469736269,0.0,0.0,0.0,0.0,0.4755000000000001,0.0,0.0,0.0,0.0,0.2560000000000002,33.3,Warning,Normal,Normal
2026-05-23 08:00:00,normal,6.78,24.96,7.73,0.24,0.078,57.53,1.963,988.9,99.0,24.7,81.04,13211.0,0.8660254037844387,-0.4999999999999998,0.6287628145958344,-0.7775971469736269,0.0,0.0,0.0,0.0,0.4444999999999999,0.0,0.0,0.0,0.0,0.10400000000000062,31.1,Warning,Normal,Normal
2026-05-23 09:00:00,normal,6.77,25.05,7.61,0.215,0.072,58.45,1.982,983.4,99.0,26.76,79.03,22035.0,0.7071067811865476,-0.7071067811865475,0.6287628145958344,-0.7775971469736269,0.0,0.0,0.0,0.0,0.4549999999999997,0.0,0.0,0.0,0.0,0.0,31.7,Warning,Normal,Normal
2026-05-23 10:00:00,normal,6.76,25.25,7.43,0.186,0.089,57.54,1.976,998.2,99.0,27.54,74.47,29629.0,0.49999999999999994,-0.8660254037844387,0.6287628145958344,-0.7775971469736269,0.0,0.0,0.0,0.0,0.4910000000000002,0.0,0.0,0.0,0.0,0.0,34.2,Warning,Normal,Normal
2026-05-23 11:00:00,normal,6.76,25.39,7.51,0.146,0.062,57.43,1.998,1012.4,99.0,28.71,72.99,35398.0,0.258819045102521,-0.9659258262890682,0.6287628145958344,-0.7775971469736269,0.0,0.0,0.0,0.0,0.5619999999999998,0.0,0.0,0.0,0.0,0.0,39.2,Warning,Normal,Normal
2026-05-23 12:00:00,normal,6.77,25.55,7.42,0.162,0.061,57.81,2.011,978.2,99.0,28.88,75.73,36457.0,1.2246467991473532e-16,-1.0,0.6287628145958344,-0.7775971469736269,0.0,0.0,0.0,0.0,0.5275,0.0,0.0,0.0,0.0,0.0,36.8,Warning,Normal,Normal
